run_accession	sample_alias	time_min	culture	boundary_1based	position_1based	position_relative_to_rt_start0	region	plus_fragment_depth	plus_depth_per_million_retained_phage_fragments	source_coverage_file
SRR19152335	B_0-1	0	1	10647	10547	-100	terminal_last_100nt	24	7754.442649435	data/processed/p6_rnaseq/runs/SRR19152335/locus_coverage.tsv.gz
SRR19152335	B_0-1	0	1	10647	10548	-99	terminal_last_100nt	24	7754.442649435	data/processed/p6_rnaseq/runs/SRR19152335/locus_coverage.tsv.gz
SRR19152335	B_0-1	0	1	10647	10549	-98	terminal_last_100nt	24	7754.442649435	data/processed/p6_rnaseq/runs/SRR19152335/locus_coverage.tsv.gz
SRR19152335	B_0-1	0	1	10647	10550	-97	terminal_last_100nt	24	7754.442649435	data/processed/p6_rnaseq/runs/SRR19152335/locus_coverage.tsv.gz
SRR19152335	B_0-1	0	1	10647	10551	-96	terminal_last_100nt	24	7754.442649435	data/processed/p6_rnaseq/runs/SRR19152335/locus_coverage.tsv.gz
SRR19152335	B_0-1	0	1	10647	10552	-95	terminal_last_100nt	24	7754.442649435	data/processed/p6_rnaseq/runs/SRR19152335/locus_coverage.tsv.gz
SRR19152335	B_0-1	0	1	10647	10553	-94	terminal_last_100nt	24	7754.442649435	data/processed/p6_rnaseq/runs/SRR19152335/locus_coverage.tsv.gz
SRR19152335	B_0-1	0	1	10647	10554	-93	terminal_last_100nt	24	7754.442649435	data/processed/p6_rnaseq/runs/SRR19152335/locus_coverage.tsv.gz
SRR19152335	B_0-1	0	1	10647	10555	-92	terminal_last_100nt	23	7431.340872375	data/processed/p6_rnaseq/runs/SRR19152335/locus_coverage.tsv.gz
SRR19152335	B_0-1	0	1	10647	10556	-91	terminal_last_100nt	23	7431.340872375	data/processed/p6_rnaseq/runs/SRR19152335/locus_coverage.tsv.gz
SRR19152335	B_0-1	0	1	10647	10557	-90	terminal_last_100nt	23	7431.340872375	data/processed/p6_rnaseq/runs/SRR19152335/locus_coverage.tsv.gz
SRR19152335	B_0-1	0	1	10647	10558	-89	terminal_last_100nt	22	7108.239095315	data/processed/p6_rnaseq/runs/SRR19152335/locus_coverage.tsv.gz
SRR19152335	B_0-1	0	1	10647	10559	-88	terminal_last_100nt	18	5815.831987076	data/processed/p6_rnaseq/runs/SRR19152335/locus_coverage.tsv.gz
SRR19152335	B_0-1	0	1	10647	10560	-87	terminal_last_100nt	15	4846.526655897	data/processed/p6_rnaseq/runs/SRR19152335/locus_coverage.tsv.gz
SRR19152335	B_0-1	0	1	10647	10561	-86	terminal_last_100nt	15	4846.526655897	data/processed/p6_rnaseq/runs/SRR19152335/locus_coverage.tsv.gz
SRR19152335	B_0-1	0	1	10647	10562	-85	terminal_last_100nt	15	4846.526655897	data/processed/p6_rnaseq/runs/SRR19152335/locus_coverage.tsv.gz
SRR19152335	B_0-1	0	1	10647	10563	-84	terminal_last_100nt	15	4846.526655897	data/processed/p6_rnaseq/runs/SRR19152335/locus_coverage.tsv.gz
SRR19152335	B_0-1	0	1	10647	10564	-83	terminal_last_100nt	8	2584.814216478	data/processed/p6_rnaseq/runs/SRR19152335/locus_coverage.tsv.gz
SRR19152335	B_0-1	0	1	10647	10565	-82	terminal_last_100nt	8	2584.814216478	data/processed/p6_rnaseq/runs/SRR19152335/locus_coverage.tsv.gz
SRR19152335	B_0-1	0	1	10647	10566	-81	terminal_last_100nt	1	323.10177706	data/processed/p6_rnaseq/runs/SRR19152335/locus_coverage.tsv.gz
SRR19152335	B_0-1	0	1	10647	10567	-80	terminal_last_100nt	0	0.0	data/processed/p6_rnaseq/runs/SRR19152335/locus_coverage.tsv.gz
SRR19152335	B_0-1	0	1	10647	10568	-79	terminal_last_100nt	0	0.0	data/processed/p6_rnaseq/runs/SRR19152335/locus_coverage.tsv.gz
SRR19152335	B_0-1	0	1	10647	10569	-78	terminal_last_100nt	0	0.0	data/processed/p6_rnaseq/runs/SRR19152335/locus_coverage.tsv.gz
SRR19152335	B_0-1	0	1	10647	10570	-77	terminal_last_100nt	0	0.0	data/processed/p6_rnaseq/runs/SRR19152335/locus_coverage.tsv.gz
SRR19152335	B_0-1	0	1	10647	10571	-76	terminal_last_100nt	0	0.0	data/processed/p6_rnaseq/runs/SRR19152335/locus_coverage.tsv.gz
SRR19152335	B_0-1	0	1	10647	10572	-75	terminal_last_100nt	0	0.0	data/processed/p6_rnaseq/runs/SRR19152335/locus_coverage.tsv.gz
SRR19152335	B_0-1	0	1	10647	10573	-74	terminal_last_100nt	0	0.0	data/processed/p6_rnaseq/runs/SRR19152335/locus_coverage.tsv.gz
SRR19152335	B_0-1	0	1	10647	10574	-73	terminal_last_100nt	0	0.0	data/processed/p6_rnaseq/runs/SRR19152335/locus_coverage.tsv.gz
SRR19152335	B_0-1	0	1	10647	10575	-72	terminal_last_100nt	0	0.0	data/processed/p6_rnaseq/runs/SRR19152335/locus_coverage.tsv.gz
SRR19152335	B_0-1	0	1	10647	10576	-71	terminal_last_100nt	0	0.0	data/processed/p6_rnaseq/runs/SRR19152335/locus_coverage.tsv.gz
SRR19152335	B_0-1	0	1	10647	10577	-70	terminal_last_100nt	0	0.0	data/processed/p6_rnaseq/runs/SRR19152335/locus_coverage.tsv.gz
SRR19152335	B_0-1	0	1	10647	10578	-69	terminal_last_100nt	0	0.0	data/processed/p6_rnaseq/runs/SRR19152335/locus_coverage.tsv.gz
SRR19152335	B_0-1	0	1	10647	10579	-68	terminal_last_100nt	0	0.0	data/processed/p6_rnaseq/runs/SRR19152335/locus_coverage.tsv.gz
SRR19152335	B_0-1	0	1	10647	10580	-67	terminal_last_100nt	0	0.0	data/processed/p6_rnaseq/runs/SRR19152335/locus_coverage.tsv.gz
SRR19152335	B_0-1	0	1	10647	10581	-66	terminal_last_100nt	0	0.0	data/processed/p6_rnaseq/runs/SRR19152335/locus_coverage.tsv.gz
SRR19152335	B_0-1	0	1	10647	10582	-65	terminal_last_100nt	0	0.0	data/processed/p6_rnaseq/runs/SRR19152335/locus_coverage.tsv.gz
SRR19152335	B_0-1	0	1	10647	10583	-64	terminal_last_100nt	0	0.0	data/processed/p6_rnaseq/runs/SRR19152335/locus_coverage.tsv.gz
SRR19152335	B_0-1	0	1	10647	10584	-63	terminal_last_100nt	0	0.0	data/processed/p6_rnaseq/runs/SRR19152335/locus_coverage.tsv.gz
SRR19152335	B_0-1	0	1	10647	10585	-62	terminal_last_100nt	0	0.0	data/processed/p6_rnaseq/runs/SRR19152335/locus_coverage.tsv.gz
SRR19152335	B_0-1	0	1	10647	10586	-61	terminal_last_100nt	0	0.0	data/processed/p6_rnaseq/runs/SRR19152335/locus_coverage.tsv.gz
SRR19152335	B_0-1	0	1	10647	10587	-60	terminal_last_100nt	0	0.0	data/processed/p6_rnaseq/runs/SRR19152335/locus_coverage.tsv.gz
SRR19152335	B_0-1	0	1	10647	10588	-59	terminal_last_100nt	0	0.0	data/processed/p6_rnaseq/runs/SRR19152335/locus_coverage.tsv.gz
SRR19152335	B_0-1	0	1	10647	10589	-58	terminal_last_100nt	0	0.0	data/processed/p6_rnaseq/runs/SRR19152335/locus_coverage.tsv.gz
SRR19152335	B_0-1	0	1	10647	10590	-57	terminal_last_100nt	0	0.0	data/processed/p6_rnaseq/runs/SRR19152335/locus_coverage.tsv.gz
SRR19152335	B_0-1	0	1	10647	10591	-56	terminal_last_100nt	0	0.0	data/processed/p6_rnaseq/runs/SRR19152335/locus_coverage.tsv.gz
SRR19152335	B_0-1	0	1	10647	10592	-55	terminal_last_100nt	0	0.0	data/processed/p6_rnaseq/runs/SRR19152335/locus_coverage.tsv.gz
SRR19152335	B_0-1	0	1	10647	10593	-54	terminal_last_100nt	0	0.0	data/processed/p6_rnaseq/runs/SRR19152335/locus_coverage.tsv.gz
SRR19152335	B_0-1	0	1	10647	10594	-53	terminal_last_100nt	0	0.0	data/processed/p6_rnaseq/runs/SRR19152335/locus_coverage.tsv.gz
SRR19152335	B_0-1	0	1	10647	10595	-52	terminal_last_100nt	0	0.0	data/processed/p6_rnaseq/runs/SRR19152335/locus_coverage.tsv.gz
SRR19152335	B_0-1	0	1	10647	10596	-51	terminal_last_100nt	0	0.0	data/processed/p6_rnaseq/runs/SRR19152335/locus_coverage.tsv.gz
SRR19152335	B_0-1	0	1	10647	10597	-50	terminal_last_100nt	0	0.0	data/processed/p6_rnaseq/runs/SRR19152335/locus_coverage.tsv.gz
SRR19152335	B_0-1	0	1	10647	10598	-49	terminal_last_100nt	0	0.0	data/processed/p6_rnaseq/runs/SRR19152335/locus_coverage.tsv.gz
SRR19152335	B_0-1	0	1	10647	10599	-48	terminal_last_100nt	0	0.0	data/processed/p6_rnaseq/runs/SRR19152335/locus_coverage.tsv.gz
SRR19152335	B_0-1	0	1	10647	10600	-47	terminal_last_100nt	0	0.0	data/processed/p6_rnaseq/runs/SRR19152335/locus_coverage.tsv.gz
SRR19152335	B_0-1	0	1	10647	10601	-46	terminal_last_100nt	0	0.0	data/processed/p6_rnaseq/runs/SRR19152335/locus_coverage.tsv.gz
SRR19152335	B_0-1	0	1	10647	10602	-45	terminal_last_100nt	0	0.0	data/processed/p6_rnaseq/runs/SRR19152335/locus_coverage.tsv.gz
SRR19152335	B_0-1	0	1	10647	10603	-44	terminal_last_100nt	0	0.0	data/processed/p6_rnaseq/runs/SRR19152335/locus_coverage.tsv.gz
SRR19152335	B_0-1	0	1	10647	10604	-43	terminal_last_100nt	0	0.0	data/processed/p6_rnaseq/runs/SRR19152335/locus_coverage.tsv.gz
SRR19152335	B_0-1	0	1	10647	10605	-42	terminal_last_100nt	0	0.0	data/processed/p6_rnaseq/runs/SRR19152335/locus_coverage.tsv.gz
SRR19152335	B_0-1	0	1	10647	10606	-41	terminal_last_100nt	0	0.0	data/processed/p6_rnaseq/runs/SRR19152335/locus_coverage.tsv.gz
SRR19152335	B_0-1	0	1	10647	10607	-40	terminal_last_100nt	0	0.0	data/processed/p6_rnaseq/runs/SRR19152335/locus_coverage.tsv.gz
SRR19152335	B_0-1	0	1	10647	10608	-39	terminal_last_100nt	0	0.0	data/processed/p6_rnaseq/runs/SRR19152335/locus_coverage.tsv.gz
SRR19152335	B_0-1	0	1	10647	10609	-38	terminal_last_100nt	0	0.0	data/processed/p6_rnaseq/runs/SRR19152335/locus_coverage.tsv.gz
SRR19152335	B_0-1	0	1	10647	10610	-37	terminal_last_100nt	0	0.0	data/processed/p6_rnaseq/runs/SRR19152335/locus_coverage.tsv.gz
SRR19152335	B_0-1	0	1	10647	10611	-36	terminal_last_100nt	0	0.0	data/processed/p6_rnaseq/runs/SRR19152335/locus_coverage.tsv.gz
SRR19152335	B_0-1	0	1	10647	10612	-35	terminal_last_100nt	0	0.0	data/processed/p6_rnaseq/runs/SRR19152335/locus_coverage.tsv.gz
SRR19152335	B_0-1	0	1	10647	10613	-34	terminal_last_100nt	0	0.0	data/processed/p6_rnaseq/runs/SRR19152335/locus_coverage.tsv.gz
SRR19152335	B_0-1	0	1	10647	10614	-33	terminal_last_100nt	0	0.0	data/processed/p6_rnaseq/runs/SRR19152335/locus_coverage.tsv.gz
SRR19152335	B_0-1	0	1	10647	10615	-32	terminal_last_100nt	0	0.0	data/processed/p6_rnaseq/runs/SRR19152335/locus_coverage.tsv.gz
SRR19152335	B_0-1	0	1	10647	10616	-31	terminal_last_100nt	0	0.0	data/processed/p6_rnaseq/runs/SRR19152335/locus_coverage.tsv.gz
SRR19152335	B_0-1	0	1	10647	10617	-30	terminal_last_100nt	0	0.0	data/processed/p6_rnaseq/runs/SRR19152335/locus_coverage.tsv.gz
SRR19152335	B_0-1	0	1	10647	10618	-29	terminal_last_100nt	0	0.0	data/processed/p6_rnaseq/runs/SRR19152335/locus_coverage.tsv.gz
SRR19152335	B_0-1	0	1	10647	10619	-28	terminal_last_100nt	0	0.0	data/processed/p6_rnaseq/runs/SRR19152335/locus_coverage.tsv.gz
SRR19152335	B_0-1	0	1	10647	10620	-27	terminal_last_100nt	0	0.0	data/processed/p6_rnaseq/runs/SRR19152335/locus_coverage.tsv.gz
SRR19152335	B_0-1	0	1	10647	10621	-26	terminal_last_100nt	0	0.0	data/processed/p6_rnaseq/runs/SRR19152335/locus_coverage.tsv.gz
SRR19152335	B_0-1	0	1	10647	10622	-25	terminal_last_100nt	0	0.0	data/processed/p6_rnaseq/runs/SRR19152335/locus_coverage.tsv.gz
SRR19152335	B_0-1	0	1	10647	10623	-24	terminal_last_100nt	0	0.0	data/processed/p6_rnaseq/runs/SRR19152335/locus_coverage.tsv.gz
SRR19152335	B_0-1	0	1	10647	10624	-23	terminal_last_100nt	0	0.0	data/processed/p6_rnaseq/runs/SRR19152335/locus_coverage.tsv.gz
SRR19152335	B_0-1	0	1	10647	10625	-22	terminal_last_100nt	0	0.0	data/processed/p6_rnaseq/runs/SRR19152335/locus_coverage.tsv.gz
SRR19152335	B_0-1	0	1	10647	10626	-21	terminal_last_100nt	0	0.0	data/processed/p6_rnaseq/runs/SRR19152335/locus_coverage.tsv.gz
SRR19152335	B_0-1	0	1	10647	10627	-20	terminal_last_100nt	0	0.0	data/processed/p6_rnaseq/runs/SRR19152335/locus_coverage.tsv.gz
SRR19152335	B_0-1	0	1	10647	10628	-19	terminal_last_100nt	0	0.0	data/processed/p6_rnaseq/runs/SRR19152335/locus_coverage.tsv.gz
SRR19152335	B_0-1	0	1	10647	10629	-18	terminal_last_100nt	0	0.0	data/processed/p6_rnaseq/runs/SRR19152335/locus_coverage.tsv.gz
SRR19152335	B_0-1	0	1	10647	10630	-17	terminal_last_100nt	0	0.0	data/processed/p6_rnaseq/runs/SRR19152335/locus_coverage.tsv.gz
SRR19152335	B_0-1	0	1	10647	10631	-16	terminal_last_100nt	0	0.0	data/processed/p6_rnaseq/runs/SRR19152335/locus_coverage.tsv.gz
SRR19152335	B_0-1	0	1	10647	10632	-15	terminal_last_100nt	0	0.0	data/processed/p6_rnaseq/runs/SRR19152335/locus_coverage.tsv.gz
SRR19152335	B_0-1	0	1	10647	10633	-14	terminal_last_100nt	0	0.0	data/processed/p6_rnaseq/runs/SRR19152335/locus_coverage.tsv.gz
SRR19152335	B_0-1	0	1	10647	10634	-13	terminal_last_100nt	0	0.0	data/processed/p6_rnaseq/runs/SRR19152335/locus_coverage.tsv.gz
SRR19152335	B_0-1	0	1	10647	10635	-12	terminal_last_100nt	0	0.0	data/processed/p6_rnaseq/runs/SRR19152335/locus_coverage.tsv.gz
SRR19152335	B_0-1	0	1	10647	10636	-11	terminal_last_100nt	0	0.0	data/processed/p6_rnaseq/runs/SRR19152335/locus_coverage.tsv.gz
SRR19152335	B_0-1	0	1	10647	10637	-10	terminal_last_100nt	0	0.0	data/processed/p6_rnaseq/runs/SRR19152335/locus_coverage.tsv.gz
SRR19152335	B_0-1	0	1	10647	10638	-9	terminal_last_100nt	0	0.0	data/processed/p6_rnaseq/runs/SRR19152335/locus_coverage.tsv.gz
SRR19152335	B_0-1	0	1	10647	10639	-8	terminal_last_100nt	0	0.0	data/processed/p6_rnaseq/runs/SRR19152335/locus_coverage.tsv.gz
SRR19152335	B_0-1	0	1	10647	10640	-7	terminal_last_100nt	0	0.0	data/processed/p6_rnaseq/runs/SRR19152335/locus_coverage.tsv.gz
SRR19152335	B_0-1	0	1	10647	10641	-6	terminal_last_100nt	0	0.0	data/processed/p6_rnaseq/runs/SRR19152335/locus_coverage.tsv.gz
SRR19152335	B_0-1	0	1	10647	10642	-5	terminal_last_100nt	0	0.0	data/processed/p6_rnaseq/runs/SRR19152335/locus_coverage.tsv.gz
SRR19152335	B_0-1	0	1	10647	10643	-4	terminal_last_100nt	0	0.0	data/processed/p6_rnaseq/runs/SRR19152335/locus_coverage.tsv.gz
SRR19152335	B_0-1	0	1	10647	10644	-3	terminal_last_100nt	0	0.0	data/processed/p6_rnaseq/runs/SRR19152335/locus_coverage.tsv.gz
SRR19152335	B_0-1	0	1	10647	10645	-2	terminal_last_100nt	0	0.0	data/processed/p6_rnaseq/runs/SRR19152335/locus_coverage.tsv.gz
SRR19152335	B_0-1	0	1	10647	10646	-1	terminal_last_100nt	0	0.0	data/processed/p6_rnaseq/runs/SRR19152335/locus_coverage.tsv.gz
SRR19152335	B_0-1	0	1	10647	10647	0	RT_first_100nt	0	0.0	data/processed/p6_rnaseq/runs/SRR19152335/locus_coverage.tsv.gz
SRR19152335	B_0-1	0	1	10647	10648	1	RT_first_100nt	0	0.0	data/processed/p6_rnaseq/runs/SRR19152335/locus_coverage.tsv.gz
SRR19152335	B_0-1	0	1	10647	10649	2	RT_first_100nt	0	0.0	data/processed/p6_rnaseq/runs/SRR19152335/locus_coverage.tsv.gz
SRR19152335	B_0-1	0	1	10647	10650	3	RT_first_100nt	0	0.0	data/processed/p6_rnaseq/runs/SRR19152335/locus_coverage.tsv.gz
SRR19152335	B_0-1	0	1	10647	10651	4	RT_first_100nt	0	0.0	data/processed/p6_rnaseq/runs/SRR19152335/locus_coverage.tsv.gz
SRR19152335	B_0-1	0	1	10647	10652	5	RT_first_100nt	0	0.0	data/processed/p6_rnaseq/runs/SRR19152335/locus_coverage.tsv.gz
SRR19152335	B_0-1	0	1	10647	10653	6	RT_first_100nt	0	0.0	data/processed/p6_rnaseq/runs/SRR19152335/locus_coverage.tsv.gz
SRR19152335	B_0-1	0	1	10647	10654	7	RT_first_100nt	0	0.0	data/processed/p6_rnaseq/runs/SRR19152335/locus_coverage.tsv.gz
SRR19152335	B_0-1	0	1	10647	10655	8	RT_first_100nt	0	0.0	data/processed/p6_rnaseq/runs/SRR19152335/locus_coverage.tsv.gz
SRR19152335	B_0-1	0	1	10647	10656	9	RT_first_100nt	0	0.0	data/processed/p6_rnaseq/runs/SRR19152335/locus_coverage.tsv.gz
SRR19152335	B_0-1	0	1	10647	10657	10	RT_first_100nt	0	0.0	data/processed/p6_rnaseq/runs/SRR19152335/locus_coverage.tsv.gz
SRR19152335	B_0-1	0	1	10647	10658	11	RT_first_100nt	0	0.0	data/processed/p6_rnaseq/runs/SRR19152335/locus_coverage.tsv.gz
SRR19152335	B_0-1	0	1	10647	10659	12	RT_first_100nt	0	0.0	data/processed/p6_rnaseq/runs/SRR19152335/locus_coverage.tsv.gz
SRR19152335	B_0-1	0	1	10647	10660	13	RT_first_100nt	0	0.0	data/processed/p6_rnaseq/runs/SRR19152335/locus_coverage.tsv.gz
SRR19152335	B_0-1	0	1	10647	10661	14	RT_first_100nt	0	0.0	data/processed/p6_rnaseq/runs/SRR19152335/locus_coverage.tsv.gz
SRR19152335	B_0-1	0	1	10647	10662	15	RT_first_100nt	0	0.0	data/processed/p6_rnaseq/runs/SRR19152335/locus_coverage.tsv.gz
SRR19152335	B_0-1	0	1	10647	10663	16	RT_first_100nt	0	0.0	data/processed/p6_rnaseq/runs/SRR19152335/locus_coverage.tsv.gz
SRR19152335	B_0-1	0	1	10647	10664	17	RT_first_100nt	0	0.0	data/processed/p6_rnaseq/runs/SRR19152335/locus_coverage.tsv.gz
SRR19152335	B_0-1	0	1	10647	10665	18	RT_first_100nt	0	0.0	data/processed/p6_rnaseq/runs/SRR19152335/locus_coverage.tsv.gz
SRR19152335	B_0-1	0	1	10647	10666	19	RT_first_100nt	0	0.0	data/processed/p6_rnaseq/runs/SRR19152335/locus_coverage.tsv.gz
SRR19152335	B_0-1	0	1	10647	10667	20	RT_first_100nt	0	0.0	data/processed/p6_rnaseq/runs/SRR19152335/locus_coverage.tsv.gz
SRR19152335	B_0-1	0	1	10647	10668	21	RT_first_100nt	0	0.0	data/processed/p6_rnaseq/runs/SRR19152335/locus_coverage.tsv.gz
SRR19152335	B_0-1	0	1	10647	10669	22	RT_first_100nt	0	0.0	data/processed/p6_rnaseq/runs/SRR19152335/locus_coverage.tsv.gz
SRR19152335	B_0-1	0	1	10647	10670	23	RT_first_100nt	0	0.0	data/processed/p6_rnaseq/runs/SRR19152335/locus_coverage.tsv.gz
SRR19152335	B_0-1	0	1	10647	10671	24	RT_first_100nt	0	0.0	data/processed/p6_rnaseq/runs/SRR19152335/locus_coverage.tsv.gz
SRR19152335	B_0-1	0	1	10647	10672	25	RT_first_100nt	0	0.0	data/processed/p6_rnaseq/runs/SRR19152335/locus_coverage.tsv.gz
SRR19152335	B_0-1	0	1	10647	10673	26	RT_first_100nt	0	0.0	data/processed/p6_rnaseq/runs/SRR19152335/locus_coverage.tsv.gz
SRR19152335	B_0-1	0	1	10647	10674	27	RT_first_100nt	0	0.0	data/processed/p6_rnaseq/runs/SRR19152335/locus_coverage.tsv.gz
SRR19152335	B_0-1	0	1	10647	10675	28	RT_first_100nt	0	0.0	data/processed/p6_rnaseq/runs/SRR19152335/locus_coverage.tsv.gz
SRR19152335	B_0-1	0	1	10647	10676	29	RT_first_100nt	0	0.0	data/processed/p6_rnaseq/runs/SRR19152335/locus_coverage.tsv.gz
SRR19152335	B_0-1	0	1	10647	10677	30	RT_first_100nt	0	0.0	data/processed/p6_rnaseq/runs/SRR19152335/locus_coverage.tsv.gz
SRR19152335	B_0-1	0	1	10647	10678	31	RT_first_100nt	0	0.0	data/processed/p6_rnaseq/runs/SRR19152335/locus_coverage.tsv.gz
SRR19152335	B_0-1	0	1	10647	10679	32	RT_first_100nt	0	0.0	data/processed/p6_rnaseq/runs/SRR19152335/locus_coverage.tsv.gz
SRR19152335	B_0-1	0	1	10647	10680	33	RT_first_100nt	0	0.0	data/processed/p6_rnaseq/runs/SRR19152335/locus_coverage.tsv.gz
SRR19152335	B_0-1	0	1	10647	10681	34	RT_first_100nt	0	0.0	data/processed/p6_rnaseq/runs/SRR19152335/locus_coverage.tsv.gz
SRR19152335	B_0-1	0	1	10647	10682	35	RT_first_100nt	0	0.0	data/processed/p6_rnaseq/runs/SRR19152335/locus_coverage.tsv.gz
SRR19152335	B_0-1	0	1	10647	10683	36	RT_first_100nt	0	0.0	data/processed/p6_rnaseq/runs/SRR19152335/locus_coverage.tsv.gz
SRR19152335	B_0-1	0	1	10647	10684	37	RT_first_100nt	0	0.0	data/processed/p6_rnaseq/runs/SRR19152335/locus_coverage.tsv.gz
SRR19152335	B_0-1	0	1	10647	10685	38	RT_first_100nt	0	0.0	data/processed/p6_rnaseq/runs/SRR19152335/locus_coverage.tsv.gz
SRR19152335	B_0-1	0	1	10647	10686	39	RT_first_100nt	0	0.0	data/processed/p6_rnaseq/runs/SRR19152335/locus_coverage.tsv.gz
SRR19152335	B_0-1	0	1	10647	10687	40	RT_first_100nt	0	0.0	data/processed/p6_rnaseq/runs/SRR19152335/locus_coverage.tsv.gz
SRR19152335	B_0-1	0	1	10647	10688	41	RT_first_100nt	0	0.0	data/processed/p6_rnaseq/runs/SRR19152335/locus_coverage.tsv.gz
SRR19152335	B_0-1	0	1	10647	10689	42	RT_first_100nt	0	0.0	data/processed/p6_rnaseq/runs/SRR19152335/locus_coverage.tsv.gz
SRR19152335	B_0-1	0	1	10647	10690	43	RT_first_100nt	0	0.0	data/processed/p6_rnaseq/runs/SRR19152335/locus_coverage.tsv.gz
SRR19152335	B_0-1	0	1	10647	10691	44	RT_first_100nt	0	0.0	data/processed/p6_rnaseq/runs/SRR19152335/locus_coverage.tsv.gz
SRR19152335	B_0-1	0	1	10647	10692	45	RT_first_100nt	0	0.0	data/processed/p6_rnaseq/runs/SRR19152335/locus_coverage.tsv.gz
SRR19152335	B_0-1	0	1	10647	10693	46	RT_first_100nt	0	0.0	data/processed/p6_rnaseq/runs/SRR19152335/locus_coverage.tsv.gz
SRR19152335	B_0-1	0	1	10647	10694	47	RT_first_100nt	0	0.0	data/processed/p6_rnaseq/runs/SRR19152335/locus_coverage.tsv.gz
SRR19152335	B_0-1	0	1	10647	10695	48	RT_first_100nt	0	0.0	data/processed/p6_rnaseq/runs/SRR19152335/locus_coverage.tsv.gz
SRR19152335	B_0-1	0	1	10647	10696	49	RT_first_100nt	0	0.0	data/processed/p6_rnaseq/runs/SRR19152335/locus_coverage.tsv.gz
SRR19152335	B_0-1	0	1	10647	10697	50	RT_first_100nt	0	0.0	data/processed/p6_rnaseq/runs/SRR19152335/locus_coverage.tsv.gz
SRR19152335	B_0-1	0	1	10647	10698	51	RT_first_100nt	0	0.0	data/processed/p6_rnaseq/runs/SRR19152335/locus_coverage.tsv.gz
SRR19152335	B_0-1	0	1	10647	10699	52	RT_first_100nt	0	0.0	data/processed/p6_rnaseq/runs/SRR19152335/locus_coverage.tsv.gz
SRR19152335	B_0-1	0	1	10647	10700	53	RT_first_100nt	0	0.0	data/processed/p6_rnaseq/runs/SRR19152335/locus_coverage.tsv.gz
SRR19152335	B_0-1	0	1	10647	10701	54	RT_first_100nt	0	0.0	data/processed/p6_rnaseq/runs/SRR19152335/locus_coverage.tsv.gz
SRR19152335	B_0-1	0	1	10647	10702	55	RT_first_100nt	0	0.0	data/processed/p6_rnaseq/runs/SRR19152335/locus_coverage.tsv.gz
SRR19152335	B_0-1	0	1	10647	10703	56	RT_first_100nt	0	0.0	data/processed/p6_rnaseq/runs/SRR19152335/locus_coverage.tsv.gz
SRR19152335	B_0-1	0	1	10647	10704	57	RT_first_100nt	0	0.0	data/processed/p6_rnaseq/runs/SRR19152335/locus_coverage.tsv.gz
SRR19152335	B_0-1	0	1	10647	10705	58	RT_first_100nt	0	0.0	data/processed/p6_rnaseq/runs/SRR19152335/locus_coverage.tsv.gz
SRR19152335	B_0-1	0	1	10647	10706	59	RT_first_100nt	0	0.0	data/processed/p6_rnaseq/runs/SRR19152335/locus_coverage.tsv.gz
SRR19152335	B_0-1	0	1	10647	10707	60	RT_first_100nt	0	0.0	data/processed/p6_rnaseq/runs/SRR19152335/locus_coverage.tsv.gz
SRR19152335	B_0-1	0	1	10647	10708	61	RT_first_100nt	0	0.0	data/processed/p6_rnaseq/runs/SRR19152335/locus_coverage.tsv.gz
SRR19152335	B_0-1	0	1	10647	10709	62	RT_first_100nt	0	0.0	data/processed/p6_rnaseq/runs/SRR19152335/locus_coverage.tsv.gz
SRR19152335	B_0-1	0	1	10647	10710	63	RT_first_100nt	0	0.0	data/processed/p6_rnaseq/runs/SRR19152335/locus_coverage.tsv.gz
SRR19152335	B_0-1	0	1	10647	10711	64	RT_first_100nt	0	0.0	data/processed/p6_rnaseq/runs/SRR19152335/locus_coverage.tsv.gz
SRR19152335	B_0-1	0	1	10647	10712	65	RT_first_100nt	0	0.0	data/processed/p6_rnaseq/runs/SRR19152335/locus_coverage.tsv.gz
SRR19152335	B_0-1	0	1	10647	10713	66	RT_first_100nt	0	0.0	data/processed/p6_rnaseq/runs/SRR19152335/locus_coverage.tsv.gz
SRR19152335	B_0-1	0	1	10647	10714	67	RT_first_100nt	0	0.0	data/processed/p6_rnaseq/runs/SRR19152335/locus_coverage.tsv.gz
SRR19152335	B_0-1	0	1	10647	10715	68	RT_first_100nt	0	0.0	data/processed/p6_rnaseq/runs/SRR19152335/locus_coverage.tsv.gz
SRR19152335	B_0-1	0	1	10647	10716	69	RT_first_100nt	0	0.0	data/processed/p6_rnaseq/runs/SRR19152335/locus_coverage.tsv.gz
SRR19152335	B_0-1	0	1	10647	10717	70	RT_first_100nt	0	0.0	data/processed/p6_rnaseq/runs/SRR19152335/locus_coverage.tsv.gz
SRR19152335	B_0-1	0	1	10647	10718	71	RT_first_100nt	0	0.0	data/processed/p6_rnaseq/runs/SRR19152335/locus_coverage.tsv.gz
SRR19152335	B_0-1	0	1	10647	10719	72	RT_first_100nt	0	0.0	data/processed/p6_rnaseq/runs/SRR19152335/locus_coverage.tsv.gz
SRR19152335	B_0-1	0	1	10647	10720	73	RT_first_100nt	0	0.0	data/processed/p6_rnaseq/runs/SRR19152335/locus_coverage.tsv.gz
SRR19152335	B_0-1	0	1	10647	10721	74	RT_first_100nt	0	0.0	data/processed/p6_rnaseq/runs/SRR19152335/locus_coverage.tsv.gz
SRR19152335	B_0-1	0	1	10647	10722	75	RT_first_100nt	0	0.0	data/processed/p6_rnaseq/runs/SRR19152335/locus_coverage.tsv.gz
SRR19152335	B_0-1	0	1	10647	10723	76	RT_first_100nt	0	0.0	data/processed/p6_rnaseq/runs/SRR19152335/locus_coverage.tsv.gz
SRR19152335	B_0-1	0	1	10647	10724	77	RT_first_100nt	0	0.0	data/processed/p6_rnaseq/runs/SRR19152335/locus_coverage.tsv.gz
SRR19152335	B_0-1	0	1	10647	10725	78	RT_first_100nt	0	0.0	data/processed/p6_rnaseq/runs/SRR19152335/locus_coverage.tsv.gz
SRR19152335	B_0-1	0	1	10647	10726	79	RT_first_100nt	0	0.0	data/processed/p6_rnaseq/runs/SRR19152335/locus_coverage.tsv.gz
SRR19152335	B_0-1	0	1	10647	10727	80	RT_first_100nt	0	0.0	data/processed/p6_rnaseq/runs/SRR19152335/locus_coverage.tsv.gz
SRR19152335	B_0-1	0	1	10647	10728	81	RT_first_100nt	0	0.0	data/processed/p6_rnaseq/runs/SRR19152335/locus_coverage.tsv.gz
SRR19152335	B_0-1	0	1	10647	10729	82	RT_first_100nt	0	0.0	data/processed/p6_rnaseq/runs/SRR19152335/locus_coverage.tsv.gz
SRR19152335	B_0-1	0	1	10647	10730	83	RT_first_100nt	0	0.0	data/processed/p6_rnaseq/runs/SRR19152335/locus_coverage.tsv.gz
SRR19152335	B_0-1	0	1	10647	10731	84	RT_first_100nt	0	0.0	data/processed/p6_rnaseq/runs/SRR19152335/locus_coverage.tsv.gz
SRR19152335	B_0-1	0	1	10647	10732	85	RT_first_100nt	0	0.0	data/processed/p6_rnaseq/runs/SRR19152335/locus_coverage.tsv.gz
SRR19152335	B_0-1	0	1	10647	10733	86	RT_first_100nt	0	0.0	data/processed/p6_rnaseq/runs/SRR19152335/locus_coverage.tsv.gz
SRR19152335	B_0-1	0	1	10647	10734	87	RT_first_100nt	0	0.0	data/processed/p6_rnaseq/runs/SRR19152335/locus_coverage.tsv.gz
SRR19152335	B_0-1	0	1	10647	10735	88	RT_first_100nt	0	0.0	data/processed/p6_rnaseq/runs/SRR19152335/locus_coverage.tsv.gz
SRR19152335	B_0-1	0	1	10647	10736	89	RT_first_100nt	0	0.0	data/processed/p6_rnaseq/runs/SRR19152335/locus_coverage.tsv.gz
SRR19152335	B_0-1	0	1	10647	10737	90	RT_first_100nt	0	0.0	data/processed/p6_rnaseq/runs/SRR19152335/locus_coverage.tsv.gz
SRR19152335	B_0-1	0	1	10647	10738	91	RT_first_100nt	0	0.0	data/processed/p6_rnaseq/runs/SRR19152335/locus_coverage.tsv.gz
SRR19152335	B_0-1	0	1	10647	10739	92	RT_first_100nt	0	0.0	data/processed/p6_rnaseq/runs/SRR19152335/locus_coverage.tsv.gz
SRR19152335	B_0-1	0	1	10647	10740	93	RT_first_100nt	0	0.0	data/processed/p6_rnaseq/runs/SRR19152335/locus_coverage.tsv.gz
SRR19152335	B_0-1	0	1	10647	10741	94	RT_first_100nt	0	0.0	data/processed/p6_rnaseq/runs/SRR19152335/locus_coverage.tsv.gz
SRR19152335	B_0-1	0	1	10647	10742	95	RT_first_100nt	0	0.0	data/processed/p6_rnaseq/runs/SRR19152335/locus_coverage.tsv.gz
SRR19152335	B_0-1	0	1	10647	10743	96	RT_first_100nt	0	0.0	data/processed/p6_rnaseq/runs/SRR19152335/locus_coverage.tsv.gz
SRR19152335	B_0-1	0	1	10647	10744	97	RT_first_100nt	0	0.0	data/processed/p6_rnaseq/runs/SRR19152335/locus_coverage.tsv.gz
SRR19152335	B_0-1	0	1	10647	10745	98	RT_first_100nt	0	0.0	data/processed/p6_rnaseq/runs/SRR19152335/locus_coverage.tsv.gz
SRR19152335	B_0-1	0	1	10647	10746	99	RT_first_100nt	0	0.0	data/processed/p6_rnaseq/runs/SRR19152335/locus_coverage.tsv.gz
SRR19152334	B_0-2	0	2	10647	10547	-100	terminal_last_100nt	25	24061.597690087	data/processed/p6_rnaseq/runs/SRR19152334/locus_coverage.tsv.gz
SRR19152334	B_0-2	0	2	10647	10548	-99	terminal_last_100nt	25	24061.597690087	data/processed/p6_rnaseq/runs/SRR19152334/locus_coverage.tsv.gz
SRR19152334	B_0-2	0	2	10647	10549	-98	terminal_last_100nt	25	24061.597690087	data/processed/p6_rnaseq/runs/SRR19152334/locus_coverage.tsv.gz
SRR19152334	B_0-2	0	2	10647	10550	-97	terminal_last_100nt	25	24061.597690087	data/processed/p6_rnaseq/runs/SRR19152334/locus_coverage.tsv.gz
SRR19152334	B_0-2	0	2	10647	10551	-96	terminal_last_100nt	25	24061.597690087	data/processed/p6_rnaseq/runs/SRR19152334/locus_coverage.tsv.gz
SRR19152334	B_0-2	0	2	10647	10552	-95	terminal_last_100nt	25	24061.597690087	data/processed/p6_rnaseq/runs/SRR19152334/locus_coverage.tsv.gz
SRR19152334	B_0-2	0	2	10647	10553	-94	terminal_last_100nt	25	24061.597690087	data/processed/p6_rnaseq/runs/SRR19152334/locus_coverage.tsv.gz
SRR19152334	B_0-2	0	2	10647	10554	-93	terminal_last_100nt	25	24061.597690087	data/processed/p6_rnaseq/runs/SRR19152334/locus_coverage.tsv.gz
SRR19152334	B_0-2	0	2	10647	10555	-92	terminal_last_100nt	25	24061.597690087	data/processed/p6_rnaseq/runs/SRR19152334/locus_coverage.tsv.gz
SRR19152334	B_0-2	0	2	10647	10556	-91	terminal_last_100nt	25	24061.597690087	data/processed/p6_rnaseq/runs/SRR19152334/locus_coverage.tsv.gz
SRR19152334	B_0-2	0	2	10647	10557	-90	terminal_last_100nt	25	24061.597690087	data/processed/p6_rnaseq/runs/SRR19152334/locus_coverage.tsv.gz
SRR19152334	B_0-2	0	2	10647	10558	-89	terminal_last_100nt	25	24061.597690087	data/processed/p6_rnaseq/runs/SRR19152334/locus_coverage.tsv.gz
SRR19152334	B_0-2	0	2	10647	10559	-88	terminal_last_100nt	20	19249.278152069	data/processed/p6_rnaseq/runs/SRR19152334/locus_coverage.tsv.gz
SRR19152334	B_0-2	0	2	10647	10560	-87	terminal_last_100nt	20	19249.278152069	data/processed/p6_rnaseq/runs/SRR19152334/locus_coverage.tsv.gz
SRR19152334	B_0-2	0	2	10647	10561	-86	terminal_last_100nt	20	19249.278152069	data/processed/p6_rnaseq/runs/SRR19152334/locus_coverage.tsv.gz
SRR19152334	B_0-2	0	2	10647	10562	-85	terminal_last_100nt	16	15399.422521655	data/processed/p6_rnaseq/runs/SRR19152334/locus_coverage.tsv.gz
SRR19152334	B_0-2	0	2	10647	10563	-84	terminal_last_100nt	16	15399.422521655	data/processed/p6_rnaseq/runs/SRR19152334/locus_coverage.tsv.gz
SRR19152334	B_0-2	0	2	10647	10564	-83	terminal_last_100nt	13	12512.030798845	data/processed/p6_rnaseq/runs/SRR19152334/locus_coverage.tsv.gz
SRR19152334	B_0-2	0	2	10647	10565	-82	terminal_last_100nt	13	12512.030798845	data/processed/p6_rnaseq/runs/SRR19152334/locus_coverage.tsv.gz
SRR19152334	B_0-2	0	2	10647	10566	-81	terminal_last_100nt	2	1924.927815207	data/processed/p6_rnaseq/runs/SRR19152334/locus_coverage.tsv.gz
SRR19152334	B_0-2	0	2	10647	10567	-80	terminal_last_100nt	1	962.463907603	data/processed/p6_rnaseq/runs/SRR19152334/locus_coverage.tsv.gz
SRR19152334	B_0-2	0	2	10647	10568	-79	terminal_last_100nt	1	962.463907603	data/processed/p6_rnaseq/runs/SRR19152334/locus_coverage.tsv.gz
SRR19152334	B_0-2	0	2	10647	10569	-78	terminal_last_100nt	1	962.463907603	data/processed/p6_rnaseq/runs/SRR19152334/locus_coverage.tsv.gz
SRR19152334	B_0-2	0	2	10647	10570	-77	terminal_last_100nt	1	962.463907603	data/processed/p6_rnaseq/runs/SRR19152334/locus_coverage.tsv.gz
SRR19152334	B_0-2	0	2	10647	10571	-76	terminal_last_100nt	1	962.463907603	data/processed/p6_rnaseq/runs/SRR19152334/locus_coverage.tsv.gz
SRR19152334	B_0-2	0	2	10647	10572	-75	terminal_last_100nt	1	962.463907603	data/processed/p6_rnaseq/runs/SRR19152334/locus_coverage.tsv.gz
SRR19152334	B_0-2	0	2	10647	10573	-74	terminal_last_100nt	1	962.463907603	data/processed/p6_rnaseq/runs/SRR19152334/locus_coverage.tsv.gz
SRR19152334	B_0-2	0	2	10647	10574	-73	terminal_last_100nt	1	962.463907603	data/processed/p6_rnaseq/runs/SRR19152334/locus_coverage.tsv.gz
SRR19152334	B_0-2	0	2	10647	10575	-72	terminal_last_100nt	1	962.463907603	data/processed/p6_rnaseq/runs/SRR19152334/locus_coverage.tsv.gz
SRR19152334	B_0-2	0	2	10647	10576	-71	terminal_last_100nt	1	962.463907603	data/processed/p6_rnaseq/runs/SRR19152334/locus_coverage.tsv.gz
SRR19152334	B_0-2	0	2	10647	10577	-70	terminal_last_100nt	1	962.463907603	data/processed/p6_rnaseq/runs/SRR19152334/locus_coverage.tsv.gz
SRR19152334	B_0-2	0	2	10647	10578	-69	terminal_last_100nt	1	962.463907603	data/processed/p6_rnaseq/runs/SRR19152334/locus_coverage.tsv.gz
SRR19152334	B_0-2	0	2	10647	10579	-68	terminal_last_100nt	1	962.463907603	data/processed/p6_rnaseq/runs/SRR19152334/locus_coverage.tsv.gz
SRR19152334	B_0-2	0	2	10647	10580	-67	terminal_last_100nt	1	962.463907603	data/processed/p6_rnaseq/runs/SRR19152334/locus_coverage.tsv.gz
SRR19152334	B_0-2	0	2	10647	10581	-66	terminal_last_100nt	1	962.463907603	data/processed/p6_rnaseq/runs/SRR19152334/locus_coverage.tsv.gz
SRR19152334	B_0-2	0	2	10647	10582	-65	terminal_last_100nt	1	962.463907603	data/processed/p6_rnaseq/runs/SRR19152334/locus_coverage.tsv.gz
SRR19152334	B_0-2	0	2	10647	10583	-64	terminal_last_100nt	1	962.463907603	data/processed/p6_rnaseq/runs/SRR19152334/locus_coverage.tsv.gz
SRR19152334	B_0-2	0	2	10647	10584	-63	terminal_last_100nt	1	962.463907603	data/processed/p6_rnaseq/runs/SRR19152334/locus_coverage.tsv.gz
SRR19152334	B_0-2	0	2	10647	10585	-62	terminal_last_100nt	1	962.463907603	data/processed/p6_rnaseq/runs/SRR19152334/locus_coverage.tsv.gz
SRR19152334	B_0-2	0	2	10647	10586	-61	terminal_last_100nt	1	962.463907603	data/processed/p6_rnaseq/runs/SRR19152334/locus_coverage.tsv.gz
SRR19152334	B_0-2	0	2	10647	10587	-60	terminal_last_100nt	1	962.463907603	data/processed/p6_rnaseq/runs/SRR19152334/locus_coverage.tsv.gz
SRR19152334	B_0-2	0	2	10647	10588	-59	terminal_last_100nt	1	962.463907603	data/processed/p6_rnaseq/runs/SRR19152334/locus_coverage.tsv.gz
SRR19152334	B_0-2	0	2	10647	10589	-58	terminal_last_100nt	1	962.463907603	data/processed/p6_rnaseq/runs/SRR19152334/locus_coverage.tsv.gz
SRR19152334	B_0-2	0	2	10647	10590	-57	terminal_last_100nt	1	962.463907603	data/processed/p6_rnaseq/runs/SRR19152334/locus_coverage.tsv.gz
SRR19152334	B_0-2	0	2	10647	10591	-56	terminal_last_100nt	1	962.463907603	data/processed/p6_rnaseq/runs/SRR19152334/locus_coverage.tsv.gz
SRR19152334	B_0-2	0	2	10647	10592	-55	terminal_last_100nt	1	962.463907603	data/processed/p6_rnaseq/runs/SRR19152334/locus_coverage.tsv.gz
SRR19152334	B_0-2	0	2	10647	10593	-54	terminal_last_100nt	1	962.463907603	data/processed/p6_rnaseq/runs/SRR19152334/locus_coverage.tsv.gz
SRR19152334	B_0-2	0	2	10647	10594	-53	terminal_last_100nt	1	962.463907603	data/processed/p6_rnaseq/runs/SRR19152334/locus_coverage.tsv.gz
SRR19152334	B_0-2	0	2	10647	10595	-52	terminal_last_100nt	1	962.463907603	data/processed/p6_rnaseq/runs/SRR19152334/locus_coverage.tsv.gz
SRR19152334	B_0-2	0	2	10647	10596	-51	terminal_last_100nt	1	962.463907603	data/processed/p6_rnaseq/runs/SRR19152334/locus_coverage.tsv.gz
SRR19152334	B_0-2	0	2	10647	10597	-50	terminal_last_100nt	1	962.463907603	data/processed/p6_rnaseq/runs/SRR19152334/locus_coverage.tsv.gz
SRR19152334	B_0-2	0	2	10647	10598	-49	terminal_last_100nt	1	962.463907603	data/processed/p6_rnaseq/runs/SRR19152334/locus_coverage.tsv.gz
SRR19152334	B_0-2	0	2	10647	10599	-48	terminal_last_100nt	1	962.463907603	data/processed/p6_rnaseq/runs/SRR19152334/locus_coverage.tsv.gz
SRR19152334	B_0-2	0	2	10647	10600	-47	terminal_last_100nt	1	962.463907603	data/processed/p6_rnaseq/runs/SRR19152334/locus_coverage.tsv.gz
SRR19152334	B_0-2	0	2	10647	10601	-46	terminal_last_100nt	1	962.463907603	data/processed/p6_rnaseq/runs/SRR19152334/locus_coverage.tsv.gz
SRR19152334	B_0-2	0	2	10647	10602	-45	terminal_last_100nt	1	962.463907603	data/processed/p6_rnaseq/runs/SRR19152334/locus_coverage.tsv.gz
SRR19152334	B_0-2	0	2	10647	10603	-44	terminal_last_100nt	1	962.463907603	data/processed/p6_rnaseq/runs/SRR19152334/locus_coverage.tsv.gz
SRR19152334	B_0-2	0	2	10647	10604	-43	terminal_last_100nt	1	962.463907603	data/processed/p6_rnaseq/runs/SRR19152334/locus_coverage.tsv.gz
SRR19152334	B_0-2	0	2	10647	10605	-42	terminal_last_100nt	1	962.463907603	data/processed/p6_rnaseq/runs/SRR19152334/locus_coverage.tsv.gz
SRR19152334	B_0-2	0	2	10647	10606	-41	terminal_last_100nt	1	962.463907603	data/processed/p6_rnaseq/runs/SRR19152334/locus_coverage.tsv.gz
SRR19152334	B_0-2	0	2	10647	10607	-40	terminal_last_100nt	1	962.463907603	data/processed/p6_rnaseq/runs/SRR19152334/locus_coverage.tsv.gz
SRR19152334	B_0-2	0	2	10647	10608	-39	terminal_last_100nt	1	962.463907603	data/processed/p6_rnaseq/runs/SRR19152334/locus_coverage.tsv.gz
SRR19152334	B_0-2	0	2	10647	10609	-38	terminal_last_100nt	1	962.463907603	data/processed/p6_rnaseq/runs/SRR19152334/locus_coverage.tsv.gz
SRR19152334	B_0-2	0	2	10647	10610	-37	terminal_last_100nt	1	962.463907603	data/processed/p6_rnaseq/runs/SRR19152334/locus_coverage.tsv.gz
SRR19152334	B_0-2	0	2	10647	10611	-36	terminal_last_100nt	1	962.463907603	data/processed/p6_rnaseq/runs/SRR19152334/locus_coverage.tsv.gz
SRR19152334	B_0-2	0	2	10647	10612	-35	terminal_last_100nt	1	962.463907603	data/processed/p6_rnaseq/runs/SRR19152334/locus_coverage.tsv.gz
SRR19152334	B_0-2	0	2	10647	10613	-34	terminal_last_100nt	1	962.463907603	data/processed/p6_rnaseq/runs/SRR19152334/locus_coverage.tsv.gz
SRR19152334	B_0-2	0	2	10647	10614	-33	terminal_last_100nt	1	962.463907603	data/processed/p6_rnaseq/runs/SRR19152334/locus_coverage.tsv.gz
SRR19152334	B_0-2	0	2	10647	10615	-32	terminal_last_100nt	1	962.463907603	data/processed/p6_rnaseq/runs/SRR19152334/locus_coverage.tsv.gz
SRR19152334	B_0-2	0	2	10647	10616	-31	terminal_last_100nt	1	962.463907603	data/processed/p6_rnaseq/runs/SRR19152334/locus_coverage.tsv.gz
SRR19152334	B_0-2	0	2	10647	10617	-30	terminal_last_100nt	1	962.463907603	data/processed/p6_rnaseq/runs/SRR19152334/locus_coverage.tsv.gz
SRR19152334	B_0-2	0	2	10647	10618	-29	terminal_last_100nt	1	962.463907603	data/processed/p6_rnaseq/runs/SRR19152334/locus_coverage.tsv.gz
SRR19152334	B_0-2	0	2	10647	10619	-28	terminal_last_100nt	1	962.463907603	data/processed/p6_rnaseq/runs/SRR19152334/locus_coverage.tsv.gz
SRR19152334	B_0-2	0	2	10647	10620	-27	terminal_last_100nt	1	962.463907603	data/processed/p6_rnaseq/runs/SRR19152334/locus_coverage.tsv.gz
SRR19152334	B_0-2	0	2	10647	10621	-26	terminal_last_100nt	1	962.463907603	data/processed/p6_rnaseq/runs/SRR19152334/locus_coverage.tsv.gz
SRR19152334	B_0-2	0	2	10647	10622	-25	terminal_last_100nt	1	962.463907603	data/processed/p6_rnaseq/runs/SRR19152334/locus_coverage.tsv.gz
SRR19152334	B_0-2	0	2	10647	10623	-24	terminal_last_100nt	1	962.463907603	data/processed/p6_rnaseq/runs/SRR19152334/locus_coverage.tsv.gz
SRR19152334	B_0-2	0	2	10647	10624	-23	terminal_last_100nt	1	962.463907603	data/processed/p6_rnaseq/runs/SRR19152334/locus_coverage.tsv.gz
SRR19152334	B_0-2	0	2	10647	10625	-22	terminal_last_100nt	1	962.463907603	data/processed/p6_rnaseq/runs/SRR19152334/locus_coverage.tsv.gz
SRR19152334	B_0-2	0	2	10647	10626	-21	terminal_last_100nt	1	962.463907603	data/processed/p6_rnaseq/runs/SRR19152334/locus_coverage.tsv.gz
SRR19152334	B_0-2	0	2	10647	10627	-20	terminal_last_100nt	1	962.463907603	data/processed/p6_rnaseq/runs/SRR19152334/locus_coverage.tsv.gz
SRR19152334	B_0-2	0	2	10647	10628	-19	terminal_last_100nt	1	962.463907603	data/processed/p6_rnaseq/runs/SRR19152334/locus_coverage.tsv.gz
SRR19152334	B_0-2	0	2	10647	10629	-18	terminal_last_100nt	1	962.463907603	data/processed/p6_rnaseq/runs/SRR19152334/locus_coverage.tsv.gz
SRR19152334	B_0-2	0	2	10647	10630	-17	terminal_last_100nt	1	962.463907603	data/processed/p6_rnaseq/runs/SRR19152334/locus_coverage.tsv.gz
SRR19152334	B_0-2	0	2	10647	10631	-16	terminal_last_100nt	1	962.463907603	data/processed/p6_rnaseq/runs/SRR19152334/locus_coverage.tsv.gz
SRR19152334	B_0-2	0	2	10647	10632	-15	terminal_last_100nt	1	962.463907603	data/processed/p6_rnaseq/runs/SRR19152334/locus_coverage.tsv.gz
SRR19152334	B_0-2	0	2	10647	10633	-14	terminal_last_100nt	1	962.463907603	data/processed/p6_rnaseq/runs/SRR19152334/locus_coverage.tsv.gz
SRR19152334	B_0-2	0	2	10647	10634	-13	terminal_last_100nt	1	962.463907603	data/processed/p6_rnaseq/runs/SRR19152334/locus_coverage.tsv.gz
SRR19152334	B_0-2	0	2	10647	10635	-12	terminal_last_100nt	0	0.0	data/processed/p6_rnaseq/runs/SRR19152334/locus_coverage.tsv.gz
SRR19152334	B_0-2	0	2	10647	10636	-11	terminal_last_100nt	0	0.0	data/processed/p6_rnaseq/runs/SRR19152334/locus_coverage.tsv.gz
SRR19152334	B_0-2	0	2	10647	10637	-10	terminal_last_100nt	0	0.0	data/processed/p6_rnaseq/runs/SRR19152334/locus_coverage.tsv.gz
SRR19152334	B_0-2	0	2	10647	10638	-9	terminal_last_100nt	0	0.0	data/processed/p6_rnaseq/runs/SRR19152334/locus_coverage.tsv.gz
SRR19152334	B_0-2	0	2	10647	10639	-8	terminal_last_100nt	0	0.0	data/processed/p6_rnaseq/runs/SRR19152334/locus_coverage.tsv.gz
SRR19152334	B_0-2	0	2	10647	10640	-7	terminal_last_100nt	0	0.0	data/processed/p6_rnaseq/runs/SRR19152334/locus_coverage.tsv.gz
SRR19152334	B_0-2	0	2	10647	10641	-6	terminal_last_100nt	0	0.0	data/processed/p6_rnaseq/runs/SRR19152334/locus_coverage.tsv.gz
SRR19152334	B_0-2	0	2	10647	10642	-5	terminal_last_100nt	0	0.0	data/processed/p6_rnaseq/runs/SRR19152334/locus_coverage.tsv.gz
SRR19152334	B_0-2	0	2	10647	10643	-4	terminal_last_100nt	0	0.0	data/processed/p6_rnaseq/runs/SRR19152334/locus_coverage.tsv.gz
SRR19152334	B_0-2	0	2	10647	10644	-3	terminal_last_100nt	0	0.0	data/processed/p6_rnaseq/runs/SRR19152334/locus_coverage.tsv.gz
SRR19152334	B_0-2	0	2	10647	10645	-2	terminal_last_100nt	0	0.0	data/processed/p6_rnaseq/runs/SRR19152334/locus_coverage.tsv.gz
SRR19152334	B_0-2	0	2	10647	10646	-1	terminal_last_100nt	0	0.0	data/processed/p6_rnaseq/runs/SRR19152334/locus_coverage.tsv.gz
SRR19152334	B_0-2	0	2	10647	10647	0	RT_first_100nt	0	0.0	data/processed/p6_rnaseq/runs/SRR19152334/locus_coverage.tsv.gz
SRR19152334	B_0-2	0	2	10647	10648	1	RT_first_100nt	0	0.0	data/processed/p6_rnaseq/runs/SRR19152334/locus_coverage.tsv.gz
SRR19152334	B_0-2	0	2	10647	10649	2	RT_first_100nt	0	0.0	data/processed/p6_rnaseq/runs/SRR19152334/locus_coverage.tsv.gz
SRR19152334	B_0-2	0	2	10647	10650	3	RT_first_100nt	0	0.0	data/processed/p6_rnaseq/runs/SRR19152334/locus_coverage.tsv.gz
SRR19152334	B_0-2	0	2	10647	10651	4	RT_first_100nt	0	0.0	data/processed/p6_rnaseq/runs/SRR19152334/locus_coverage.tsv.gz
SRR19152334	B_0-2	0	2	10647	10652	5	RT_first_100nt	0	0.0	data/processed/p6_rnaseq/runs/SRR19152334/locus_coverage.tsv.gz
SRR19152334	B_0-2	0	2	10647	10653	6	RT_first_100nt	0	0.0	data/processed/p6_rnaseq/runs/SRR19152334/locus_coverage.tsv.gz
SRR19152334	B_0-2	0	2	10647	10654	7	RT_first_100nt	0	0.0	data/processed/p6_rnaseq/runs/SRR19152334/locus_coverage.tsv.gz
SRR19152334	B_0-2	0	2	10647	10655	8	RT_first_100nt	0	0.0	data/processed/p6_rnaseq/runs/SRR19152334/locus_coverage.tsv.gz
SRR19152334	B_0-2	0	2	10647	10656	9	RT_first_100nt	0	0.0	data/processed/p6_rnaseq/runs/SRR19152334/locus_coverage.tsv.gz
SRR19152334	B_0-2	0	2	10647	10657	10	RT_first_100nt	0	0.0	data/processed/p6_rnaseq/runs/SRR19152334/locus_coverage.tsv.gz
SRR19152334	B_0-2	0	2	10647	10658	11	RT_first_100nt	0	0.0	data/processed/p6_rnaseq/runs/SRR19152334/locus_coverage.tsv.gz
SRR19152334	B_0-2	0	2	10647	10659	12	RT_first_100nt	0	0.0	data/processed/p6_rnaseq/runs/SRR19152334/locus_coverage.tsv.gz
SRR19152334	B_0-2	0	2	10647	10660	13	RT_first_100nt	0	0.0	data/processed/p6_rnaseq/runs/SRR19152334/locus_coverage.tsv.gz
SRR19152334	B_0-2	0	2	10647	10661	14	RT_first_100nt	0	0.0	data/processed/p6_rnaseq/runs/SRR19152334/locus_coverage.tsv.gz
SRR19152334	B_0-2	0	2	10647	10662	15	RT_first_100nt	0	0.0	data/processed/p6_rnaseq/runs/SRR19152334/locus_coverage.tsv.gz
SRR19152334	B_0-2	0	2	10647	10663	16	RT_first_100nt	0	0.0	data/processed/p6_rnaseq/runs/SRR19152334/locus_coverage.tsv.gz
SRR19152334	B_0-2	0	2	10647	10664	17	RT_first_100nt	0	0.0	data/processed/p6_rnaseq/runs/SRR19152334/locus_coverage.tsv.gz
SRR19152334	B_0-2	0	2	10647	10665	18	RT_first_100nt	0	0.0	data/processed/p6_rnaseq/runs/SRR19152334/locus_coverage.tsv.gz
SRR19152334	B_0-2	0	2	10647	10666	19	RT_first_100nt	0	0.0	data/processed/p6_rnaseq/runs/SRR19152334/locus_coverage.tsv.gz
SRR19152334	B_0-2	0	2	10647	10667	20	RT_first_100nt	0	0.0	data/processed/p6_rnaseq/runs/SRR19152334/locus_coverage.tsv.gz
SRR19152334	B_0-2	0	2	10647	10668	21	RT_first_100nt	0	0.0	data/processed/p6_rnaseq/runs/SRR19152334/locus_coverage.tsv.gz
SRR19152334	B_0-2	0	2	10647	10669	22	RT_first_100nt	0	0.0	data/processed/p6_rnaseq/runs/SRR19152334/locus_coverage.tsv.gz
SRR19152334	B_0-2	0	2	10647	10670	23	RT_first_100nt	0	0.0	data/processed/p6_rnaseq/runs/SRR19152334/locus_coverage.tsv.gz
SRR19152334	B_0-2	0	2	10647	10671	24	RT_first_100nt	0	0.0	data/processed/p6_rnaseq/runs/SRR19152334/locus_coverage.tsv.gz
SRR19152334	B_0-2	0	2	10647	10672	25	RT_first_100nt	0	0.0	data/processed/p6_rnaseq/runs/SRR19152334/locus_coverage.tsv.gz
SRR19152334	B_0-2	0	2	10647	10673	26	RT_first_100nt	0	0.0	data/processed/p6_rnaseq/runs/SRR19152334/locus_coverage.tsv.gz
SRR19152334	B_0-2	0	2	10647	10674	27	RT_first_100nt	0	0.0	data/processed/p6_rnaseq/runs/SRR19152334/locus_coverage.tsv.gz
SRR19152334	B_0-2	0	2	10647	10675	28	RT_first_100nt	0	0.0	data/processed/p6_rnaseq/runs/SRR19152334/locus_coverage.tsv.gz
SRR19152334	B_0-2	0	2	10647	10676	29	RT_first_100nt	0	0.0	data/processed/p6_rnaseq/runs/SRR19152334/locus_coverage.tsv.gz
SRR19152334	B_0-2	0	2	10647	10677	30	RT_first_100nt	0	0.0	data/processed/p6_rnaseq/runs/SRR19152334/locus_coverage.tsv.gz
SRR19152334	B_0-2	0	2	10647	10678	31	RT_first_100nt	0	0.0	data/processed/p6_rnaseq/runs/SRR19152334/locus_coverage.tsv.gz
SRR19152334	B_0-2	0	2	10647	10679	32	RT_first_100nt	0	0.0	data/processed/p6_rnaseq/runs/SRR19152334/locus_coverage.tsv.gz
SRR19152334	B_0-2	0	2	10647	10680	33	RT_first_100nt	0	0.0	data/processed/p6_rnaseq/runs/SRR19152334/locus_coverage.tsv.gz
SRR19152334	B_0-2	0	2	10647	10681	34	RT_first_100nt	0	0.0	data/processed/p6_rnaseq/runs/SRR19152334/locus_coverage.tsv.gz
SRR19152334	B_0-2	0	2	10647	10682	35	RT_first_100nt	0	0.0	data/processed/p6_rnaseq/runs/SRR19152334/locus_coverage.tsv.gz
SRR19152334	B_0-2	0	2	10647	10683	36	RT_first_100nt	0	0.0	data/processed/p6_rnaseq/runs/SRR19152334/locus_coverage.tsv.gz
SRR19152334	B_0-2	0	2	10647	10684	37	RT_first_100nt	0	0.0	data/processed/p6_rnaseq/runs/SRR19152334/locus_coverage.tsv.gz
SRR19152334	B_0-2	0	2	10647	10685	38	RT_first_100nt	0	0.0	data/processed/p6_rnaseq/runs/SRR19152334/locus_coverage.tsv.gz
SRR19152334	B_0-2	0	2	10647	10686	39	RT_first_100nt	0	0.0	data/processed/p6_rnaseq/runs/SRR19152334/locus_coverage.tsv.gz
SRR19152334	B_0-2	0	2	10647	10687	40	RT_first_100nt	0	0.0	data/processed/p6_rnaseq/runs/SRR19152334/locus_coverage.tsv.gz
SRR19152334	B_0-2	0	2	10647	10688	41	RT_first_100nt	0	0.0	data/processed/p6_rnaseq/runs/SRR19152334/locus_coverage.tsv.gz
SRR19152334	B_0-2	0	2	10647	10689	42	RT_first_100nt	0	0.0	data/processed/p6_rnaseq/runs/SRR19152334/locus_coverage.tsv.gz
SRR19152334	B_0-2	0	2	10647	10690	43	RT_first_100nt	0	0.0	data/processed/p6_rnaseq/runs/SRR19152334/locus_coverage.tsv.gz
SRR19152334	B_0-2	0	2	10647	10691	44	RT_first_100nt	0	0.0	data/processed/p6_rnaseq/runs/SRR19152334/locus_coverage.tsv.gz
SRR19152334	B_0-2	0	2	10647	10692	45	RT_first_100nt	0	0.0	data/processed/p6_rnaseq/runs/SRR19152334/locus_coverage.tsv.gz
SRR19152334	B_0-2	0	2	10647	10693	46	RT_first_100nt	0	0.0	data/processed/p6_rnaseq/runs/SRR19152334/locus_coverage.tsv.gz
SRR19152334	B_0-2	0	2	10647	10694	47	RT_first_100nt	0	0.0	data/processed/p6_rnaseq/runs/SRR19152334/locus_coverage.tsv.gz
SRR19152334	B_0-2	0	2	10647	10695	48	RT_first_100nt	0	0.0	data/processed/p6_rnaseq/runs/SRR19152334/locus_coverage.tsv.gz
SRR19152334	B_0-2	0	2	10647	10696	49	RT_first_100nt	0	0.0	data/processed/p6_rnaseq/runs/SRR19152334/locus_coverage.tsv.gz
SRR19152334	B_0-2	0	2	10647	10697	50	RT_first_100nt	0	0.0	data/processed/p6_rnaseq/runs/SRR19152334/locus_coverage.tsv.gz
SRR19152334	B_0-2	0	2	10647	10698	51	RT_first_100nt	0	0.0	data/processed/p6_rnaseq/runs/SRR19152334/locus_coverage.tsv.gz
SRR19152334	B_0-2	0	2	10647	10699	52	RT_first_100nt	0	0.0	data/processed/p6_rnaseq/runs/SRR19152334/locus_coverage.tsv.gz
SRR19152334	B_0-2	0	2	10647	10700	53	RT_first_100nt	0	0.0	data/processed/p6_rnaseq/runs/SRR19152334/locus_coverage.tsv.gz
SRR19152334	B_0-2	0	2	10647	10701	54	RT_first_100nt	0	0.0	data/processed/p6_rnaseq/runs/SRR19152334/locus_coverage.tsv.gz
SRR19152334	B_0-2	0	2	10647	10702	55	RT_first_100nt	0	0.0	data/processed/p6_rnaseq/runs/SRR19152334/locus_coverage.tsv.gz
SRR19152334	B_0-2	0	2	10647	10703	56	RT_first_100nt	0	0.0	data/processed/p6_rnaseq/runs/SRR19152334/locus_coverage.tsv.gz
SRR19152334	B_0-2	0	2	10647	10704	57	RT_first_100nt	0	0.0	data/processed/p6_rnaseq/runs/SRR19152334/locus_coverage.tsv.gz
SRR19152334	B_0-2	0	2	10647	10705	58	RT_first_100nt	0	0.0	data/processed/p6_rnaseq/runs/SRR19152334/locus_coverage.tsv.gz
SRR19152334	B_0-2	0	2	10647	10706	59	RT_first_100nt	0	0.0	data/processed/p6_rnaseq/runs/SRR19152334/locus_coverage.tsv.gz
SRR19152334	B_0-2	0	2	10647	10707	60	RT_first_100nt	0	0.0	data/processed/p6_rnaseq/runs/SRR19152334/locus_coverage.tsv.gz
SRR19152334	B_0-2	0	2	10647	10708	61	RT_first_100nt	0	0.0	data/processed/p6_rnaseq/runs/SRR19152334/locus_coverage.tsv.gz
SRR19152334	B_0-2	0	2	10647	10709	62	RT_first_100nt	0	0.0	data/processed/p6_rnaseq/runs/SRR19152334/locus_coverage.tsv.gz
SRR19152334	B_0-2	0	2	10647	10710	63	RT_first_100nt	0	0.0	data/processed/p6_rnaseq/runs/SRR19152334/locus_coverage.tsv.gz
SRR19152334	B_0-2	0	2	10647	10711	64	RT_first_100nt	0	0.0	data/processed/p6_rnaseq/runs/SRR19152334/locus_coverage.tsv.gz
SRR19152334	B_0-2	0	2	10647	10712	65	RT_first_100nt	0	0.0	data/processed/p6_rnaseq/runs/SRR19152334/locus_coverage.tsv.gz
SRR19152334	B_0-2	0	2	10647	10713	66	RT_first_100nt	0	0.0	data/processed/p6_rnaseq/runs/SRR19152334/locus_coverage.tsv.gz
SRR19152334	B_0-2	0	2	10647	10714	67	RT_first_100nt	0	0.0	data/processed/p6_rnaseq/runs/SRR19152334/locus_coverage.tsv.gz
SRR19152334	B_0-2	0	2	10647	10715	68	RT_first_100nt	0	0.0	data/processed/p6_rnaseq/runs/SRR19152334/locus_coverage.tsv.gz
SRR19152334	B_0-2	0	2	10647	10716	69	RT_first_100nt	0	0.0	data/processed/p6_rnaseq/runs/SRR19152334/locus_coverage.tsv.gz
SRR19152334	B_0-2	0	2	10647	10717	70	RT_first_100nt	0	0.0	data/processed/p6_rnaseq/runs/SRR19152334/locus_coverage.tsv.gz
SRR19152334	B_0-2	0	2	10647	10718	71	RT_first_100nt	0	0.0	data/processed/p6_rnaseq/runs/SRR19152334/locus_coverage.tsv.gz
SRR19152334	B_0-2	0	2	10647	10719	72	RT_first_100nt	0	0.0	data/processed/p6_rnaseq/runs/SRR19152334/locus_coverage.tsv.gz
SRR19152334	B_0-2	0	2	10647	10720	73	RT_first_100nt	0	0.0	data/processed/p6_rnaseq/runs/SRR19152334/locus_coverage.tsv.gz
SRR19152334	B_0-2	0	2	10647	10721	74	RT_first_100nt	0	0.0	data/processed/p6_rnaseq/runs/SRR19152334/locus_coverage.tsv.gz
SRR19152334	B_0-2	0	2	10647	10722	75	RT_first_100nt	0	0.0	data/processed/p6_rnaseq/runs/SRR19152334/locus_coverage.tsv.gz
SRR19152334	B_0-2	0	2	10647	10723	76	RT_first_100nt	0	0.0	data/processed/p6_rnaseq/runs/SRR19152334/locus_coverage.tsv.gz
SRR19152334	B_0-2	0	2	10647	10724	77	RT_first_100nt	0	0.0	data/processed/p6_rnaseq/runs/SRR19152334/locus_coverage.tsv.gz
SRR19152334	B_0-2	0	2	10647	10725	78	RT_first_100nt	0	0.0	data/processed/p6_rnaseq/runs/SRR19152334/locus_coverage.tsv.gz
SRR19152334	B_0-2	0	2	10647	10726	79	RT_first_100nt	0	0.0	data/processed/p6_rnaseq/runs/SRR19152334/locus_coverage.tsv.gz
SRR19152334	B_0-2	0	2	10647	10727	80	RT_first_100nt	0	0.0	data/processed/p6_rnaseq/runs/SRR19152334/locus_coverage.tsv.gz
SRR19152334	B_0-2	0	2	10647	10728	81	RT_first_100nt	0	0.0	data/processed/p6_rnaseq/runs/SRR19152334/locus_coverage.tsv.gz
SRR19152334	B_0-2	0	2	10647	10729	82	RT_first_100nt	0	0.0	data/processed/p6_rnaseq/runs/SRR19152334/locus_coverage.tsv.gz
SRR19152334	B_0-2	0	2	10647	10730	83	RT_first_100nt	0	0.0	data/processed/p6_rnaseq/runs/SRR19152334/locus_coverage.tsv.gz
SRR19152334	B_0-2	0	2	10647	10731	84	RT_first_100nt	0	0.0	data/processed/p6_rnaseq/runs/SRR19152334/locus_coverage.tsv.gz
SRR19152334	B_0-2	0	2	10647	10732	85	RT_first_100nt	0	0.0	data/processed/p6_rnaseq/runs/SRR19152334/locus_coverage.tsv.gz
SRR19152334	B_0-2	0	2	10647	10733	86	RT_first_100nt	0	0.0	data/processed/p6_rnaseq/runs/SRR19152334/locus_coverage.tsv.gz
SRR19152334	B_0-2	0	2	10647	10734	87	RT_first_100nt	0	0.0	data/processed/p6_rnaseq/runs/SRR19152334/locus_coverage.tsv.gz
SRR19152334	B_0-2	0	2	10647	10735	88	RT_first_100nt	0	0.0	data/processed/p6_rnaseq/runs/SRR19152334/locus_coverage.tsv.gz
SRR19152334	B_0-2	0	2	10647	10736	89	RT_first_100nt	0	0.0	data/processed/p6_rnaseq/runs/SRR19152334/locus_coverage.tsv.gz
SRR19152334	B_0-2	0	2	10647	10737	90	RT_first_100nt	0	0.0	data/processed/p6_rnaseq/runs/SRR19152334/locus_coverage.tsv.gz
SRR19152334	B_0-2	0	2	10647	10738	91	RT_first_100nt	0	0.0	data/processed/p6_rnaseq/runs/SRR19152334/locus_coverage.tsv.gz
SRR19152334	B_0-2	0	2	10647	10739	92	RT_first_100nt	0	0.0	data/processed/p6_rnaseq/runs/SRR19152334/locus_coverage.tsv.gz
SRR19152334	B_0-2	0	2	10647	10740	93	RT_first_100nt	0	0.0	data/processed/p6_rnaseq/runs/SRR19152334/locus_coverage.tsv.gz
SRR19152334	B_0-2	0	2	10647	10741	94	RT_first_100nt	0	0.0	data/processed/p6_rnaseq/runs/SRR19152334/locus_coverage.tsv.gz
SRR19152334	B_0-2	0	2	10647	10742	95	RT_first_100nt	0	0.0	data/processed/p6_rnaseq/runs/SRR19152334/locus_coverage.tsv.gz
SRR19152334	B_0-2	0	2	10647	10743	96	RT_first_100nt	0	0.0	data/processed/p6_rnaseq/runs/SRR19152334/locus_coverage.tsv.gz
SRR19152334	B_0-2	0	2	10647	10744	97	RT_first_100nt	0	0.0	data/processed/p6_rnaseq/runs/SRR19152334/locus_coverage.tsv.gz
SRR19152334	B_0-2	0	2	10647	10745	98	RT_first_100nt	0	0.0	data/processed/p6_rnaseq/runs/SRR19152334/locus_coverage.tsv.gz
SRR19152334	B_0-2	0	2	10647	10746	99	RT_first_100nt	0	0.0	data/processed/p6_rnaseq/runs/SRR19152334/locus_coverage.tsv.gz
SRR19152331	B_0-3	0	3	10647	10547	-100	terminal_last_100nt	32	12336.160370085	data/processed/p6_rnaseq/runs/SRR19152331/locus_coverage.tsv.gz
SRR19152331	B_0-3	0	3	10647	10548	-99	terminal_last_100nt	32	12336.160370085	data/processed/p6_rnaseq/runs/SRR19152331/locus_coverage.tsv.gz
SRR19152331	B_0-3	0	3	10647	10549	-98	terminal_last_100nt	32	12336.160370085	data/processed/p6_rnaseq/runs/SRR19152331/locus_coverage.tsv.gz
SRR19152331	B_0-3	0	3	10647	10550	-97	terminal_last_100nt	32	12336.160370085	data/processed/p6_rnaseq/runs/SRR19152331/locus_coverage.tsv.gz
SRR19152331	B_0-3	0	3	10647	10551	-96	terminal_last_100nt	32	12336.160370085	data/processed/p6_rnaseq/runs/SRR19152331/locus_coverage.tsv.gz
SRR19152331	B_0-3	0	3	10647	10552	-95	terminal_last_100nt	32	12336.160370085	data/processed/p6_rnaseq/runs/SRR19152331/locus_coverage.tsv.gz
SRR19152331	B_0-3	0	3	10647	10553	-94	terminal_last_100nt	32	12336.160370085	data/processed/p6_rnaseq/runs/SRR19152331/locus_coverage.tsv.gz
SRR19152331	B_0-3	0	3	10647	10554	-93	terminal_last_100nt	32	12336.160370085	data/processed/p6_rnaseq/runs/SRR19152331/locus_coverage.tsv.gz
SRR19152331	B_0-3	0	3	10647	10555	-92	terminal_last_100nt	32	12336.160370085	data/processed/p6_rnaseq/runs/SRR19152331/locus_coverage.tsv.gz
SRR19152331	B_0-3	0	3	10647	10556	-91	terminal_last_100nt	32	12336.160370085	data/processed/p6_rnaseq/runs/SRR19152331/locus_coverage.tsv.gz
SRR19152331	B_0-3	0	3	10647	10557	-90	terminal_last_100nt	32	12336.160370085	data/processed/p6_rnaseq/runs/SRR19152331/locus_coverage.tsv.gz
SRR19152331	B_0-3	0	3	10647	10558	-89	terminal_last_100nt	30	11565.150346955	data/processed/p6_rnaseq/runs/SRR19152331/locus_coverage.tsv.gz
SRR19152331	B_0-3	0	3	10647	10559	-88	terminal_last_100nt	25	9637.625289129	data/processed/p6_rnaseq/runs/SRR19152331/locus_coverage.tsv.gz
SRR19152331	B_0-3	0	3	10647	10560	-87	terminal_last_100nt	21	8095.605242868	data/processed/p6_rnaseq/runs/SRR19152331/locus_coverage.tsv.gz
SRR19152331	B_0-3	0	3	10647	10561	-86	terminal_last_100nt	21	8095.605242868	data/processed/p6_rnaseq/runs/SRR19152331/locus_coverage.tsv.gz
SRR19152331	B_0-3	0	3	10647	10562	-85	terminal_last_100nt	17	6553.585196608	data/processed/p6_rnaseq/runs/SRR19152331/locus_coverage.tsv.gz
SRR19152331	B_0-3	0	3	10647	10563	-84	terminal_last_100nt	16	6168.080185042	data/processed/p6_rnaseq/runs/SRR19152331/locus_coverage.tsv.gz
SRR19152331	B_0-3	0	3	10647	10564	-83	terminal_last_100nt	10	3855.050115652	data/processed/p6_rnaseq/runs/SRR19152331/locus_coverage.tsv.gz
SRR19152331	B_0-3	0	3	10647	10565	-82	terminal_last_100nt	9	3469.545104086	data/processed/p6_rnaseq/runs/SRR19152331/locus_coverage.tsv.gz
SRR19152331	B_0-3	0	3	10647	10566	-81	terminal_last_100nt	5	1927.525057826	data/processed/p6_rnaseq/runs/SRR19152331/locus_coverage.tsv.gz
SRR19152331	B_0-3	0	3	10647	10567	-80	terminal_last_100nt	5	1927.525057826	data/processed/p6_rnaseq/runs/SRR19152331/locus_coverage.tsv.gz
SRR19152331	B_0-3	0	3	10647	10568	-79	terminal_last_100nt	4	1542.020046261	data/processed/p6_rnaseq/runs/SRR19152331/locus_coverage.tsv.gz
SRR19152331	B_0-3	0	3	10647	10569	-78	terminal_last_100nt	4	1542.020046261	data/processed/p6_rnaseq/runs/SRR19152331/locus_coverage.tsv.gz
SRR19152331	B_0-3	0	3	10647	10570	-77	terminal_last_100nt	4	1542.020046261	data/processed/p6_rnaseq/runs/SRR19152331/locus_coverage.tsv.gz
SRR19152331	B_0-3	0	3	10647	10571	-76	terminal_last_100nt	4	1542.020046261	data/processed/p6_rnaseq/runs/SRR19152331/locus_coverage.tsv.gz
SRR19152331	B_0-3	0	3	10647	10572	-75	terminal_last_100nt	4	1542.020046261	data/processed/p6_rnaseq/runs/SRR19152331/locus_coverage.tsv.gz
SRR19152331	B_0-3	0	3	10647	10573	-74	terminal_last_100nt	4	1542.020046261	data/processed/p6_rnaseq/runs/SRR19152331/locus_coverage.tsv.gz
SRR19152331	B_0-3	0	3	10647	10574	-73	terminal_last_100nt	4	1542.020046261	data/processed/p6_rnaseq/runs/SRR19152331/locus_coverage.tsv.gz
SRR19152331	B_0-3	0	3	10647	10575	-72	terminal_last_100nt	4	1542.020046261	data/processed/p6_rnaseq/runs/SRR19152331/locus_coverage.tsv.gz
SRR19152331	B_0-3	0	3	10647	10576	-71	terminal_last_100nt	4	1542.020046261	data/processed/p6_rnaseq/runs/SRR19152331/locus_coverage.tsv.gz
SRR19152331	B_0-3	0	3	10647	10577	-70	terminal_last_100nt	4	1542.020046261	data/processed/p6_rnaseq/runs/SRR19152331/locus_coverage.tsv.gz
SRR19152331	B_0-3	0	3	10647	10578	-69	terminal_last_100nt	4	1542.020046261	data/processed/p6_rnaseq/runs/SRR19152331/locus_coverage.tsv.gz
SRR19152331	B_0-3	0	3	10647	10579	-68	terminal_last_100nt	4	1542.020046261	data/processed/p6_rnaseq/runs/SRR19152331/locus_coverage.tsv.gz
SRR19152331	B_0-3	0	3	10647	10580	-67	terminal_last_100nt	4	1542.020046261	data/processed/p6_rnaseq/runs/SRR19152331/locus_coverage.tsv.gz
SRR19152331	B_0-3	0	3	10647	10581	-66	terminal_last_100nt	4	1542.020046261	data/processed/p6_rnaseq/runs/SRR19152331/locus_coverage.tsv.gz
SRR19152331	B_0-3	0	3	10647	10582	-65	terminal_last_100nt	4	1542.020046261	data/processed/p6_rnaseq/runs/SRR19152331/locus_coverage.tsv.gz
SRR19152331	B_0-3	0	3	10647	10583	-64	terminal_last_100nt	4	1542.020046261	data/processed/p6_rnaseq/runs/SRR19152331/locus_coverage.tsv.gz
SRR19152331	B_0-3	0	3	10647	10584	-63	terminal_last_100nt	4	1542.020046261	data/processed/p6_rnaseq/runs/SRR19152331/locus_coverage.tsv.gz
SRR19152331	B_0-3	0	3	10647	10585	-62	terminal_last_100nt	4	1542.020046261	data/processed/p6_rnaseq/runs/SRR19152331/locus_coverage.tsv.gz
SRR19152331	B_0-3	0	3	10647	10586	-61	terminal_last_100nt	4	1542.020046261	data/processed/p6_rnaseq/runs/SRR19152331/locus_coverage.tsv.gz
SRR19152331	B_0-3	0	3	10647	10587	-60	terminal_last_100nt	4	1542.020046261	data/processed/p6_rnaseq/runs/SRR19152331/locus_coverage.tsv.gz
SRR19152331	B_0-3	0	3	10647	10588	-59	terminal_last_100nt	4	1542.020046261	data/processed/p6_rnaseq/runs/SRR19152331/locus_coverage.tsv.gz
SRR19152331	B_0-3	0	3	10647	10589	-58	terminal_last_100nt	4	1542.020046261	data/processed/p6_rnaseq/runs/SRR19152331/locus_coverage.tsv.gz
SRR19152331	B_0-3	0	3	10647	10590	-57	terminal_last_100nt	4	1542.020046261	data/processed/p6_rnaseq/runs/SRR19152331/locus_coverage.tsv.gz
SRR19152331	B_0-3	0	3	10647	10591	-56	terminal_last_100nt	4	1542.020046261	data/processed/p6_rnaseq/runs/SRR19152331/locus_coverage.tsv.gz
SRR19152331	B_0-3	0	3	10647	10592	-55	terminal_last_100nt	4	1542.020046261	data/processed/p6_rnaseq/runs/SRR19152331/locus_coverage.tsv.gz
SRR19152331	B_0-3	0	3	10647	10593	-54	terminal_last_100nt	4	1542.020046261	data/processed/p6_rnaseq/runs/SRR19152331/locus_coverage.tsv.gz
SRR19152331	B_0-3	0	3	10647	10594	-53	terminal_last_100nt	4	1542.020046261	data/processed/p6_rnaseq/runs/SRR19152331/locus_coverage.tsv.gz
SRR19152331	B_0-3	0	3	10647	10595	-52	terminal_last_100nt	4	1542.020046261	data/processed/p6_rnaseq/runs/SRR19152331/locus_coverage.tsv.gz
SRR19152331	B_0-3	0	3	10647	10596	-51	terminal_last_100nt	4	1542.020046261	data/processed/p6_rnaseq/runs/SRR19152331/locus_coverage.tsv.gz
SRR19152331	B_0-3	0	3	10647	10597	-50	terminal_last_100nt	4	1542.020046261	data/processed/p6_rnaseq/runs/SRR19152331/locus_coverage.tsv.gz
SRR19152331	B_0-3	0	3	10647	10598	-49	terminal_last_100nt	4	1542.020046261	data/processed/p6_rnaseq/runs/SRR19152331/locus_coverage.tsv.gz
SRR19152331	B_0-3	0	3	10647	10599	-48	terminal_last_100nt	4	1542.020046261	data/processed/p6_rnaseq/runs/SRR19152331/locus_coverage.tsv.gz
SRR19152331	B_0-3	0	3	10647	10600	-47	terminal_last_100nt	4	1542.020046261	data/processed/p6_rnaseq/runs/SRR19152331/locus_coverage.tsv.gz
SRR19152331	B_0-3	0	3	10647	10601	-46	terminal_last_100nt	4	1542.020046261	data/processed/p6_rnaseq/runs/SRR19152331/locus_coverage.tsv.gz
SRR19152331	B_0-3	0	3	10647	10602	-45	terminal_last_100nt	4	1542.020046261	data/processed/p6_rnaseq/runs/SRR19152331/locus_coverage.tsv.gz
SRR19152331	B_0-3	0	3	10647	10603	-44	terminal_last_100nt	4	1542.020046261	data/processed/p6_rnaseq/runs/SRR19152331/locus_coverage.tsv.gz
SRR19152331	B_0-3	0	3	10647	10604	-43	terminal_last_100nt	4	1542.020046261	data/processed/p6_rnaseq/runs/SRR19152331/locus_coverage.tsv.gz
SRR19152331	B_0-3	0	3	10647	10605	-42	terminal_last_100nt	4	1542.020046261	data/processed/p6_rnaseq/runs/SRR19152331/locus_coverage.tsv.gz
SRR19152331	B_0-3	0	3	10647	10606	-41	terminal_last_100nt	4	1542.020046261	data/processed/p6_rnaseq/runs/SRR19152331/locus_coverage.tsv.gz
SRR19152331	B_0-3	0	3	10647	10607	-40	terminal_last_100nt	4	1542.020046261	data/processed/p6_rnaseq/runs/SRR19152331/locus_coverage.tsv.gz
SRR19152331	B_0-3	0	3	10647	10608	-39	terminal_last_100nt	4	1542.020046261	data/processed/p6_rnaseq/runs/SRR19152331/locus_coverage.tsv.gz
SRR19152331	B_0-3	0	3	10647	10609	-38	terminal_last_100nt	4	1542.020046261	data/processed/p6_rnaseq/runs/SRR19152331/locus_coverage.tsv.gz
SRR19152331	B_0-3	0	3	10647	10610	-37	terminal_last_100nt	4	1542.020046261	data/processed/p6_rnaseq/runs/SRR19152331/locus_coverage.tsv.gz
SRR19152331	B_0-3	0	3	10647	10611	-36	terminal_last_100nt	4	1542.020046261	data/processed/p6_rnaseq/runs/SRR19152331/locus_coverage.tsv.gz
SRR19152331	B_0-3	0	3	10647	10612	-35	terminal_last_100nt	4	1542.020046261	data/processed/p6_rnaseq/runs/SRR19152331/locus_coverage.tsv.gz
SRR19152331	B_0-3	0	3	10647	10613	-34	terminal_last_100nt	4	1542.020046261	data/processed/p6_rnaseq/runs/SRR19152331/locus_coverage.tsv.gz
SRR19152331	B_0-3	0	3	10647	10614	-33	terminal_last_100nt	4	1542.020046261	data/processed/p6_rnaseq/runs/SRR19152331/locus_coverage.tsv.gz
SRR19152331	B_0-3	0	3	10647	10615	-32	terminal_last_100nt	4	1542.020046261	data/processed/p6_rnaseq/runs/SRR19152331/locus_coverage.tsv.gz
SRR19152331	B_0-3	0	3	10647	10616	-31	terminal_last_100nt	4	1542.020046261	data/processed/p6_rnaseq/runs/SRR19152331/locus_coverage.tsv.gz
SRR19152331	B_0-3	0	3	10647	10617	-30	terminal_last_100nt	4	1542.020046261	data/processed/p6_rnaseq/runs/SRR19152331/locus_coverage.tsv.gz
SRR19152331	B_0-3	0	3	10647	10618	-29	terminal_last_100nt	4	1542.020046261	data/processed/p6_rnaseq/runs/SRR19152331/locus_coverage.tsv.gz
SRR19152331	B_0-3	0	3	10647	10619	-28	terminal_last_100nt	4	1542.020046261	data/processed/p6_rnaseq/runs/SRR19152331/locus_coverage.tsv.gz
SRR19152331	B_0-3	0	3	10647	10620	-27	terminal_last_100nt	4	1542.020046261	data/processed/p6_rnaseq/runs/SRR19152331/locus_coverage.tsv.gz
SRR19152331	B_0-3	0	3	10647	10621	-26	terminal_last_100nt	4	1542.020046261	data/processed/p6_rnaseq/runs/SRR19152331/locus_coverage.tsv.gz
SRR19152331	B_0-3	0	3	10647	10622	-25	terminal_last_100nt	4	1542.020046261	data/processed/p6_rnaseq/runs/SRR19152331/locus_coverage.tsv.gz
SRR19152331	B_0-3	0	3	10647	10623	-24	terminal_last_100nt	4	1542.020046261	data/processed/p6_rnaseq/runs/SRR19152331/locus_coverage.tsv.gz
SRR19152331	B_0-3	0	3	10647	10624	-23	terminal_last_100nt	4	1542.020046261	data/processed/p6_rnaseq/runs/SRR19152331/locus_coverage.tsv.gz
SRR19152331	B_0-3	0	3	10647	10625	-22	terminal_last_100nt	4	1542.020046261	data/processed/p6_rnaseq/runs/SRR19152331/locus_coverage.tsv.gz
SRR19152331	B_0-3	0	3	10647	10626	-21	terminal_last_100nt	4	1542.020046261	data/processed/p6_rnaseq/runs/SRR19152331/locus_coverage.tsv.gz
SRR19152331	B_0-3	0	3	10647	10627	-20	terminal_last_100nt	4	1542.020046261	data/processed/p6_rnaseq/runs/SRR19152331/locus_coverage.tsv.gz
SRR19152331	B_0-3	0	3	10647	10628	-19	terminal_last_100nt	4	1542.020046261	data/processed/p6_rnaseq/runs/SRR19152331/locus_coverage.tsv.gz
SRR19152331	B_0-3	0	3	10647	10629	-18	terminal_last_100nt	4	1542.020046261	data/processed/p6_rnaseq/runs/SRR19152331/locus_coverage.tsv.gz
SRR19152331	B_0-3	0	3	10647	10630	-17	terminal_last_100nt	4	1542.020046261	data/processed/p6_rnaseq/runs/SRR19152331/locus_coverage.tsv.gz
SRR19152331	B_0-3	0	3	10647	10631	-16	terminal_last_100nt	4	1542.020046261	data/processed/p6_rnaseq/runs/SRR19152331/locus_coverage.tsv.gz
SRR19152331	B_0-3	0	3	10647	10632	-15	terminal_last_100nt	4	1542.020046261	data/processed/p6_rnaseq/runs/SRR19152331/locus_coverage.tsv.gz
SRR19152331	B_0-3	0	3	10647	10633	-14	terminal_last_100nt	2	771.01002313	data/processed/p6_rnaseq/runs/SRR19152331/locus_coverage.tsv.gz
SRR19152331	B_0-3	0	3	10647	10634	-13	terminal_last_100nt	2	771.01002313	data/processed/p6_rnaseq/runs/SRR19152331/locus_coverage.tsv.gz
SRR19152331	B_0-3	0	3	10647	10635	-12	terminal_last_100nt	1	385.505011565	data/processed/p6_rnaseq/runs/SRR19152331/locus_coverage.tsv.gz
SRR19152331	B_0-3	0	3	10647	10636	-11	terminal_last_100nt	1	385.505011565	data/processed/p6_rnaseq/runs/SRR19152331/locus_coverage.tsv.gz
SRR19152331	B_0-3	0	3	10647	10637	-10	terminal_last_100nt	2	771.01002313	data/processed/p6_rnaseq/runs/SRR19152331/locus_coverage.tsv.gz
SRR19152331	B_0-3	0	3	10647	10638	-9	terminal_last_100nt	2	771.01002313	data/processed/p6_rnaseq/runs/SRR19152331/locus_coverage.tsv.gz
SRR19152331	B_0-3	0	3	10647	10639	-8	terminal_last_100nt	2	771.01002313	data/processed/p6_rnaseq/runs/SRR19152331/locus_coverage.tsv.gz
SRR19152331	B_0-3	0	3	10647	10640	-7	terminal_last_100nt	2	771.01002313	data/processed/p6_rnaseq/runs/SRR19152331/locus_coverage.tsv.gz
SRR19152331	B_0-3	0	3	10647	10641	-6	terminal_last_100nt	2	771.01002313	data/processed/p6_rnaseq/runs/SRR19152331/locus_coverage.tsv.gz
SRR19152331	B_0-3	0	3	10647	10642	-5	terminal_last_100nt	2	771.01002313	data/processed/p6_rnaseq/runs/SRR19152331/locus_coverage.tsv.gz
SRR19152331	B_0-3	0	3	10647	10643	-4	terminal_last_100nt	2	771.01002313	data/processed/p6_rnaseq/runs/SRR19152331/locus_coverage.tsv.gz
SRR19152331	B_0-3	0	3	10647	10644	-3	terminal_last_100nt	2	771.01002313	data/processed/p6_rnaseq/runs/SRR19152331/locus_coverage.tsv.gz
SRR19152331	B_0-3	0	3	10647	10645	-2	terminal_last_100nt	2	771.01002313	data/processed/p6_rnaseq/runs/SRR19152331/locus_coverage.tsv.gz
SRR19152331	B_0-3	0	3	10647	10646	-1	terminal_last_100nt	2	771.01002313	data/processed/p6_rnaseq/runs/SRR19152331/locus_coverage.tsv.gz
SRR19152331	B_0-3	0	3	10647	10647	0	RT_first_100nt	2	771.01002313	data/processed/p6_rnaseq/runs/SRR19152331/locus_coverage.tsv.gz
SRR19152331	B_0-3	0	3	10647	10648	1	RT_first_100nt	2	771.01002313	data/processed/p6_rnaseq/runs/SRR19152331/locus_coverage.tsv.gz
SRR19152331	B_0-3	0	3	10647	10649	2	RT_first_100nt	2	771.01002313	data/processed/p6_rnaseq/runs/SRR19152331/locus_coverage.tsv.gz
SRR19152331	B_0-3	0	3	10647	10650	3	RT_first_100nt	2	771.01002313	data/processed/p6_rnaseq/runs/SRR19152331/locus_coverage.tsv.gz
SRR19152331	B_0-3	0	3	10647	10651	4	RT_first_100nt	2	771.01002313	data/processed/p6_rnaseq/runs/SRR19152331/locus_coverage.tsv.gz
SRR19152331	B_0-3	0	3	10647	10652	5	RT_first_100nt	2	771.01002313	data/processed/p6_rnaseq/runs/SRR19152331/locus_coverage.tsv.gz
SRR19152331	B_0-3	0	3	10647	10653	6	RT_first_100nt	2	771.01002313	data/processed/p6_rnaseq/runs/SRR19152331/locus_coverage.tsv.gz
SRR19152331	B_0-3	0	3	10647	10654	7	RT_first_100nt	2	771.01002313	data/processed/p6_rnaseq/runs/SRR19152331/locus_coverage.tsv.gz
SRR19152331	B_0-3	0	3	10647	10655	8	RT_first_100nt	2	771.01002313	data/processed/p6_rnaseq/runs/SRR19152331/locus_coverage.tsv.gz
SRR19152331	B_0-3	0	3	10647	10656	9	RT_first_100nt	2	771.01002313	data/processed/p6_rnaseq/runs/SRR19152331/locus_coverage.tsv.gz
SRR19152331	B_0-3	0	3	10647	10657	10	RT_first_100nt	2	771.01002313	data/processed/p6_rnaseq/runs/SRR19152331/locus_coverage.tsv.gz
SRR19152331	B_0-3	0	3	10647	10658	11	RT_first_100nt	2	771.01002313	data/processed/p6_rnaseq/runs/SRR19152331/locus_coverage.tsv.gz
SRR19152331	B_0-3	0	3	10647	10659	12	RT_first_100nt	2	771.01002313	data/processed/p6_rnaseq/runs/SRR19152331/locus_coverage.tsv.gz
SRR19152331	B_0-3	0	3	10647	10660	13	RT_first_100nt	2	771.01002313	data/processed/p6_rnaseq/runs/SRR19152331/locus_coverage.tsv.gz
SRR19152331	B_0-3	0	3	10647	10661	14	RT_first_100nt	2	771.01002313	data/processed/p6_rnaseq/runs/SRR19152331/locus_coverage.tsv.gz
SRR19152331	B_0-3	0	3	10647	10662	15	RT_first_100nt	2	771.01002313	data/processed/p6_rnaseq/runs/SRR19152331/locus_coverage.tsv.gz
SRR19152331	B_0-3	0	3	10647	10663	16	RT_first_100nt	2	771.01002313	data/processed/p6_rnaseq/runs/SRR19152331/locus_coverage.tsv.gz
SRR19152331	B_0-3	0	3	10647	10664	17	RT_first_100nt	2	771.01002313	data/processed/p6_rnaseq/runs/SRR19152331/locus_coverage.tsv.gz
SRR19152331	B_0-3	0	3	10647	10665	18	RT_first_100nt	2	771.01002313	data/processed/p6_rnaseq/runs/SRR19152331/locus_coverage.tsv.gz
SRR19152331	B_0-3	0	3	10647	10666	19	RT_first_100nt	2	771.01002313	data/processed/p6_rnaseq/runs/SRR19152331/locus_coverage.tsv.gz
SRR19152331	B_0-3	0	3	10647	10667	20	RT_first_100nt	2	771.01002313	data/processed/p6_rnaseq/runs/SRR19152331/locus_coverage.tsv.gz
SRR19152331	B_0-3	0	3	10647	10668	21	RT_first_100nt	2	771.01002313	data/processed/p6_rnaseq/runs/SRR19152331/locus_coverage.tsv.gz
SRR19152331	B_0-3	0	3	10647	10669	22	RT_first_100nt	2	771.01002313	data/processed/p6_rnaseq/runs/SRR19152331/locus_coverage.tsv.gz
SRR19152331	B_0-3	0	3	10647	10670	23	RT_first_100nt	2	771.01002313	data/processed/p6_rnaseq/runs/SRR19152331/locus_coverage.tsv.gz
SRR19152331	B_0-3	0	3	10647	10671	24	RT_first_100nt	2	771.01002313	data/processed/p6_rnaseq/runs/SRR19152331/locus_coverage.tsv.gz
SRR19152331	B_0-3	0	3	10647	10672	25	RT_first_100nt	2	771.01002313	data/processed/p6_rnaseq/runs/SRR19152331/locus_coverage.tsv.gz
SRR19152331	B_0-3	0	3	10647	10673	26	RT_first_100nt	2	771.01002313	data/processed/p6_rnaseq/runs/SRR19152331/locus_coverage.tsv.gz
SRR19152331	B_0-3	0	3	10647	10674	27	RT_first_100nt	2	771.01002313	data/processed/p6_rnaseq/runs/SRR19152331/locus_coverage.tsv.gz
SRR19152331	B_0-3	0	3	10647	10675	28	RT_first_100nt	2	771.01002313	data/processed/p6_rnaseq/runs/SRR19152331/locus_coverage.tsv.gz
SRR19152331	B_0-3	0	3	10647	10676	29	RT_first_100nt	2	771.01002313	data/processed/p6_rnaseq/runs/SRR19152331/locus_coverage.tsv.gz
SRR19152331	B_0-3	0	3	10647	10677	30	RT_first_100nt	2	771.01002313	data/processed/p6_rnaseq/runs/SRR19152331/locus_coverage.tsv.gz
SRR19152331	B_0-3	0	3	10647	10678	31	RT_first_100nt	2	771.01002313	data/processed/p6_rnaseq/runs/SRR19152331/locus_coverage.tsv.gz
SRR19152331	B_0-3	0	3	10647	10679	32	RT_first_100nt	2	771.01002313	data/processed/p6_rnaseq/runs/SRR19152331/locus_coverage.tsv.gz
SRR19152331	B_0-3	0	3	10647	10680	33	RT_first_100nt	2	771.01002313	data/processed/p6_rnaseq/runs/SRR19152331/locus_coverage.tsv.gz
SRR19152331	B_0-3	0	3	10647	10681	34	RT_first_100nt	2	771.01002313	data/processed/p6_rnaseq/runs/SRR19152331/locus_coverage.tsv.gz
SRR19152331	B_0-3	0	3	10647	10682	35	RT_first_100nt	2	771.01002313	data/processed/p6_rnaseq/runs/SRR19152331/locus_coverage.tsv.gz
SRR19152331	B_0-3	0	3	10647	10683	36	RT_first_100nt	2	771.01002313	data/processed/p6_rnaseq/runs/SRR19152331/locus_coverage.tsv.gz
SRR19152331	B_0-3	0	3	10647	10684	37	RT_first_100nt	2	771.01002313	data/processed/p6_rnaseq/runs/SRR19152331/locus_coverage.tsv.gz
SRR19152331	B_0-3	0	3	10647	10685	38	RT_first_100nt	1	385.505011565	data/processed/p6_rnaseq/runs/SRR19152331/locus_coverage.tsv.gz
SRR19152331	B_0-3	0	3	10647	10686	39	RT_first_100nt	1	385.505011565	data/processed/p6_rnaseq/runs/SRR19152331/locus_coverage.tsv.gz
SRR19152331	B_0-3	0	3	10647	10687	40	RT_first_100nt	1	385.505011565	data/processed/p6_rnaseq/runs/SRR19152331/locus_coverage.tsv.gz
SRR19152331	B_0-3	0	3	10647	10688	41	RT_first_100nt	1	385.505011565	data/processed/p6_rnaseq/runs/SRR19152331/locus_coverage.tsv.gz
SRR19152331	B_0-3	0	3	10647	10689	42	RT_first_100nt	1	385.505011565	data/processed/p6_rnaseq/runs/SRR19152331/locus_coverage.tsv.gz
SRR19152331	B_0-3	0	3	10647	10690	43	RT_first_100nt	1	385.505011565	data/processed/p6_rnaseq/runs/SRR19152331/locus_coverage.tsv.gz
SRR19152331	B_0-3	0	3	10647	10691	44	RT_first_100nt	1	385.505011565	data/processed/p6_rnaseq/runs/SRR19152331/locus_coverage.tsv.gz
SRR19152331	B_0-3	0	3	10647	10692	45	RT_first_100nt	1	385.505011565	data/processed/p6_rnaseq/runs/SRR19152331/locus_coverage.tsv.gz
SRR19152331	B_0-3	0	3	10647	10693	46	RT_first_100nt	1	385.505011565	data/processed/p6_rnaseq/runs/SRR19152331/locus_coverage.tsv.gz
SRR19152331	B_0-3	0	3	10647	10694	47	RT_first_100nt	1	385.505011565	data/processed/p6_rnaseq/runs/SRR19152331/locus_coverage.tsv.gz
SRR19152331	B_0-3	0	3	10647	10695	48	RT_first_100nt	3	1156.515034695	data/processed/p6_rnaseq/runs/SRR19152331/locus_coverage.tsv.gz
SRR19152331	B_0-3	0	3	10647	10696	49	RT_first_100nt	3	1156.515034695	data/processed/p6_rnaseq/runs/SRR19152331/locus_coverage.tsv.gz
SRR19152331	B_0-3	0	3	10647	10697	50	RT_first_100nt	3	1156.515034695	data/processed/p6_rnaseq/runs/SRR19152331/locus_coverage.tsv.gz
SRR19152331	B_0-3	0	3	10647	10698	51	RT_first_100nt	3	1156.515034695	data/processed/p6_rnaseq/runs/SRR19152331/locus_coverage.tsv.gz
SRR19152331	B_0-3	0	3	10647	10699	52	RT_first_100nt	3	1156.515034695	data/processed/p6_rnaseq/runs/SRR19152331/locus_coverage.tsv.gz
SRR19152331	B_0-3	0	3	10647	10700	53	RT_first_100nt	3	1156.515034695	data/processed/p6_rnaseq/runs/SRR19152331/locus_coverage.tsv.gz
SRR19152331	B_0-3	0	3	10647	10701	54	RT_first_100nt	3	1156.515034695	data/processed/p6_rnaseq/runs/SRR19152331/locus_coverage.tsv.gz
SRR19152331	B_0-3	0	3	10647	10702	55	RT_first_100nt	3	1156.515034695	data/processed/p6_rnaseq/runs/SRR19152331/locus_coverage.tsv.gz
SRR19152331	B_0-3	0	3	10647	10703	56	RT_first_100nt	3	1156.515034695	data/processed/p6_rnaseq/runs/SRR19152331/locus_coverage.tsv.gz
SRR19152331	B_0-3	0	3	10647	10704	57	RT_first_100nt	3	1156.515034695	data/processed/p6_rnaseq/runs/SRR19152331/locus_coverage.tsv.gz
SRR19152331	B_0-3	0	3	10647	10705	58	RT_first_100nt	3	1156.515034695	data/processed/p6_rnaseq/runs/SRR19152331/locus_coverage.tsv.gz
SRR19152331	B_0-3	0	3	10647	10706	59	RT_first_100nt	3	1156.515034695	data/processed/p6_rnaseq/runs/SRR19152331/locus_coverage.tsv.gz
SRR19152331	B_0-3	0	3	10647	10707	60	RT_first_100nt	3	1156.515034695	data/processed/p6_rnaseq/runs/SRR19152331/locus_coverage.tsv.gz
SRR19152331	B_0-3	0	3	10647	10708	61	RT_first_100nt	3	1156.515034695	data/processed/p6_rnaseq/runs/SRR19152331/locus_coverage.tsv.gz
SRR19152331	B_0-3	0	3	10647	10709	62	RT_first_100nt	3	1156.515034695	data/processed/p6_rnaseq/runs/SRR19152331/locus_coverage.tsv.gz
SRR19152331	B_0-3	0	3	10647	10710	63	RT_first_100nt	3	1156.515034695	data/processed/p6_rnaseq/runs/SRR19152331/locus_coverage.tsv.gz
SRR19152331	B_0-3	0	3	10647	10711	64	RT_first_100nt	3	1156.515034695	data/processed/p6_rnaseq/runs/SRR19152331/locus_coverage.tsv.gz
SRR19152331	B_0-3	0	3	10647	10712	65	RT_first_100nt	3	1156.515034695	data/processed/p6_rnaseq/runs/SRR19152331/locus_coverage.tsv.gz
SRR19152331	B_0-3	0	3	10647	10713	66	RT_first_100nt	3	1156.515034695	data/processed/p6_rnaseq/runs/SRR19152331/locus_coverage.tsv.gz
SRR19152331	B_0-3	0	3	10647	10714	67	RT_first_100nt	3	1156.515034695	data/processed/p6_rnaseq/runs/SRR19152331/locus_coverage.tsv.gz
SRR19152331	B_0-3	0	3	10647	10715	68	RT_first_100nt	3	1156.515034695	data/processed/p6_rnaseq/runs/SRR19152331/locus_coverage.tsv.gz
SRR19152331	B_0-3	0	3	10647	10716	69	RT_first_100nt	3	1156.515034695	data/processed/p6_rnaseq/runs/SRR19152331/locus_coverage.tsv.gz
SRR19152331	B_0-3	0	3	10647	10717	70	RT_first_100nt	3	1156.515034695	data/processed/p6_rnaseq/runs/SRR19152331/locus_coverage.tsv.gz
SRR19152331	B_0-3	0	3	10647	10718	71	RT_first_100nt	3	1156.515034695	data/processed/p6_rnaseq/runs/SRR19152331/locus_coverage.tsv.gz
SRR19152331	B_0-3	0	3	10647	10719	72	RT_first_100nt	3	1156.515034695	data/processed/p6_rnaseq/runs/SRR19152331/locus_coverage.tsv.gz
SRR19152331	B_0-3	0	3	10647	10720	73	RT_first_100nt	3	1156.515034695	data/processed/p6_rnaseq/runs/SRR19152331/locus_coverage.tsv.gz
SRR19152331	B_0-3	0	3	10647	10721	74	RT_first_100nt	3	1156.515034695	data/processed/p6_rnaseq/runs/SRR19152331/locus_coverage.tsv.gz
SRR19152331	B_0-3	0	3	10647	10722	75	RT_first_100nt	3	1156.515034695	data/processed/p6_rnaseq/runs/SRR19152331/locus_coverage.tsv.gz
SRR19152331	B_0-3	0	3	10647	10723	76	RT_first_100nt	3	1156.515034695	data/processed/p6_rnaseq/runs/SRR19152331/locus_coverage.tsv.gz
SRR19152331	B_0-3	0	3	10647	10724	77	RT_first_100nt	3	1156.515034695	data/processed/p6_rnaseq/runs/SRR19152331/locus_coverage.tsv.gz
SRR19152331	B_0-3	0	3	10647	10725	78	RT_first_100nt	3	1156.515034695	data/processed/p6_rnaseq/runs/SRR19152331/locus_coverage.tsv.gz
SRR19152331	B_0-3	0	3	10647	10726	79	RT_first_100nt	3	1156.515034695	data/processed/p6_rnaseq/runs/SRR19152331/locus_coverage.tsv.gz
SRR19152331	B_0-3	0	3	10647	10727	80	RT_first_100nt	3	1156.515034695	data/processed/p6_rnaseq/runs/SRR19152331/locus_coverage.tsv.gz
SRR19152331	B_0-3	0	3	10647	10728	81	RT_first_100nt	3	1156.515034695	data/processed/p6_rnaseq/runs/SRR19152331/locus_coverage.tsv.gz
SRR19152331	B_0-3	0	3	10647	10729	82	RT_first_100nt	3	1156.515034695	data/processed/p6_rnaseq/runs/SRR19152331/locus_coverage.tsv.gz
SRR19152331	B_0-3	0	3	10647	10730	83	RT_first_100nt	4	1542.020046261	data/processed/p6_rnaseq/runs/SRR19152331/locus_coverage.tsv.gz
SRR19152331	B_0-3	0	3	10647	10731	84	RT_first_100nt	4	1542.020046261	data/processed/p6_rnaseq/runs/SRR19152331/locus_coverage.tsv.gz
SRR19152331	B_0-3	0	3	10647	10732	85	RT_first_100nt	4	1542.020046261	data/processed/p6_rnaseq/runs/SRR19152331/locus_coverage.tsv.gz
SRR19152331	B_0-3	0	3	10647	10733	86	RT_first_100nt	4	1542.020046261	data/processed/p6_rnaseq/runs/SRR19152331/locus_coverage.tsv.gz
SRR19152331	B_0-3	0	3	10647	10734	87	RT_first_100nt	4	1542.020046261	data/processed/p6_rnaseq/runs/SRR19152331/locus_coverage.tsv.gz
SRR19152331	B_0-3	0	3	10647	10735	88	RT_first_100nt	4	1542.020046261	data/processed/p6_rnaseq/runs/SRR19152331/locus_coverage.tsv.gz
SRR19152331	B_0-3	0	3	10647	10736	89	RT_first_100nt	4	1542.020046261	data/processed/p6_rnaseq/runs/SRR19152331/locus_coverage.tsv.gz
SRR19152331	B_0-3	0	3	10647	10737	90	RT_first_100nt	4	1542.020046261	data/processed/p6_rnaseq/runs/SRR19152331/locus_coverage.tsv.gz
SRR19152331	B_0-3	0	3	10647	10738	91	RT_first_100nt	4	1542.020046261	data/processed/p6_rnaseq/runs/SRR19152331/locus_coverage.tsv.gz
SRR19152331	B_0-3	0	3	10647	10739	92	RT_first_100nt	4	1542.020046261	data/processed/p6_rnaseq/runs/SRR19152331/locus_coverage.tsv.gz
SRR19152331	B_0-3	0	3	10647	10740	93	RT_first_100nt	4	1542.020046261	data/processed/p6_rnaseq/runs/SRR19152331/locus_coverage.tsv.gz
SRR19152331	B_0-3	0	3	10647	10741	94	RT_first_100nt	4	1542.020046261	data/processed/p6_rnaseq/runs/SRR19152331/locus_coverage.tsv.gz
SRR19152331	B_0-3	0	3	10647	10742	95	RT_first_100nt	4	1542.020046261	data/processed/p6_rnaseq/runs/SRR19152331/locus_coverage.tsv.gz
SRR19152331	B_0-3	0	3	10647	10743	96	RT_first_100nt	4	1542.020046261	data/processed/p6_rnaseq/runs/SRR19152331/locus_coverage.tsv.gz
SRR19152331	B_0-3	0	3	10647	10744	97	RT_first_100nt	4	1542.020046261	data/processed/p6_rnaseq/runs/SRR19152331/locus_coverage.tsv.gz
SRR19152331	B_0-3	0	3	10647	10745	98	RT_first_100nt	4	1542.020046261	data/processed/p6_rnaseq/runs/SRR19152331/locus_coverage.tsv.gz
SRR19152331	B_0-3	0	3	10647	10746	99	RT_first_100nt	4	1542.020046261	data/processed/p6_rnaseq/runs/SRR19152331/locus_coverage.tsv.gz
SRR19152330	B+P_5-1	5	1	10647	10547	-100	terminal_last_100nt	84912	14764.528616446	data/processed/p6_rnaseq/runs/SRR19152330/locus_coverage.tsv.gz
SRR19152330	B+P_5-1	5	1	10647	10548	-99	terminal_last_100nt	84919	14765.745778924	data/processed/p6_rnaseq/runs/SRR19152330/locus_coverage.tsv.gz
SRR19152330	B+P_5-1	5	1	10647	10549	-98	terminal_last_100nt	84913	14764.7024968	data/processed/p6_rnaseq/runs/SRR19152330/locus_coverage.tsv.gz
SRR19152330	B+P_5-1	5	1	10647	10550	-97	terminal_last_100nt	84909	14764.006975384	data/processed/p6_rnaseq/runs/SRR19152330/locus_coverage.tsv.gz
SRR19152330	B+P_5-1	5	1	10647	10551	-96	terminal_last_100nt	84877	14758.442804057	data/processed/p6_rnaseq/runs/SRR19152330/locus_coverage.tsv.gz
SRR19152330	B+P_5-1	5	1	10647	10552	-95	terminal_last_100nt	84876	14758.268923703	data/processed/p6_rnaseq/runs/SRR19152330/locus_coverage.tsv.gz
SRR19152330	B+P_5-1	5	1	10647	10553	-94	terminal_last_100nt	84817	14748.009982819	data/processed/p6_rnaseq/runs/SRR19152330/locus_coverage.tsv.gz
SRR19152330	B+P_5-1	5	1	10647	10554	-93	terminal_last_100nt	84839	14751.835350606	data/processed/p6_rnaseq/runs/SRR19152330/locus_coverage.tsv.gz
SRR19152330	B+P_5-1	5	1	10647	10555	-92	terminal_last_100nt	83438	14508.228974692	data/processed/p6_rnaseq/runs/SRR19152330/locus_coverage.tsv.gz
SRR19152330	B+P_5-1	5	1	10647	10556	-91	terminal_last_100nt	82988	14429.982815405	data/processed/p6_rnaseq/runs/SRR19152330/locus_coverage.tsv.gz
SRR19152330	B+P_5-1	5	1	10647	10557	-90	terminal_last_100nt	82841	14404.422403371	data/processed/p6_rnaseq/runs/SRR19152330/locus_coverage.tsv.gz
SRR19152330	B+P_5-1	5	1	10647	10558	-89	terminal_last_100nt	81435	14159.946625687	data/processed/p6_rnaseq/runs/SRR19152330/locus_coverage.tsv.gz
SRR19152330	B+P_5-1	5	1	10647	10559	-88	terminal_last_100nt	70948	12336.463353585	data/processed/p6_rnaseq/runs/SRR19152330/locus_coverage.tsv.gz
SRR19152330	B+P_5-1	5	1	10647	10560	-87	terminal_last_100nt	67519	11740.227619816	data/processed/p6_rnaseq/runs/SRR19152330/locus_coverage.tsv.gz
SRR19152330	B+P_5-1	5	1	10647	10561	-86	terminal_last_100nt	67317	11705.103788314	data/processed/p6_rnaseq/runs/SRR19152330/locus_coverage.tsv.gz
SRR19152330	B+P_5-1	5	1	10647	10562	-85	terminal_last_100nt	56377	9802.852715863	data/processed/p6_rnaseq/runs/SRR19152330/locus_coverage.tsv.gz
SRR19152330	B+P_5-1	5	1	10647	10563	-84	terminal_last_100nt	52522	9132.543951302	data/processed/p6_rnaseq/runs/SRR19152330/locus_coverage.tsv.gz
SRR19152330	B+P_5-1	5	1	10647	10564	-83	terminal_last_100nt	41860	7278.631617256	data/processed/p6_rnaseq/runs/SRR19152330/locus_coverage.tsv.gz
SRR19152330	B+P_5-1	5	1	10647	10565	-82	terminal_last_100nt	38205	6643.098923489	data/processed/p6_rnaseq/runs/SRR19152330/locus_coverage.tsv.gz
SRR19152330	B+P_5-1	5	1	10647	10566	-81	terminal_last_100nt	19873	3455.52427448	data/processed/p6_rnaseq/runs/SRR19152330/locus_coverage.tsv.gz
SRR19152330	B+P_5-1	5	1	10647	10567	-80	terminal_last_100nt	18654	3243.564122988	data/processed/p6_rnaseq/runs/SRR19152330/locus_coverage.tsv.gz
SRR19152330	B+P_5-1	5	1	10647	10568	-79	terminal_last_100nt	18538	3223.394001928	data/processed/p6_rnaseq/runs/SRR19152330/locus_coverage.tsv.gz
SRR19152330	B+P_5-1	5	1	10647	10569	-78	terminal_last_100nt	18485	3214.178343167	data/processed/p6_rnaseq/runs/SRR19152330/locus_coverage.tsv.gz
SRR19152330	B+P_5-1	5	1	10647	10570	-77	terminal_last_100nt	18410	3201.137316619	data/processed/p6_rnaseq/runs/SRR19152330/locus_coverage.tsv.gz
SRR19152330	B+P_5-1	5	1	10647	10571	-76	terminal_last_100nt	18419	3202.702239805	data/processed/p6_rnaseq/runs/SRR19152330/locus_coverage.tsv.gz
SRR19152330	B+P_5-1	5	1	10647	10572	-75	terminal_last_100nt	18427	3204.093282637	data/processed/p6_rnaseq/runs/SRR19152330/locus_coverage.tsv.gz
SRR19152330	B+P_5-1	5	1	10647	10573	-74	terminal_last_100nt	18426	3203.919402283	data/processed/p6_rnaseq/runs/SRR19152330/locus_coverage.tsv.gz
SRR19152330	B+P_5-1	5	1	10647	10574	-73	terminal_last_100nt	18424	3203.571641575	data/processed/p6_rnaseq/runs/SRR19152330/locus_coverage.tsv.gz
SRR19152330	B+P_5-1	5	1	10647	10575	-72	terminal_last_100nt	18430	3204.614923699	data/processed/p6_rnaseq/runs/SRR19152330/locus_coverage.tsv.gz
SRR19152330	B+P_5-1	5	1	10647	10576	-71	terminal_last_100nt	18421	3203.050000513	data/processed/p6_rnaseq/runs/SRR19152330/locus_coverage.tsv.gz
SRR19152330	B+P_5-1	5	1	10647	10577	-70	terminal_last_100nt	18417	3202.354479097	data/processed/p6_rnaseq/runs/SRR19152330/locus_coverage.tsv.gz
SRR19152330	B+P_5-1	5	1	10647	10578	-69	terminal_last_100nt	18412	3201.485077327	data/processed/p6_rnaseq/runs/SRR19152330/locus_coverage.tsv.gz
SRR19152330	B+P_5-1	5	1	10647	10579	-68	terminal_last_100nt	18413	3201.658957681	data/processed/p6_rnaseq/runs/SRR19152330/locus_coverage.tsv.gz
SRR19152330	B+P_5-1	5	1	10647	10580	-67	terminal_last_100nt	18428	3204.267162991	data/processed/p6_rnaseq/runs/SRR19152330/locus_coverage.tsv.gz
SRR19152330	B+P_5-1	5	1	10647	10581	-66	terminal_last_100nt	18423	3203.397761221	data/processed/p6_rnaseq/runs/SRR19152330/locus_coverage.tsv.gz
SRR19152330	B+P_5-1	5	1	10647	10582	-65	terminal_last_100nt	18424	3203.571641575	data/processed/p6_rnaseq/runs/SRR19152330/locus_coverage.tsv.gz
SRR19152330	B+P_5-1	5	1	10647	10583	-64	terminal_last_100nt	18432	3204.962684407	data/processed/p6_rnaseq/runs/SRR19152330/locus_coverage.tsv.gz
SRR19152330	B+P_5-1	5	1	10647	10584	-63	terminal_last_100nt	18431	3204.788804053	data/processed/p6_rnaseq/runs/SRR19152330/locus_coverage.tsv.gz
SRR19152330	B+P_5-1	5	1	10647	10585	-62	terminal_last_100nt	18433	3205.136564761	data/processed/p6_rnaseq/runs/SRR19152330/locus_coverage.tsv.gz
SRR19152330	B+P_5-1	5	1	10647	10586	-61	terminal_last_100nt	18434	3205.310445115	data/processed/p6_rnaseq/runs/SRR19152330/locus_coverage.tsv.gz
SRR19152330	B+P_5-1	5	1	10647	10587	-60	terminal_last_100nt	18435	3205.484325469	data/processed/p6_rnaseq/runs/SRR19152330/locus_coverage.tsv.gz
SRR19152330	B+P_5-1	5	1	10647	10588	-59	terminal_last_100nt	18437	3205.832086176	data/processed/p6_rnaseq/runs/SRR19152330/locus_coverage.tsv.gz
SRR19152330	B+P_5-1	5	1	10647	10589	-58	terminal_last_100nt	18439	3206.179846884	data/processed/p6_rnaseq/runs/SRR19152330/locus_coverage.tsv.gz
SRR19152330	B+P_5-1	5	1	10647	10590	-57	terminal_last_100nt	18439	3206.179846884	data/processed/p6_rnaseq/runs/SRR19152330/locus_coverage.tsv.gz
SRR19152330	B+P_5-1	5	1	10647	10591	-56	terminal_last_100nt	18441	3206.527607592	data/processed/p6_rnaseq/runs/SRR19152330/locus_coverage.tsv.gz
SRR19152330	B+P_5-1	5	1	10647	10592	-55	terminal_last_100nt	18441	3206.527607592	data/processed/p6_rnaseq/runs/SRR19152330/locus_coverage.tsv.gz
SRR19152330	B+P_5-1	5	1	10647	10593	-54	terminal_last_100nt	18448	3207.74477007	data/processed/p6_rnaseq/runs/SRR19152330/locus_coverage.tsv.gz
SRR19152330	B+P_5-1	5	1	10647	10594	-53	terminal_last_100nt	18457	3209.309693256	data/processed/p6_rnaseq/runs/SRR19152330/locus_coverage.tsv.gz
SRR19152330	B+P_5-1	5	1	10647	10595	-52	terminal_last_100nt	18467	3211.048496796	data/processed/p6_rnaseq/runs/SRR19152330/locus_coverage.tsv.gz
SRR19152330	B+P_5-1	5	1	10647	10596	-51	terminal_last_100nt	18471	3211.744018212	data/processed/p6_rnaseq/runs/SRR19152330/locus_coverage.tsv.gz
SRR19152330	B+P_5-1	5	1	10647	10597	-50	terminal_last_100nt	18468	3211.22237715	data/processed/p6_rnaseq/runs/SRR19152330/locus_coverage.tsv.gz
SRR19152330	B+P_5-1	5	1	10647	10598	-49	terminal_last_100nt	18486	3214.352223521	data/processed/p6_rnaseq/runs/SRR19152330/locus_coverage.tsv.gz
SRR19152330	B+P_5-1	5	1	10647	10599	-48	terminal_last_100nt	18502	3217.134309185	data/processed/p6_rnaseq/runs/SRR19152330/locus_coverage.tsv.gz
SRR19152330	B+P_5-1	5	1	10647	10600	-47	terminal_last_100nt	18561	3227.393250069	data/processed/p6_rnaseq/runs/SRR19152330/locus_coverage.tsv.gz
SRR19152330	B+P_5-1	5	1	10647	10601	-46	terminal_last_100nt	18664	3245.302926528	data/processed/p6_rnaseq/runs/SRR19152330/locus_coverage.tsv.gz
SRR19152330	B+P_5-1	5	1	10647	10602	-45	terminal_last_100nt	18672	3246.69396936	data/processed/p6_rnaseq/runs/SRR19152330/locus_coverage.tsv.gz
SRR19152330	B+P_5-1	5	1	10647	10603	-44	terminal_last_100nt	18693	3250.345456793	data/processed/p6_rnaseq/runs/SRR19152330/locus_coverage.tsv.gz
SRR19152330	B+P_5-1	5	1	10647	10604	-43	terminal_last_100nt	18698	3251.214858563	data/processed/p6_rnaseq/runs/SRR19152330/locus_coverage.tsv.gz
SRR19152330	B+P_5-1	5	1	10647	10605	-42	terminal_last_100nt	18745	3259.3872352	data/processed/p6_rnaseq/runs/SRR19152330/locus_coverage.tsv.gz
SRR19152330	B+P_5-1	5	1	10647	10606	-41	terminal_last_100nt	18789	3267.037970775	data/processed/p6_rnaseq/runs/SRR19152330/locus_coverage.tsv.gz
SRR19152330	B+P_5-1	5	1	10647	10607	-40	terminal_last_100nt	18819	3272.254381394	data/processed/p6_rnaseq/runs/SRR19152330/locus_coverage.tsv.gz
SRR19152330	B+P_5-1	5	1	10647	10608	-39	terminal_last_100nt	18829	3273.993184933	data/processed/p6_rnaseq/runs/SRR19152330/locus_coverage.tsv.gz
SRR19152330	B+P_5-1	5	1	10647	10609	-38	terminal_last_100nt	18829	3273.993184933	data/processed/p6_rnaseq/runs/SRR19152330/locus_coverage.tsv.gz
SRR19152330	B+P_5-1	5	1	10647	10610	-37	terminal_last_100nt	18856	3278.687954491	data/processed/p6_rnaseq/runs/SRR19152330/locus_coverage.tsv.gz
SRR19152330	B+P_5-1	5	1	10647	10611	-36	terminal_last_100nt	18866	3280.42675803	data/processed/p6_rnaseq/runs/SRR19152330/locus_coverage.tsv.gz
SRR19152330	B+P_5-1	5	1	10647	10612	-35	terminal_last_100nt	18896	3285.64316865	data/processed/p6_rnaseq/runs/SRR19152330/locus_coverage.tsv.gz
SRR19152330	B+P_5-1	5	1	10647	10613	-34	terminal_last_100nt	18900	3286.338690065	data/processed/p6_rnaseq/runs/SRR19152330/locus_coverage.tsv.gz
SRR19152330	B+P_5-1	5	1	10647	10614	-33	terminal_last_100nt	18904	3287.034211481	data/processed/p6_rnaseq/runs/SRR19152330/locus_coverage.tsv.gz
SRR19152330	B+P_5-1	5	1	10647	10615	-32	terminal_last_100nt	18914	3288.773015021	data/processed/p6_rnaseq/runs/SRR19152330/locus_coverage.tsv.gz
SRR19152330	B+P_5-1	5	1	10647	10616	-31	terminal_last_100nt	18924	3290.511818561	data/processed/p6_rnaseq/runs/SRR19152330/locus_coverage.tsv.gz
SRR19152330	B+P_5-1	5	1	10647	10617	-30	terminal_last_100nt	18969	3298.336434489	data/processed/p6_rnaseq/runs/SRR19152330/locus_coverage.tsv.gz
SRR19152330	B+P_5-1	5	1	10647	10618	-29	terminal_last_100nt	18971	3298.684195197	data/processed/p6_rnaseq/runs/SRR19152330/locus_coverage.tsv.gz
SRR19152330	B+P_5-1	5	1	10647	10619	-28	terminal_last_100nt	18968	3298.162554135	data/processed/p6_rnaseq/runs/SRR19152330/locus_coverage.tsv.gz
SRR19152330	B+P_5-1	5	1	10647	10620	-27	terminal_last_100nt	18965	3297.640913074	data/processed/p6_rnaseq/runs/SRR19152330/locus_coverage.tsv.gz
SRR19152330	B+P_5-1	5	1	10647	10621	-26	terminal_last_100nt	18959	3296.59763095	data/processed/p6_rnaseq/runs/SRR19152330/locus_coverage.tsv.gz
SRR19152330	B+P_5-1	5	1	10647	10622	-25	terminal_last_100nt	18952	3295.380468472	data/processed/p6_rnaseq/runs/SRR19152330/locus_coverage.tsv.gz
SRR19152330	B+P_5-1	5	1	10647	10623	-24	terminal_last_100nt	18943	3293.815545286	data/processed/p6_rnaseq/runs/SRR19152330/locus_coverage.tsv.gz
SRR19152330	B+P_5-1	5	1	10647	10624	-23	terminal_last_100nt	18745	3259.3872352	data/processed/p6_rnaseq/runs/SRR19152330/locus_coverage.tsv.gz
SRR19152330	B+P_5-1	5	1	10647	10625	-22	terminal_last_100nt	18727	3256.257388828	data/processed/p6_rnaseq/runs/SRR19152330/locus_coverage.tsv.gz
SRR19152330	B+P_5-1	5	1	10647	10626	-21	terminal_last_100nt	18704	3252.258140687	data/processed/p6_rnaseq/runs/SRR19152330/locus_coverage.tsv.gz
SRR19152330	B+P_5-1	5	1	10647	10627	-20	terminal_last_100nt	18700	3251.562619271	data/processed/p6_rnaseq/runs/SRR19152330/locus_coverage.tsv.gz
SRR19152330	B+P_5-1	5	1	10647	10628	-19	terminal_last_100nt	18597	3233.652942812	data/processed/p6_rnaseq/runs/SRR19152330/locus_coverage.tsv.gz
SRR19152330	B+P_5-1	5	1	10647	10629	-18	terminal_last_100nt	18624	3238.347712369	data/processed/p6_rnaseq/runs/SRR19152330/locus_coverage.tsv.gz
SRR19152330	B+P_5-1	5	1	10647	10630	-17	terminal_last_100nt	17855	3104.633720165	data/processed/p6_rnaseq/runs/SRR19152330/locus_coverage.tsv.gz
SRR19152330	B+P_5-1	5	1	10647	10631	-16	terminal_last_100nt	17463	3036.472621408	data/processed/p6_rnaseq/runs/SRR19152330/locus_coverage.tsv.gz
SRR19152330	B+P_5-1	5	1	10647	10632	-15	terminal_last_100nt	16867	2932.839930441	data/processed/p6_rnaseq/runs/SRR19152330/locus_coverage.tsv.gz
SRR19152330	B+P_5-1	5	1	10647	10633	-14	terminal_last_100nt	13854	2408.938423924	data/processed/p6_rnaseq/runs/SRR19152330/locus_coverage.tsv.gz
SRR19152330	B+P_5-1	5	1	10647	10634	-13	terminal_last_100nt	13179	2291.569184993	data/processed/p6_rnaseq/runs/SRR19152330/locus_coverage.tsv.gz
SRR19152330	B+P_5-1	5	1	10647	10635	-12	terminal_last_100nt	5949	1034.414225778	data/processed/p6_rnaseq/runs/SRR19152330/locus_coverage.tsv.gz
SRR19152330	B+P_5-1	5	1	10647	10636	-11	terminal_last_100nt	5492	954.950904013	data/processed/p6_rnaseq/runs/SRR19152330/locus_coverage.tsv.gz
SRR19152330	B+P_5-1	5	1	10647	10637	-10	terminal_last_100nt	5778	1004.680685249	data/processed/p6_rnaseq/runs/SRR19152330/locus_coverage.tsv.gz
SRR19152330	B+P_5-1	5	1	10647	10638	-9	terminal_last_100nt	5850	1017.200070735	data/processed/p6_rnaseq/runs/SRR19152330/locus_coverage.tsv.gz
SRR19152330	B+P_5-1	5	1	10647	10639	-8	terminal_last_100nt	6077	1056.670911086	data/processed/p6_rnaseq/runs/SRR19152330/locus_coverage.tsv.gz
SRR19152330	B+P_5-1	5	1	10647	10640	-7	terminal_last_100nt	6087	1058.409714626	data/processed/p6_rnaseq/runs/SRR19152330/locus_coverage.tsv.gz
SRR19152330	B+P_5-1	5	1	10647	10641	-6	terminal_last_100nt	6114	1063.104484183	data/processed/p6_rnaseq/runs/SRR19152330/locus_coverage.tsv.gz
SRR19152330	B+P_5-1	5	1	10647	10642	-5	terminal_last_100nt	6286	1093.011905066	data/processed/p6_rnaseq/runs/SRR19152330/locus_coverage.tsv.gz
SRR19152330	B+P_5-1	5	1	10647	10643	-4	terminal_last_100nt	6263	1089.012656925	data/processed/p6_rnaseq/runs/SRR19152330/locus_coverage.tsv.gz
SRR19152330	B+P_5-1	5	1	10647	10644	-3	terminal_last_100nt	6396	1112.138744003	data/processed/p6_rnaseq/runs/SRR19152330/locus_coverage.tsv.gz
SRR19152330	B+P_5-1	5	1	10647	10645	-2	terminal_last_100nt	6420	1116.311872498	data/processed/p6_rnaseq/runs/SRR19152330/locus_coverage.tsv.gz
SRR19152330	B+P_5-1	5	1	10647	10646	-1	terminal_last_100nt	6346	1103.444726304	data/processed/p6_rnaseq/runs/SRR19152330/locus_coverage.tsv.gz
SRR19152330	B+P_5-1	5	1	10647	10647	0	RT_first_100nt	6342	1102.749204889	data/processed/p6_rnaseq/runs/SRR19152330/locus_coverage.tsv.gz
SRR19152330	B+P_5-1	5	1	10647	10648	1	RT_first_100nt	6349	1103.966367366	data/processed/p6_rnaseq/runs/SRR19152330/locus_coverage.tsv.gz
SRR19152330	B+P_5-1	5	1	10647	10649	2	RT_first_100nt	6455	1122.397684887	data/processed/p6_rnaseq/runs/SRR19152330/locus_coverage.tsv.gz
SRR19152330	B+P_5-1	5	1	10647	10650	3	RT_first_100nt	6613	1149.870780815	data/processed/p6_rnaseq/runs/SRR19152330/locus_coverage.tsv.gz
SRR19152330	B+P_5-1	5	1	10647	10651	4	RT_first_100nt	6633	1153.348387894	data/processed/p6_rnaseq/runs/SRR19152330/locus_coverage.tsv.gz
SRR19152330	B+P_5-1	5	1	10647	10652	5	RT_first_100nt	6640	1154.565550372	data/processed/p6_rnaseq/runs/SRR19152330/locus_coverage.tsv.gz
SRR19152330	B+P_5-1	5	1	10647	10653	6	RT_first_100nt	6648	1155.956593204	data/processed/p6_rnaseq/runs/SRR19152330/locus_coverage.tsv.gz
SRR19152330	B+P_5-1	5	1	10647	10654	7	RT_first_100nt	6659	1157.869277098	data/processed/p6_rnaseq/runs/SRR19152330/locus_coverage.tsv.gz
SRR19152330	B+P_5-1	5	1	10647	10655	8	RT_first_100nt	6706	1166.041653734	data/processed/p6_rnaseq/runs/SRR19152330/locus_coverage.tsv.gz
SRR19152330	B+P_5-1	5	1	10647	10656	9	RT_first_100nt	6709	1166.563294796	data/processed/p6_rnaseq/runs/SRR19152330/locus_coverage.tsv.gz
SRR19152330	B+P_5-1	5	1	10647	10657	10	RT_first_100nt	6712	1167.084935858	data/processed/p6_rnaseq/runs/SRR19152330/locus_coverage.tsv.gz
SRR19152330	B+P_5-1	5	1	10647	10658	11	RT_first_100nt	6734	1170.910303646	data/processed/p6_rnaseq/runs/SRR19152330/locus_coverage.tsv.gz
SRR19152330	B+P_5-1	5	1	10647	10659	12	RT_first_100nt	6743	1172.475226831	data/processed/p6_rnaseq/runs/SRR19152330/locus_coverage.tsv.gz
SRR19152330	B+P_5-1	5	1	10647	10660	13	RT_first_100nt	6750	1173.692389309	data/processed/p6_rnaseq/runs/SRR19152330/locus_coverage.tsv.gz
SRR19152330	B+P_5-1	5	1	10647	10661	14	RT_first_100nt	6779	1178.734919574	data/processed/p6_rnaseq/runs/SRR19152330/locus_coverage.tsv.gz
SRR19152330	B+P_5-1	5	1	10647	10662	15	RT_first_100nt	6858	1192.471467538	data/processed/p6_rnaseq/runs/SRR19152330/locus_coverage.tsv.gz
SRR19152330	B+P_5-1	5	1	10647	10663	16	RT_first_100nt	6935	1205.860254794	data/processed/p6_rnaseq/runs/SRR19152330/locus_coverage.tsv.gz
SRR19152330	B+P_5-1	5	1	10647	10664	17	RT_first_100nt	6959	1210.033383289	data/processed/p6_rnaseq/runs/SRR19152330/locus_coverage.tsv.gz
SRR19152330	B+P_5-1	5	1	10647	10665	18	RT_first_100nt	6998	1216.814717094	data/processed/p6_rnaseq/runs/SRR19152330/locus_coverage.tsv.gz
SRR19152330	B+P_5-1	5	1	10647	10666	19	RT_first_100nt	7006	1218.205759926	data/processed/p6_rnaseq/runs/SRR19152330/locus_coverage.tsv.gz
SRR19152330	B+P_5-1	5	1	10647	10667	20	RT_first_100nt	7316	1272.108669657	data/processed/p6_rnaseq/runs/SRR19152330/locus_coverage.tsv.gz
SRR19152330	B+P_5-1	5	1	10647	10668	21	RT_first_100nt	7438	1293.322072842	data/processed/p6_rnaseq/runs/SRR19152330/locus_coverage.tsv.gz
SRR19152330	B+P_5-1	5	1	10647	10669	22	RT_first_100nt	7471	1299.060124523	data/processed/p6_rnaseq/runs/SRR19152330/locus_coverage.tsv.gz
SRR19152330	B+P_5-1	5	1	10647	10670	23	RT_first_100nt	7539	1310.883988593	data/processed/p6_rnaseq/runs/SRR19152330/locus_coverage.tsv.gz
SRR19152330	B+P_5-1	5	1	10647	10671	24	RT_first_100nt	7537	1310.536227885	data/processed/p6_rnaseq/runs/SRR19152330/locus_coverage.tsv.gz
SRR19152330	B+P_5-1	5	1	10647	10672	25	RT_first_100nt	7673	1334.183956025	data/processed/p6_rnaseq/runs/SRR19152330/locus_coverage.tsv.gz
SRR19152330	B+P_5-1	5	1	10647	10673	26	RT_first_100nt	7845	1364.091376908	data/processed/p6_rnaseq/runs/SRR19152330/locus_coverage.tsv.gz
SRR19152330	B+P_5-1	5	1	10647	10674	27	RT_first_100nt	7939	1380.436130181	data/processed/p6_rnaseq/runs/SRR19152330/locus_coverage.tsv.gz
SRR19152330	B+P_5-1	5	1	10647	10675	28	RT_first_100nt	8033	1396.780883455	data/processed/p6_rnaseq/runs/SRR19152330/locus_coverage.tsv.gz
SRR19152330	B+P_5-1	5	1	10647	10676	29	RT_first_100nt	8071	1403.388336906	data/processed/p6_rnaseq/runs/SRR19152330/locus_coverage.tsv.gz
SRR19152330	B+P_5-1	5	1	10647	10677	30	RT_first_100nt	8113	1410.691311773	data/processed/p6_rnaseq/runs/SRR19152330/locus_coverage.tsv.gz
SRR19152330	B+P_5-1	5	1	10647	10678	31	RT_first_100nt	8168	1420.254731241	data/processed/p6_rnaseq/runs/SRR19152330/locus_coverage.tsv.gz
SRR19152330	B+P_5-1	5	1	10647	10679	32	RT_first_100nt	8160	1418.863688409	data/processed/p6_rnaseq/runs/SRR19152330/locus_coverage.tsv.gz
SRR19152330	B+P_5-1	5	1	10647	10680	33	RT_first_100nt	8111	1410.343551065	data/processed/p6_rnaseq/runs/SRR19152330/locus_coverage.tsv.gz
SRR19152330	B+P_5-1	5	1	10647	10681	34	RT_first_100nt	8054	1400.432370888	data/processed/p6_rnaseq/runs/SRR19152330/locus_coverage.tsv.gz
SRR19152330	B+P_5-1	5	1	10647	10682	35	RT_first_100nt	7959	1383.913737261	data/processed/p6_rnaseq/runs/SRR19152330/locus_coverage.tsv.gz
SRR19152330	B+P_5-1	5	1	10647	10683	36	RT_first_100nt	7875	1369.307787527	data/processed/p6_rnaseq/runs/SRR19152330/locus_coverage.tsv.gz
SRR19152330	B+P_5-1	5	1	10647	10684	37	RT_first_100nt	7864	1367.395103634	data/processed/p6_rnaseq/runs/SRR19152330/locus_coverage.tsv.gz
SRR19152330	B+P_5-1	5	1	10647	10685	38	RT_first_100nt	7640	1328.445904344	data/processed/p6_rnaseq/runs/SRR19152330/locus_coverage.tsv.gz
SRR19152330	B+P_5-1	5	1	10647	10686	39	RT_first_100nt	7620	1324.968297264	data/processed/p6_rnaseq/runs/SRR19152330/locus_coverage.tsv.gz
SRR19152330	B+P_5-1	5	1	10647	10687	40	RT_first_100nt	7757	1348.789905759	data/processed/p6_rnaseq/runs/SRR19152330/locus_coverage.tsv.gz
SRR19152330	B+P_5-1	5	1	10647	10688	41	RT_first_100nt	7795	1355.39735921	data/processed/p6_rnaseq/runs/SRR19152330/locus_coverage.tsv.gz
SRR19152330	B+P_5-1	5	1	10647	10689	42	RT_first_100nt	7718	1342.008571954	data/processed/p6_rnaseq/runs/SRR19152330/locus_coverage.tsv.gz
SRR19152330	B+P_5-1	5	1	10647	10690	43	RT_first_100nt	6790	1180.647603468	data/processed/p6_rnaseq/runs/SRR19152330/locus_coverage.tsv.gz
SRR19152330	B+P_5-1	5	1	10647	10691	44	RT_first_100nt	6786	1179.952082052	data/processed/p6_rnaseq/runs/SRR19152330/locus_coverage.tsv.gz
SRR19152330	B+P_5-1	5	1	10647	10692	45	RT_first_100nt	6804	1183.081928424	data/processed/p6_rnaseq/runs/SRR19152330/locus_coverage.tsv.gz
SRR19152330	B+P_5-1	5	1	10647	10693	46	RT_first_100nt	6903	1200.296083467	data/processed/p6_rnaseq/runs/SRR19152330/locus_coverage.tsv.gz
SRR19152330	B+P_5-1	5	1	10647	10694	47	RT_first_100nt	6924	1203.9475709	data/processed/p6_rnaseq/runs/SRR19152330/locus_coverage.tsv.gz
SRR19152330	B+P_5-1	5	1	10647	10695	48	RT_first_100nt	6996	1216.466956386	data/processed/p6_rnaseq/runs/SRR19152330/locus_coverage.tsv.gz
SRR19152330	B+P_5-1	5	1	10647	10696	49	RT_first_100nt	7018	1220.292324173	data/processed/p6_rnaseq/runs/SRR19152330/locus_coverage.tsv.gz
SRR19152330	B+P_5-1	5	1	10647	10697	50	RT_first_100nt	7097	1234.028872137	data/processed/p6_rnaseq/runs/SRR19152330/locus_coverage.tsv.gz
SRR19152330	B+P_5-1	5	1	10647	10698	51	RT_first_100nt	7032	1222.726649129	data/processed/p6_rnaseq/runs/SRR19152330/locus_coverage.tsv.gz
SRR19152330	B+P_5-1	5	1	10647	10699	52	RT_first_100nt	7064	1228.290820456	data/processed/p6_rnaseq/runs/SRR19152330/locus_coverage.tsv.gz
SRR19152330	B+P_5-1	5	1	10647	10700	53	RT_first_100nt	7056	1226.899777624	data/processed/p6_rnaseq/runs/SRR19152330/locus_coverage.tsv.gz
SRR19152330	B+P_5-1	5	1	10647	10701	54	RT_first_100nt	7097	1234.028872137	data/processed/p6_rnaseq/runs/SRR19152330/locus_coverage.tsv.gz
SRR19152330	B+P_5-1	5	1	10647	10702	55	RT_first_100nt	7069	1229.160222226	data/processed/p6_rnaseq/runs/SRR19152330/locus_coverage.tsv.gz
SRR19152330	B+P_5-1	5	1	10647	10703	56	RT_first_100nt	7325	1273.673592843	data/processed/p6_rnaseq/runs/SRR19152330/locus_coverage.tsv.gz
SRR19152330	B+P_5-1	5	1	10647	10704	57	RT_first_100nt	7321	1272.978071427	data/processed/p6_rnaseq/runs/SRR19152330/locus_coverage.tsv.gz
SRR19152330	B+P_5-1	5	1	10647	10705	58	RT_first_100nt	7329	1274.369114259	data/processed/p6_rnaseq/runs/SRR19152330/locus_coverage.tsv.gz
SRR19152330	B+P_5-1	5	1	10647	10706	59	RT_first_100nt	7337	1275.76015709	data/processed/p6_rnaseq/runs/SRR19152330/locus_coverage.tsv.gz
SRR19152330	B+P_5-1	5	1	10647	10707	60	RT_first_100nt	7352	1278.3683624	data/processed/p6_rnaseq/runs/SRR19152330/locus_coverage.tsv.gz
SRR19152330	B+P_5-1	5	1	10647	10708	61	RT_first_100nt	7366	1280.802687356	data/processed/p6_rnaseq/runs/SRR19152330/locus_coverage.tsv.gz
SRR19152330	B+P_5-1	5	1	10647	10709	62	RT_first_100nt	7374	1282.193730187	data/processed/p6_rnaseq/runs/SRR19152330/locus_coverage.tsv.gz
SRR19152330	B+P_5-1	5	1	10647	10710	63	RT_first_100nt	7395	1285.845217621	data/processed/p6_rnaseq/runs/SRR19152330/locus_coverage.tsv.gz
SRR19152330	B+P_5-1	5	1	10647	10711	64	RT_first_100nt	7407	1287.931781868	data/processed/p6_rnaseq/runs/SRR19152330/locus_coverage.tsv.gz
SRR19152330	B+P_5-1	5	1	10647	10712	65	RT_first_100nt	7417	1289.670585408	data/processed/p6_rnaseq/runs/SRR19152330/locus_coverage.tsv.gz
SRR19152330	B+P_5-1	5	1	10647	10713	66	RT_first_100nt	7422	1290.539987178	data/processed/p6_rnaseq/runs/SRR19152330/locus_coverage.tsv.gz
SRR19152330	B+P_5-1	5	1	10647	10714	67	RT_first_100nt	7427	1291.409388948	data/processed/p6_rnaseq/runs/SRR19152330/locus_coverage.tsv.gz
SRR19152330	B+P_5-1	5	1	10647	10715	68	RT_first_100nt	7444	1294.365354965	data/processed/p6_rnaseq/runs/SRR19152330/locus_coverage.tsv.gz
SRR19152330	B+P_5-1	5	1	10647	10716	69	RT_first_100nt	7482	1300.972808416	data/processed/p6_rnaseq/runs/SRR19152330/locus_coverage.tsv.gz
SRR19152330	B+P_5-1	5	1	10647	10717	70	RT_first_100nt	7493	1302.88549231	data/processed/p6_rnaseq/runs/SRR19152330/locus_coverage.tsv.gz
SRR19152330	B+P_5-1	5	1	10647	10718	71	RT_first_100nt	7496	1303.407133372	data/processed/p6_rnaseq/runs/SRR19152330/locus_coverage.tsv.gz
SRR19152330	B+P_5-1	5	1	10647	10719	72	RT_first_100nt	7515	1306.710860097	data/processed/p6_rnaseq/runs/SRR19152330/locus_coverage.tsv.gz
SRR19152330	B+P_5-1	5	1	10647	10720	73	RT_first_100nt	7547	1312.275031425	data/processed/p6_rnaseq/runs/SRR19152330/locus_coverage.tsv.gz
SRR19152330	B+P_5-1	5	1	10647	10721	74	RT_first_100nt	7575	1317.143681336	data/processed/p6_rnaseq/runs/SRR19152330/locus_coverage.tsv.gz
SRR19152330	B+P_5-1	5	1	10647	10722	75	RT_first_100nt	7576	1317.31756169	data/processed/p6_rnaseq/runs/SRR19152330/locus_coverage.tsv.gz
SRR19152330	B+P_5-1	5	1	10647	10723	76	RT_first_100nt	7647	1329.663066822	data/processed/p6_rnaseq/runs/SRR19152330/locus_coverage.tsv.gz
SRR19152330	B+P_5-1	5	1	10647	10724	77	RT_first_100nt	7650	1330.184707884	data/processed/p6_rnaseq/runs/SRR19152330/locus_coverage.tsv.gz
SRR19152330	B+P_5-1	5	1	10647	10725	78	RT_first_100nt	7660	1331.923511423	data/processed/p6_rnaseq/runs/SRR19152330/locus_coverage.tsv.gz
SRR19152330	B+P_5-1	5	1	10647	10726	79	RT_first_100nt	7706	1339.922007706	data/processed/p6_rnaseq/runs/SRR19152330/locus_coverage.tsv.gz
SRR19152330	B+P_5-1	5	1	10647	10727	80	RT_first_100nt	7761	1349.485427174	data/processed/p6_rnaseq/runs/SRR19152330/locus_coverage.tsv.gz
SRR19152330	B+P_5-1	5	1	10647	10728	81	RT_first_100nt	7767	1350.528709298	data/processed/p6_rnaseq/runs/SRR19152330/locus_coverage.tsv.gz
SRR19152330	B+P_5-1	5	1	10647	10729	82	RT_first_100nt	7788	1354.180196732	data/processed/p6_rnaseq/runs/SRR19152330/locus_coverage.tsv.gz
SRR19152330	B+P_5-1	5	1	10647	10730	83	RT_first_100nt	7934	1379.566728412	data/processed/p6_rnaseq/runs/SRR19152330/locus_coverage.tsv.gz
SRR19152330	B+P_5-1	5	1	10647	10731	84	RT_first_100nt	8048	1399.389088764	data/processed/p6_rnaseq/runs/SRR19152330/locus_coverage.tsv.gz
SRR19152330	B+P_5-1	5	1	10647	10732	85	RT_first_100nt	8090	1406.692063631	data/processed/p6_rnaseq/runs/SRR19152330/locus_coverage.tsv.gz
SRR19152330	B+P_5-1	5	1	10647	10733	86	RT_first_100nt	8091	1406.865943985	data/processed/p6_rnaseq/runs/SRR19152330/locus_coverage.tsv.gz
SRR19152330	B+P_5-1	5	1	10647	10734	87	RT_first_100nt	8098	1408.083106463	data/processed/p6_rnaseq/runs/SRR19152330/locus_coverage.tsv.gz
SRR19152330	B+P_5-1	5	1	10647	10735	88	RT_first_100nt	8102	1408.778627879	data/processed/p6_rnaseq/runs/SRR19152330/locus_coverage.tsv.gz
SRR19152330	B+P_5-1	5	1	10647	10736	89	RT_first_100nt	8154	1417.820406285	data/processed/p6_rnaseq/runs/SRR19152330/locus_coverage.tsv.gz
SRR19152330	B+P_5-1	5	1	10647	10737	90	RT_first_100nt	8164	1419.559209825	data/processed/p6_rnaseq/runs/SRR19152330/locus_coverage.tsv.gz
SRR19152330	B+P_5-1	5	1	10647	10738	91	RT_first_100nt	8174	1421.298013365	data/processed/p6_rnaseq/runs/SRR19152330/locus_coverage.tsv.gz
SRR19152330	B+P_5-1	5	1	10647	10739	92	RT_first_100nt	8190	1424.080099028	data/processed/p6_rnaseq/runs/SRR19152330/locus_coverage.tsv.gz
SRR19152330	B+P_5-1	5	1	10647	10740	93	RT_first_100nt	8197	1425.297261506	data/processed/p6_rnaseq/runs/SRR19152330/locus_coverage.tsv.gz
SRR19152330	B+P_5-1	5	1	10647	10741	94	RT_first_100nt	8207	1427.036065046	data/processed/p6_rnaseq/runs/SRR19152330/locus_coverage.tsv.gz
SRR19152330	B+P_5-1	5	1	10647	10742	95	RT_first_100nt	8206	1426.862184692	data/processed/p6_rnaseq/runs/SRR19152330/locus_coverage.tsv.gz
SRR19152330	B+P_5-1	5	1	10647	10743	96	RT_first_100nt	8210	1427.557706108	data/processed/p6_rnaseq/runs/SRR19152330/locus_coverage.tsv.gz
SRR19152330	B+P_5-1	5	1	10647	10744	97	RT_first_100nt	8210	1427.557706108	data/processed/p6_rnaseq/runs/SRR19152330/locus_coverage.tsv.gz
SRR19152330	B+P_5-1	5	1	10647	10745	98	RT_first_100nt	8214	1428.253227524	data/processed/p6_rnaseq/runs/SRR19152330/locus_coverage.tsv.gz
SRR19152330	B+P_5-1	5	1	10647	10746	99	RT_first_100nt	8238	1432.426356019	data/processed/p6_rnaseq/runs/SRR19152330/locus_coverage.tsv.gz
SRR19152329	B+P_5-2	5	2	10647	10547	-100	terminal_last_100nt	64832	13509.239050936	data/processed/p6_rnaseq/runs/SRR19152329/locus_coverage.tsv.gz
SRR19152329	B+P_5-2	5	2	10647	10548	-99	terminal_last_100nt	64820	13506.738574804	data/processed/p6_rnaseq/runs/SRR19152329/locus_coverage.tsv.gz
SRR19152329	B+P_5-2	5	2	10647	10549	-98	terminal_last_100nt	64812	13505.071590715	data/processed/p6_rnaseq/runs/SRR19152329/locus_coverage.tsv.gz
SRR19152329	B+P_5-2	5	2	10647	10550	-97	terminal_last_100nt	64816	13505.90508276	data/processed/p6_rnaseq/runs/SRR19152329/locus_coverage.tsv.gz
SRR19152329	B+P_5-2	5	2	10647	10551	-96	terminal_last_100nt	64802	13502.987860605	data/processed/p6_rnaseq/runs/SRR19152329/locus_coverage.tsv.gz
SRR19152329	B+P_5-2	5	2	10647	10552	-95	terminal_last_100nt	64802	13502.987860605	data/processed/p6_rnaseq/runs/SRR19152329/locus_coverage.tsv.gz
SRR19152329	B+P_5-2	5	2	10647	10553	-94	terminal_last_100nt	64771	13496.528297263	data/processed/p6_rnaseq/runs/SRR19152329/locus_coverage.tsv.gz
SRR19152329	B+P_5-2	5	2	10647	10554	-93	terminal_last_100nt	64778	13497.98690834	data/processed/p6_rnaseq/runs/SRR19152329/locus_coverage.tsv.gz
SRR19152329	B+P_5-2	5	2	10647	10555	-92	terminal_last_100nt	64093	13355.251395787	data/processed/p6_rnaseq/runs/SRR19152329/locus_coverage.tsv.gz
SRR19152329	B+P_5-2	5	2	10647	10556	-91	terminal_last_100nt	63871	13308.992587339	data/processed/p6_rnaseq/runs/SRR19152329/locus_coverage.tsv.gz
SRR19152329	B+P_5-2	5	2	10647	10557	-90	terminal_last_100nt	63772	13288.363659247	data/processed/p6_rnaseq/runs/SRR19152329/locus_coverage.tsv.gz
SRR19152329	B+P_5-2	5	2	10647	10558	-89	terminal_last_100nt	62926	13112.080091918	data/processed/p6_rnaseq/runs/SRR19152329/locus_coverage.tsv.gz
SRR19152329	B+P_5-2	5	2	10647	10559	-88	terminal_last_100nt	56633	11800.788733521	data/processed/p6_rnaseq/runs/SRR19152329/locus_coverage.tsv.gz
SRR19152329	B+P_5-2	5	2	10647	10560	-87	terminal_last_100nt	54536	11363.830529397	data/processed/p6_rnaseq/runs/SRR19152329/locus_coverage.tsv.gz
SRR19152329	B+P_5-2	5	2	10647	10561	-86	terminal_last_100nt	54363	11327.781998489	data/processed/p6_rnaseq/runs/SRR19152329/locus_coverage.tsv.gz
SRR19152329	B+P_5-2	5	2	10647	10562	-85	terminal_last_100nt	45726	9528.064302244	data/processed/p6_rnaseq/runs/SRR19152329/locus_coverage.tsv.gz
SRR19152329	B+P_5-2	5	2	10647	10563	-84	terminal_last_100nt	42242	8802.092731824	data/processed/p6_rnaseq/runs/SRR19152329/locus_coverage.tsv.gz
SRR19152329	B+P_5-2	5	2	10647	10564	-83	terminal_last_100nt	33441	6968.201861771	data/processed/p6_rnaseq/runs/SRR19152329/locus_coverage.tsv.gz
SRR19152329	B+P_5-2	5	2	10647	10565	-82	terminal_last_100nt	30281	6309.743146924	data/processed/p6_rnaseq/runs/SRR19152329/locus_coverage.tsv.gz
SRR19152329	B+P_5-2	5	2	10647	10566	-81	terminal_last_100nt	12313	2565.696884782	data/processed/p6_rnaseq/runs/SRR19152329/locus_coverage.tsv.gz
SRR19152329	B+P_5-2	5	2	10647	10567	-80	terminal_last_100nt	11001	2292.311494314	data/processed/p6_rnaseq/runs/SRR19152329/locus_coverage.tsv.gz
SRR19152329	B+P_5-2	5	2	10647	10568	-79	terminal_last_100nt	10871	2265.22300288	data/processed/p6_rnaseq/runs/SRR19152329/locus_coverage.tsv.gz
SRR19152329	B+P_5-2	5	2	10647	10569	-78	terminal_last_100nt	10848	2260.430423626	data/processed/p6_rnaseq/runs/SRR19152329/locus_coverage.tsv.gz
SRR19152329	B+P_5-2	5	2	10647	10570	-77	terminal_last_100nt	10756	2241.260106612	data/processed/p6_rnaseq/runs/SRR19152329/locus_coverage.tsv.gz
SRR19152329	B+P_5-2	5	2	10647	10571	-76	terminal_last_100nt	10742	2238.342884458	data/processed/p6_rnaseq/runs/SRR19152329/locus_coverage.tsv.gz
SRR19152329	B+P_5-2	5	2	10647	10572	-75	terminal_last_100nt	10744	2238.75963048	data/processed/p6_rnaseq/runs/SRR19152329/locus_coverage.tsv.gz
SRR19152329	B+P_5-2	5	2	10647	10573	-74	terminal_last_100nt	10744	2238.75963048	data/processed/p6_rnaseq/runs/SRR19152329/locus_coverage.tsv.gz
SRR19152329	B+P_5-2	5	2	10647	10574	-73	terminal_last_100nt	10745	2238.968003491	data/processed/p6_rnaseq/runs/SRR19152329/locus_coverage.tsv.gz
SRR19152329	B+P_5-2	5	2	10647	10575	-72	terminal_last_100nt	10739	2237.717765424	data/processed/p6_rnaseq/runs/SRR19152329/locus_coverage.tsv.gz
SRR19152329	B+P_5-2	5	2	10647	10576	-71	terminal_last_100nt	10736	2237.092646391	data/processed/p6_rnaseq/runs/SRR19152329/locus_coverage.tsv.gz
SRR19152329	B+P_5-2	5	2	10647	10577	-70	terminal_last_100nt	10734	2236.675900369	data/processed/p6_rnaseq/runs/SRR19152329/locus_coverage.tsv.gz
SRR19152329	B+P_5-2	5	2	10647	10578	-69	terminal_last_100nt	10733	2236.467527358	data/processed/p6_rnaseq/runs/SRR19152329/locus_coverage.tsv.gz
SRR19152329	B+P_5-2	5	2	10647	10579	-68	terminal_last_100nt	10729	2235.634035314	data/processed/p6_rnaseq/runs/SRR19152329/locus_coverage.tsv.gz
SRR19152329	B+P_5-2	5	2	10647	10580	-67	terminal_last_100nt	10728	2235.425662303	data/processed/p6_rnaseq/runs/SRR19152329/locus_coverage.tsv.gz
SRR19152329	B+P_5-2	5	2	10647	10581	-66	terminal_last_100nt	10717	2233.133559182	data/processed/p6_rnaseq/runs/SRR19152329/locus_coverage.tsv.gz
SRR19152329	B+P_5-2	5	2	10647	10582	-65	terminal_last_100nt	10718	2233.341932193	data/processed/p6_rnaseq/runs/SRR19152329/locus_coverage.tsv.gz
SRR19152329	B+P_5-2	5	2	10647	10583	-64	terminal_last_100nt	10713	2232.300067138	data/processed/p6_rnaseq/runs/SRR19152329/locus_coverage.tsv.gz
SRR19152329	B+P_5-2	5	2	10647	10584	-63	terminal_last_100nt	10701	2229.799591005	data/processed/p6_rnaseq/runs/SRR19152329/locus_coverage.tsv.gz
SRR19152329	B+P_5-2	5	2	10647	10585	-62	terminal_last_100nt	10705	2230.63308305	data/processed/p6_rnaseq/runs/SRR19152329/locus_coverage.tsv.gz
SRR19152329	B+P_5-2	5	2	10647	10586	-61	terminal_last_100nt	10706	2230.841456061	data/processed/p6_rnaseq/runs/SRR19152329/locus_coverage.tsv.gz
SRR19152329	B+P_5-2	5	2	10647	10587	-60	terminal_last_100nt	10712	2232.091694127	data/processed/p6_rnaseq/runs/SRR19152329/locus_coverage.tsv.gz
SRR19152329	B+P_5-2	5	2	10647	10588	-59	terminal_last_100nt	10712	2232.091694127	data/processed/p6_rnaseq/runs/SRR19152329/locus_coverage.tsv.gz
SRR19152329	B+P_5-2	5	2	10647	10589	-58	terminal_last_100nt	10715	2232.71681316	data/processed/p6_rnaseq/runs/SRR19152329/locus_coverage.tsv.gz
SRR19152329	B+P_5-2	5	2	10647	10590	-57	terminal_last_100nt	10715	2232.71681316	data/processed/p6_rnaseq/runs/SRR19152329/locus_coverage.tsv.gz
SRR19152329	B+P_5-2	5	2	10647	10591	-56	terminal_last_100nt	10722	2234.175424237	data/processed/p6_rnaseq/runs/SRR19152329/locus_coverage.tsv.gz
SRR19152329	B+P_5-2	5	2	10647	10592	-55	terminal_last_100nt	10721	2233.967051226	data/processed/p6_rnaseq/runs/SRR19152329/locus_coverage.tsv.gz
SRR19152329	B+P_5-2	5	2	10647	10593	-54	terminal_last_100nt	10721	2233.967051226	data/processed/p6_rnaseq/runs/SRR19152329/locus_coverage.tsv.gz
SRR19152329	B+P_5-2	5	2	10647	10594	-53	terminal_last_100nt	10723	2234.383797248	data/processed/p6_rnaseq/runs/SRR19152329/locus_coverage.tsv.gz
SRR19152329	B+P_5-2	5	2	10647	10595	-52	terminal_last_100nt	10727	2235.217289292	data/processed/p6_rnaseq/runs/SRR19152329/locus_coverage.tsv.gz
SRR19152329	B+P_5-2	5	2	10647	10596	-51	terminal_last_100nt	10730	2235.842408325	data/processed/p6_rnaseq/runs/SRR19152329/locus_coverage.tsv.gz
SRR19152329	B+P_5-2	5	2	10647	10597	-50	terminal_last_100nt	10728	2235.425662303	data/processed/p6_rnaseq/runs/SRR19152329/locus_coverage.tsv.gz
SRR19152329	B+P_5-2	5	2	10647	10598	-49	terminal_last_100nt	10743	2238.551257469	data/processed/p6_rnaseq/runs/SRR19152329/locus_coverage.tsv.gz
SRR19152329	B+P_5-2	5	2	10647	10599	-48	terminal_last_100nt	10745	2238.968003491	data/processed/p6_rnaseq/runs/SRR19152329/locus_coverage.tsv.gz
SRR19152329	B+P_5-2	5	2	10647	10600	-47	terminal_last_100nt	10787	2247.719669954	data/processed/p6_rnaseq/runs/SRR19152329/locus_coverage.tsv.gz
SRR19152329	B+P_5-2	5	2	10647	10601	-46	terminal_last_100nt	10843	2259.388558571	data/processed/p6_rnaseq/runs/SRR19152329/locus_coverage.tsv.gz
SRR19152329	B+P_5-2	5	2	10647	10602	-45	terminal_last_100nt	10852	2261.263915671	data/processed/p6_rnaseq/runs/SRR19152329/locus_coverage.tsv.gz
SRR19152329	B+P_5-2	5	2	10647	10603	-44	terminal_last_100nt	10870	2265.014629869	data/processed/p6_rnaseq/runs/SRR19152329/locus_coverage.tsv.gz
SRR19152329	B+P_5-2	5	2	10647	10604	-43	terminal_last_100nt	10873	2265.639748902	data/processed/p6_rnaseq/runs/SRR19152329/locus_coverage.tsv.gz
SRR19152329	B+P_5-2	5	2	10647	10605	-42	terminal_last_100nt	10899	2271.057447189	data/processed/p6_rnaseq/runs/SRR19152329/locus_coverage.tsv.gz
SRR19152329	B+P_5-2	5	2	10647	10606	-41	terminal_last_100nt	10925	2276.475145476	data/processed/p6_rnaseq/runs/SRR19152329/locus_coverage.tsv.gz
SRR19152329	B+P_5-2	5	2	10647	10607	-40	terminal_last_100nt	10953	2282.309589784	data/processed/p6_rnaseq/runs/SRR19152329/locus_coverage.tsv.gz
SRR19152329	B+P_5-2	5	2	10647	10608	-39	terminal_last_100nt	10956	2282.934708817	data/processed/p6_rnaseq/runs/SRR19152329/locus_coverage.tsv.gz
SRR19152329	B+P_5-2	5	2	10647	10609	-38	terminal_last_100nt	10959	2283.559827851	data/processed/p6_rnaseq/runs/SRR19152329/locus_coverage.tsv.gz
SRR19152329	B+P_5-2	5	2	10647	10610	-37	terminal_last_100nt	10976	2287.102169038	data/processed/p6_rnaseq/runs/SRR19152329/locus_coverage.tsv.gz
SRR19152329	B+P_5-2	5	2	10647	10611	-36	terminal_last_100nt	10981	2288.144034093	data/processed/p6_rnaseq/runs/SRR19152329/locus_coverage.tsv.gz
SRR19152329	B+P_5-2	5	2	10647	10612	-35	terminal_last_100nt	10992	2290.436137214	data/processed/p6_rnaseq/runs/SRR19152329/locus_coverage.tsv.gz
SRR19152329	B+P_5-2	5	2	10647	10613	-34	terminal_last_100nt	10992	2290.436137214	data/processed/p6_rnaseq/runs/SRR19152329/locus_coverage.tsv.gz
SRR19152329	B+P_5-2	5	2	10647	10614	-33	terminal_last_100nt	10997	2291.47800227	data/processed/p6_rnaseq/runs/SRR19152329/locus_coverage.tsv.gz
SRR19152329	B+P_5-2	5	2	10647	10615	-32	terminal_last_100nt	11003	2292.728240336	data/processed/p6_rnaseq/runs/SRR19152329/locus_coverage.tsv.gz
SRR19152329	B+P_5-2	5	2	10647	10616	-31	terminal_last_100nt	11005	2293.144986358	data/processed/p6_rnaseq/runs/SRR19152329/locus_coverage.tsv.gz
SRR19152329	B+P_5-2	5	2	10647	10617	-30	terminal_last_100nt	11023	2296.895700556	data/processed/p6_rnaseq/runs/SRR19152329/locus_coverage.tsv.gz
SRR19152329	B+P_5-2	5	2	10647	10618	-29	terminal_last_100nt	11021	2296.478954534	data/processed/p6_rnaseq/runs/SRR19152329/locus_coverage.tsv.gz
SRR19152329	B+P_5-2	5	2	10647	10619	-28	terminal_last_100nt	11022	2296.687327545	data/processed/p6_rnaseq/runs/SRR19152329/locus_coverage.tsv.gz
SRR19152329	B+P_5-2	5	2	10647	10620	-27	terminal_last_100nt	11019	2296.062208512	data/processed/p6_rnaseq/runs/SRR19152329/locus_coverage.tsv.gz
SRR19152329	B+P_5-2	5	2	10647	10621	-26	terminal_last_100nt	11017	2295.64546249	data/processed/p6_rnaseq/runs/SRR19152329/locus_coverage.tsv.gz
SRR19152329	B+P_5-2	5	2	10647	10622	-25	terminal_last_100nt	11008	2293.770105391	data/processed/p6_rnaseq/runs/SRR19152329/locus_coverage.tsv.gz
SRR19152329	B+P_5-2	5	2	10647	10623	-24	terminal_last_100nt	10987	2289.394272159	data/processed/p6_rnaseq/runs/SRR19152329/locus_coverage.tsv.gz
SRR19152329	B+P_5-2	5	2	10647	10624	-23	terminal_last_100nt	10875	2266.056494924	data/processed/p6_rnaseq/runs/SRR19152329/locus_coverage.tsv.gz
SRR19152329	B+P_5-2	5	2	10647	10625	-22	terminal_last_100nt	10862	2263.347645781	data/processed/p6_rnaseq/runs/SRR19152329/locus_coverage.tsv.gz
SRR19152329	B+P_5-2	5	2	10647	10626	-21	terminal_last_100nt	10882	2267.515106001	data/processed/p6_rnaseq/runs/SRR19152329/locus_coverage.tsv.gz
SRR19152329	B+P_5-2	5	2	10647	10627	-20	terminal_last_100nt	10875	2266.056494924	data/processed/p6_rnaseq/runs/SRR19152329/locus_coverage.tsv.gz
SRR19152329	B+P_5-2	5	2	10647	10628	-19	terminal_last_100nt	10845	2259.805304593	data/processed/p6_rnaseq/runs/SRR19152329/locus_coverage.tsv.gz
SRR19152329	B+P_5-2	5	2	10647	10629	-18	terminal_last_100nt	10895	2270.223955145	data/processed/p6_rnaseq/runs/SRR19152329/locus_coverage.tsv.gz
SRR19152329	B+P_5-2	5	2	10647	10630	-17	terminal_last_100nt	10564	2201.252488495	data/processed/p6_rnaseq/runs/SRR19152329/locus_coverage.tsv.gz
SRR19152329	B+P_5-2	5	2	10647	10631	-16	terminal_last_100nt	10407	2168.537925763	data/processed/p6_rnaseq/runs/SRR19152329/locus_coverage.tsv.gz
SRR19152329	B+P_5-2	5	2	10647	10632	-15	terminal_last_100nt	10149	2114.777688918	data/processed/p6_rnaseq/runs/SRR19152329/locus_coverage.tsv.gz
SRR19152329	B+P_5-2	5	2	10647	10633	-14	terminal_last_100nt	8579	1787.632061605	data/processed/p6_rnaseq/runs/SRR19152329/locus_coverage.tsv.gz
SRR19152329	B+P_5-2	5	2	10647	10634	-13	terminal_last_100nt	8144	1696.989801808	data/processed/p6_rnaseq/runs/SRR19152329/locus_coverage.tsv.gz
SRR19152329	B+P_5-2	5	2	10647	10635	-12	terminal_last_100nt	3726	776.397839089	data/processed/p6_rnaseq/runs/SRR19152329/locus_coverage.tsv.gz
SRR19152329	B+P_5-2	5	2	10647	10636	-11	terminal_last_100nt	3460	720.970618155	data/processed/p6_rnaseq/runs/SRR19152329/locus_coverage.tsv.gz
SRR19152329	B+P_5-2	5	2	10647	10637	-10	terminal_last_100nt	3683	767.437799614	data/processed/p6_rnaseq/runs/SRR19152329/locus_coverage.tsv.gz
SRR19152329	B+P_5-2	5	2	10647	10638	-9	terminal_last_100nt	3685	767.854545636	data/processed/p6_rnaseq/runs/SRR19152329/locus_coverage.tsv.gz
SRR19152329	B+P_5-2	5	2	10647	10639	-8	terminal_last_100nt	3802	792.234187927	data/processed/p6_rnaseq/runs/SRR19152329/locus_coverage.tsv.gz
SRR19152329	B+P_5-2	5	2	10647	10640	-7	terminal_last_100nt	3807	793.276052982	data/processed/p6_rnaseq/runs/SRR19152329/locus_coverage.tsv.gz
SRR19152329	B+P_5-2	5	2	10647	10641	-6	terminal_last_100nt	3818	795.568156103	data/processed/p6_rnaseq/runs/SRR19152329/locus_coverage.tsv.gz
SRR19152329	B+P_5-2	5	2	10647	10642	-5	terminal_last_100nt	3926	818.072441294	data/processed/p6_rnaseq/runs/SRR19152329/locus_coverage.tsv.gz
SRR19152329	B+P_5-2	5	2	10647	10643	-4	terminal_last_100nt	3925	817.864068283	data/processed/p6_rnaseq/runs/SRR19152329/locus_coverage.tsv.gz
SRR19152329	B+P_5-2	5	2	10647	10644	-3	terminal_last_100nt	3991	831.616687011	data/processed/p6_rnaseq/runs/SRR19152329/locus_coverage.tsv.gz
SRR19152329	B+P_5-2	5	2	10647	10645	-2	terminal_last_100nt	3996	832.658552066	data/processed/p6_rnaseq/runs/SRR19152329/locus_coverage.tsv.gz
SRR19152329	B+P_5-2	5	2	10647	10646	-1	terminal_last_100nt	3970	827.240853779	data/processed/p6_rnaseq/runs/SRR19152329/locus_coverage.tsv.gz
SRR19152329	B+P_5-2	5	2	10647	10647	0	RT_first_100nt	3968	826.824107757	data/processed/p6_rnaseq/runs/SRR19152329/locus_coverage.tsv.gz
SRR19152329	B+P_5-2	5	2	10647	10648	1	RT_first_100nt	3967	826.615734746	data/processed/p6_rnaseq/runs/SRR19152329/locus_coverage.tsv.gz
SRR19152329	B+P_5-2	5	2	10647	10649	2	RT_first_100nt	4029	839.53486143	data/processed/p6_rnaseq/runs/SRR19152329/locus_coverage.tsv.gz
SRR19152329	B+P_5-2	5	2	10647	10650	3	RT_first_100nt	4133	861.205654577	data/processed/p6_rnaseq/runs/SRR19152329/locus_coverage.tsv.gz
SRR19152329	B+P_5-2	5	2	10647	10651	4	RT_first_100nt	4143	863.289384687	data/processed/p6_rnaseq/runs/SRR19152329/locus_coverage.tsv.gz
SRR19152329	B+P_5-2	5	2	10647	10652	5	RT_first_100nt	4151	864.956368775	data/processed/p6_rnaseq/runs/SRR19152329/locus_coverage.tsv.gz
SRR19152329	B+P_5-2	5	2	10647	10653	6	RT_first_100nt	4160	866.831725874	data/processed/p6_rnaseq/runs/SRR19152329/locus_coverage.tsv.gz
SRR19152329	B+P_5-2	5	2	10647	10654	7	RT_first_100nt	4173	869.540575018	data/processed/p6_rnaseq/runs/SRR19152329/locus_coverage.tsv.gz
SRR19152329	B+P_5-2	5	2	10647	10655	8	RT_first_100nt	4185	872.04105115	data/processed/p6_rnaseq/runs/SRR19152329/locus_coverage.tsv.gz
SRR19152329	B+P_5-2	5	2	10647	10656	9	RT_first_100nt	4187	872.457797172	data/processed/p6_rnaseq/runs/SRR19152329/locus_coverage.tsv.gz
SRR19152329	B+P_5-2	5	2	10647	10657	10	RT_first_100nt	4190	873.082916205	data/processed/p6_rnaseq/runs/SRR19152329/locus_coverage.tsv.gz
SRR19152329	B+P_5-2	5	2	10647	10658	11	RT_first_100nt	4201	875.375019327	data/processed/p6_rnaseq/runs/SRR19152329/locus_coverage.tsv.gz
SRR19152329	B+P_5-2	5	2	10647	10659	12	RT_first_100nt	4225	880.375971591	data/processed/p6_rnaseq/runs/SRR19152329/locus_coverage.tsv.gz
SRR19152329	B+P_5-2	5	2	10647	10660	13	RT_first_100nt	4237	882.876447724	data/processed/p6_rnaseq/runs/SRR19152329/locus_coverage.tsv.gz
SRR19152329	B+P_5-2	5	2	10647	10661	14	RT_first_100nt	4247	884.960177834	data/processed/p6_rnaseq/runs/SRR19152329/locus_coverage.tsv.gz
SRR19152329	B+P_5-2	5	2	10647	10662	15	RT_first_100nt	4314	898.921169573	data/processed/p6_rnaseq/runs/SRR19152329/locus_coverage.tsv.gz
SRR19152329	B+P_5-2	5	2	10647	10663	16	RT_first_100nt	4360	908.50632808	data/processed/p6_rnaseq/runs/SRR19152329/locus_coverage.tsv.gz
SRR19152329	B+P_5-2	5	2	10647	10664	17	RT_first_100nt	4384	913.507280345	data/processed/p6_rnaseq/runs/SRR19152329/locus_coverage.tsv.gz
SRR19152329	B+P_5-2	5	2	10647	10665	18	RT_first_100nt	4414	919.758470675	data/processed/p6_rnaseq/runs/SRR19152329/locus_coverage.tsv.gz
SRR19152329	B+P_5-2	5	2	10647	10666	19	RT_first_100nt	4425	922.050573797	data/processed/p6_rnaseq/runs/SRR19152329/locus_coverage.tsv.gz
SRR19152329	B+P_5-2	5	2	10647	10667	20	RT_first_100nt	4592	956.848866638	data/processed/p6_rnaseq/runs/SRR19152329/locus_coverage.tsv.gz
SRR19152329	B+P_5-2	5	2	10647	10668	21	RT_first_100nt	4677	974.560572576	data/processed/p6_rnaseq/runs/SRR19152329/locus_coverage.tsv.gz
SRR19152329	B+P_5-2	5	2	10647	10669	22	RT_first_100nt	4706	980.603389895	data/processed/p6_rnaseq/runs/SRR19152329/locus_coverage.tsv.gz
SRR19152329	B+P_5-2	5	2	10647	10670	23	RT_first_100nt	4760	991.855532491	data/processed/p6_rnaseq/runs/SRR19152329/locus_coverage.tsv.gz
SRR19152329	B+P_5-2	5	2	10647	10671	24	RT_first_100nt	4771	994.147635612	data/processed/p6_rnaseq/runs/SRR19152329/locus_coverage.tsv.gz
SRR19152329	B+P_5-2	5	2	10647	10672	25	RT_first_100nt	4861	1012.901206605	data/processed/p6_rnaseq/runs/SRR19152329/locus_coverage.tsv.gz
SRR19152329	B+P_5-2	5	2	10647	10673	26	RT_first_100nt	4999	1041.656682127	data/processed/p6_rnaseq/runs/SRR19152329/locus_coverage.tsv.gz
SRR19152329	B+P_5-2	5	2	10647	10674	27	RT_first_100nt	5092	1061.035372152	data/processed/p6_rnaseq/runs/SRR19152329/locus_coverage.tsv.gz
SRR19152329	B+P_5-2	5	2	10647	10675	28	RT_first_100nt	5156	1074.371244858	data/processed/p6_rnaseq/runs/SRR19152329/locus_coverage.tsv.gz
SRR19152329	B+P_5-2	5	2	10647	10676	29	RT_first_100nt	5187	1080.8308082	data/processed/p6_rnaseq/runs/SRR19152329/locus_coverage.tsv.gz
SRR19152329	B+P_5-2	5	2	10647	10677	30	RT_first_100nt	5214	1086.456879497	data/processed/p6_rnaseq/runs/SRR19152329/locus_coverage.tsv.gz
SRR19152329	B+P_5-2	5	2	10647	10678	31	RT_first_100nt	5247	1093.333188861	data/processed/p6_rnaseq/runs/SRR19152329/locus_coverage.tsv.gz
SRR19152329	B+P_5-2	5	2	10647	10679	32	RT_first_100nt	5224	1088.540609608	data/processed/p6_rnaseq/runs/SRR19152329/locus_coverage.tsv.gz
SRR19152329	B+P_5-2	5	2	10647	10680	33	RT_first_100nt	5209	1085.415014442	data/processed/p6_rnaseq/runs/SRR19152329/locus_coverage.tsv.gz
SRR19152329	B+P_5-2	5	2	10647	10681	34	RT_first_100nt	5190	1081.455927233	data/processed/p6_rnaseq/runs/SRR19152329/locus_coverage.tsv.gz
SRR19152329	B+P_5-2	5	2	10647	10682	35	RT_first_100nt	5182	1079.788943145	data/processed/p6_rnaseq/runs/SRR19152329/locus_coverage.tsv.gz
SRR19152329	B+P_5-2	5	2	10647	10683	36	RT_first_100nt	5149	1072.912633781	data/processed/p6_rnaseq/runs/SRR19152329/locus_coverage.tsv.gz
SRR19152329	B+P_5-2	5	2	10647	10684	37	RT_first_100nt	5144	1071.870768726	data/processed/p6_rnaseq/runs/SRR19152329/locus_coverage.tsv.gz
SRR19152329	B+P_5-2	5	2	10647	10685	38	RT_first_100nt	5061	1054.57580881	data/processed/p6_rnaseq/runs/SRR19152329/locus_coverage.tsv.gz
SRR19152329	B+P_5-2	5	2	10647	10686	39	RT_first_100nt	5037	1049.574856546	data/processed/p6_rnaseq/runs/SRR19152329/locus_coverage.tsv.gz
SRR19152329	B+P_5-2	5	2	10647	10687	40	RT_first_100nt	5136	1070.203784637	data/processed/p6_rnaseq/runs/SRR19152329/locus_coverage.tsv.gz
SRR19152329	B+P_5-2	5	2	10647	10688	41	RT_first_100nt	5160	1075.204736902	data/processed/p6_rnaseq/runs/SRR19152329/locus_coverage.tsv.gz
SRR19152329	B+P_5-2	5	2	10647	10689	42	RT_first_100nt	5088	1060.201880108	data/processed/p6_rnaseq/runs/SRR19152329/locus_coverage.tsv.gz
SRR19152329	B+P_5-2	5	2	10647	10690	43	RT_first_100nt	4469	931.218986282	data/processed/p6_rnaseq/runs/SRR19152329/locus_coverage.tsv.gz
SRR19152329	B+P_5-2	5	2	10647	10691	44	RT_first_100nt	4402	917.257994543	data/processed/p6_rnaseq/runs/SRR19152329/locus_coverage.tsv.gz
SRR19152329	B+P_5-2	5	2	10647	10692	45	RT_first_100nt	4401	917.049621532	data/processed/p6_rnaseq/runs/SRR19152329/locus_coverage.tsv.gz
SRR19152329	B+P_5-2	5	2	10647	10693	46	RT_first_100nt	4490	935.594819514	data/processed/p6_rnaseq/runs/SRR19152329/locus_coverage.tsv.gz
SRR19152329	B+P_5-2	5	2	10647	10694	47	RT_first_100nt	4497	937.053430591	data/processed/p6_rnaseq/runs/SRR19152329/locus_coverage.tsv.gz
SRR19152329	B+P_5-2	5	2	10647	10695	48	RT_first_100nt	4549	947.888827164	data/processed/p6_rnaseq/runs/SRR19152329/locus_coverage.tsv.gz
SRR19152329	B+P_5-2	5	2	10647	10696	49	RT_first_100nt	4556	949.347438241	data/processed/p6_rnaseq/runs/SRR19152329/locus_coverage.tsv.gz
SRR19152329	B+P_5-2	5	2	10647	10697	50	RT_first_100nt	4600	958.515850727	data/processed/p6_rnaseq/runs/SRR19152329/locus_coverage.tsv.gz
SRR19152329	B+P_5-2	5	2	10647	10698	51	RT_first_100nt	4569	952.056287385	data/processed/p6_rnaseq/runs/SRR19152329/locus_coverage.tsv.gz
SRR19152329	B+P_5-2	5	2	10647	10699	52	RT_first_100nt	4610	960.599580837	data/processed/p6_rnaseq/runs/SRR19152329/locus_coverage.tsv.gz
SRR19152329	B+P_5-2	5	2	10647	10700	53	RT_first_100nt	4615	961.641445892	data/processed/p6_rnaseq/runs/SRR19152329/locus_coverage.tsv.gz
SRR19152329	B+P_5-2	5	2	10647	10701	54	RT_first_100nt	4633	965.39216009	data/processed/p6_rnaseq/runs/SRR19152329/locus_coverage.tsv.gz
SRR19152329	B+P_5-2	5	2	10647	10702	55	RT_first_100nt	4619	962.474937936	data/processed/p6_rnaseq/runs/SRR19152329/locus_coverage.tsv.gz
SRR19152329	B+P_5-2	5	2	10647	10703	56	RT_first_100nt	4765	992.897397546	data/processed/p6_rnaseq/runs/SRR19152329/locus_coverage.tsv.gz
SRR19152329	B+P_5-2	5	2	10647	10704	57	RT_first_100nt	4756	991.022040447	data/processed/p6_rnaseq/runs/SRR19152329/locus_coverage.tsv.gz
SRR19152329	B+P_5-2	5	2	10647	10705	58	RT_first_100nt	4762	992.272278513	data/processed/p6_rnaseq/runs/SRR19152329/locus_coverage.tsv.gz
SRR19152329	B+P_5-2	5	2	10647	10706	59	RT_first_100nt	4770	993.939262601	data/processed/p6_rnaseq/runs/SRR19152329/locus_coverage.tsv.gz
SRR19152329	B+P_5-2	5	2	10647	10707	60	RT_first_100nt	4773	994.564381634	data/processed/p6_rnaseq/runs/SRR19152329/locus_coverage.tsv.gz
SRR19152329	B+P_5-2	5	2	10647	10708	61	RT_first_100nt	4786	997.273230778	data/processed/p6_rnaseq/runs/SRR19152329/locus_coverage.tsv.gz
SRR19152329	B+P_5-2	5	2	10647	10709	62	RT_first_100nt	4789	997.898349811	data/processed/p6_rnaseq/runs/SRR19152329/locus_coverage.tsv.gz
SRR19152329	B+P_5-2	5	2	10647	10710	63	RT_first_100nt	4795	999.148587877	data/processed/p6_rnaseq/runs/SRR19152329/locus_coverage.tsv.gz
SRR19152329	B+P_5-2	5	2	10647	10711	64	RT_first_100nt	4797	999.565333899	data/processed/p6_rnaseq/runs/SRR19152329/locus_coverage.tsv.gz
SRR19152329	B+P_5-2	5	2	10647	10712	65	RT_first_100nt	4810	1002.274183042	data/processed/p6_rnaseq/runs/SRR19152329/locus_coverage.tsv.gz
SRR19152329	B+P_5-2	5	2	10647	10713	66	RT_first_100nt	4810	1002.274183042	data/processed/p6_rnaseq/runs/SRR19152329/locus_coverage.tsv.gz
SRR19152329	B+P_5-2	5	2	10647	10714	67	RT_first_100nt	4814	1003.107675086	data/processed/p6_rnaseq/runs/SRR19152329/locus_coverage.tsv.gz
SRR19152329	B+P_5-2	5	2	10647	10715	68	RT_first_100nt	4833	1007.066762296	data/processed/p6_rnaseq/runs/SRR19152329/locus_coverage.tsv.gz
SRR19152329	B+P_5-2	5	2	10647	10716	69	RT_first_100nt	4853	1011.234222517	data/processed/p6_rnaseq/runs/SRR19152329/locus_coverage.tsv.gz
SRR19152329	B+P_5-2	5	2	10647	10717	70	RT_first_100nt	4864	1013.526325638	data/processed/p6_rnaseq/runs/SRR19152329/locus_coverage.tsv.gz
SRR19152329	B+P_5-2	5	2	10647	10718	71	RT_first_100nt	4867	1014.151444671	data/processed/p6_rnaseq/runs/SRR19152329/locus_coverage.tsv.gz
SRR19152329	B+P_5-2	5	2	10647	10719	72	RT_first_100nt	4878	1016.443547792	data/processed/p6_rnaseq/runs/SRR19152329/locus_coverage.tsv.gz
SRR19152329	B+P_5-2	5	2	10647	10720	73	RT_first_100nt	4893	1019.569142958	data/processed/p6_rnaseq/runs/SRR19152329/locus_coverage.tsv.gz
SRR19152329	B+P_5-2	5	2	10647	10721	74	RT_first_100nt	4912	1023.528230167	data/processed/p6_rnaseq/runs/SRR19152329/locus_coverage.tsv.gz
SRR19152329	B+P_5-2	5	2	10647	10722	75	RT_first_100nt	4907	1022.486365112	data/processed/p6_rnaseq/runs/SRR19152329/locus_coverage.tsv.gz
SRR19152329	B+P_5-2	5	2	10647	10723	76	RT_first_100nt	4972	1036.030610829	data/processed/p6_rnaseq/runs/SRR19152329/locus_coverage.tsv.gz
SRR19152329	B+P_5-2	5	2	10647	10724	77	RT_first_100nt	4996	1041.031563093	data/processed/p6_rnaseq/runs/SRR19152329/locus_coverage.tsv.gz
SRR19152329	B+P_5-2	5	2	10647	10725	78	RT_first_100nt	5001	1042.073428149	data/processed/p6_rnaseq/runs/SRR19152329/locus_coverage.tsv.gz
SRR19152329	B+P_5-2	5	2	10647	10726	79	RT_first_100nt	5051	1052.4920787	data/processed/p6_rnaseq/runs/SRR19152329/locus_coverage.tsv.gz
SRR19152329	B+P_5-2	5	2	10647	10727	80	RT_first_100nt	5111	1064.994459362	data/processed/p6_rnaseq/runs/SRR19152329/locus_coverage.tsv.gz
SRR19152329	B+P_5-2	5	2	10647	10728	81	RT_first_100nt	5115	1065.827951406	data/processed/p6_rnaseq/runs/SRR19152329/locus_coverage.tsv.gz
SRR19152329	B+P_5-2	5	2	10647	10729	82	RT_first_100nt	5131	1069.161919582	data/processed/p6_rnaseq/runs/SRR19152329/locus_coverage.tsv.gz
SRR19152329	B+P_5-2	5	2	10647	10730	83	RT_first_100nt	5255	1095.00017295	data/processed/p6_rnaseq/runs/SRR19152329/locus_coverage.tsv.gz
SRR19152329	B+P_5-2	5	2	10647	10731	84	RT_first_100nt	5322	1108.961164688	data/processed/p6_rnaseq/runs/SRR19152329/locus_coverage.tsv.gz
SRR19152329	B+P_5-2	5	2	10647	10732	85	RT_first_100nt	5348	1114.378862975	data/processed/p6_rnaseq/runs/SRR19152329/locus_coverage.tsv.gz
SRR19152329	B+P_5-2	5	2	10647	10733	86	RT_first_100nt	5354	1115.629101041	data/processed/p6_rnaseq/runs/SRR19152329/locus_coverage.tsv.gz
SRR19152329	B+P_5-2	5	2	10647	10734	87	RT_first_100nt	5359	1116.670966096	data/processed/p6_rnaseq/runs/SRR19152329/locus_coverage.tsv.gz
SRR19152329	B+P_5-2	5	2	10647	10735	88	RT_first_100nt	5362	1117.29608513	data/processed/p6_rnaseq/runs/SRR19152329/locus_coverage.tsv.gz
SRR19152329	B+P_5-2	5	2	10647	10736	89	RT_first_100nt	5388	1122.713783416	data/processed/p6_rnaseq/runs/SRR19152329/locus_coverage.tsv.gz
SRR19152329	B+P_5-2	5	2	10647	10737	90	RT_first_100nt	5393	1123.755648471	data/processed/p6_rnaseq/runs/SRR19152329/locus_coverage.tsv.gz
SRR19152329	B+P_5-2	5	2	10647	10738	91	RT_first_100nt	5406	1126.464497615	data/processed/p6_rnaseq/runs/SRR19152329/locus_coverage.tsv.gz
SRR19152329	B+P_5-2	5	2	10647	10739	92	RT_first_100nt	5425	1130.423584824	data/processed/p6_rnaseq/runs/SRR19152329/locus_coverage.tsv.gz
SRR19152329	B+P_5-2	5	2	10647	10740	93	RT_first_100nt	5427	1130.840330846	data/processed/p6_rnaseq/runs/SRR19152329/locus_coverage.tsv.gz
SRR19152329	B+P_5-2	5	2	10647	10741	94	RT_first_100nt	5435	1132.507314935	data/processed/p6_rnaseq/runs/SRR19152329/locus_coverage.tsv.gz
SRR19152329	B+P_5-2	5	2	10647	10742	95	RT_first_100nt	5435	1132.507314935	data/processed/p6_rnaseq/runs/SRR19152329/locus_coverage.tsv.gz
SRR19152329	B+P_5-2	5	2	10647	10743	96	RT_first_100nt	5443	1134.174299023	data/processed/p6_rnaseq/runs/SRR19152329/locus_coverage.tsv.gz
SRR19152329	B+P_5-2	5	2	10647	10744	97	RT_first_100nt	5440	1133.54917999	data/processed/p6_rnaseq/runs/SRR19152329/locus_coverage.tsv.gz
SRR19152329	B+P_5-2	5	2	10647	10745	98	RT_first_100nt	5444	1134.382672034	data/processed/p6_rnaseq/runs/SRR19152329/locus_coverage.tsv.gz
SRR19152329	B+P_5-2	5	2	10647	10746	99	RT_first_100nt	5445	1134.591045045	data/processed/p6_rnaseq/runs/SRR19152329/locus_coverage.tsv.gz
SRR19152328	B+P_5-3	5	3	10647	10547	-100	terminal_last_100nt	81823	16534.562070434	data/processed/p6_rnaseq/runs/SRR19152328/locus_coverage.tsv.gz
SRR19152328	B+P_5-3	5	3	10647	10548	-99	terminal_last_100nt	81830	16535.976610778	data/processed/p6_rnaseq/runs/SRR19152328/locus_coverage.tsv.gz
SRR19152328	B+P_5-3	5	3	10647	10549	-98	terminal_last_100nt	81828	16535.572456394	data/processed/p6_rnaseq/runs/SRR19152328/locus_coverage.tsv.gz
SRR19152328	B+P_5-3	5	3	10647	10550	-97	terminal_last_100nt	81837	16537.391151121	data/processed/p6_rnaseq/runs/SRR19152328/locus_coverage.tsv.gz
SRR19152328	B+P_5-3	5	3	10647	10551	-96	terminal_last_100nt	81785	16526.883137143	data/processed/p6_rnaseq/runs/SRR19152328/locus_coverage.tsv.gz
SRR19152328	B+P_5-3	5	3	10647	10552	-95	terminal_last_100nt	81781	16526.074828376	data/processed/p6_rnaseq/runs/SRR19152328/locus_coverage.tsv.gz
SRR19152328	B+P_5-3	5	3	10647	10553	-94	terminal_last_100nt	81730	16515.76889159	data/processed/p6_rnaseq/runs/SRR19152328/locus_coverage.tsv.gz
SRR19152328	B+P_5-3	5	3	10647	10554	-93	terminal_last_100nt	81731	16515.970968782	data/processed/p6_rnaseq/runs/SRR19152328/locus_coverage.tsv.gz
SRR19152328	B+P_5-3	5	3	10647	10555	-92	terminal_last_100nt	80658	16299.142141905	data/processed/p6_rnaseq/runs/SRR19152328/locus_coverage.tsv.gz
SRR19152328	B+P_5-3	5	3	10647	10556	-91	terminal_last_100nt	80268	16220.332037076	data/processed/p6_rnaseq/runs/SRR19152328/locus_coverage.tsv.gz
SRR19152328	B+P_5-3	5	3	10647	10557	-90	terminal_last_100nt	80119	16190.222535487	data/processed/p6_rnaseq/runs/SRR19152328/locus_coverage.tsv.gz
SRR19152328	B+P_5-3	5	3	10647	10558	-89	terminal_last_100nt	78835	15930.755421125	data/processed/p6_rnaseq/runs/SRR19152328/locus_coverage.tsv.gz
SRR19152328	B+P_5-3	5	3	10647	10559	-88	terminal_last_100nt	70130	14171.673465891	data/processed/p6_rnaseq/runs/SRR19152328/locus_coverage.tsv.gz
SRR19152328	B+P_5-3	5	3	10647	10560	-87	terminal_last_100nt	67256	13590.903616454	data/processed/p6_rnaseq/runs/SRR19152328/locus_coverage.tsv.gz
SRR19152328	B+P_5-3	5	3	10647	10561	-86	terminal_last_100nt	67006	13540.384318487	data/processed/p6_rnaseq/runs/SRR19152328/locus_coverage.tsv.gz
SRR19152328	B+P_5-3	5	3	10647	10562	-85	terminal_last_100nt	56469	11411.096947745	data/processed/p6_rnaseq/runs/SRR19152328/locus_coverage.tsv.gz
SRR19152328	B+P_5-3	5	3	10647	10563	-84	terminal_last_100nt	52292	10567.020517301	data/processed/p6_rnaseq/runs/SRR19152328/locus_coverage.tsv.gz
SRR19152328	B+P_5-3	5	3	10647	10564	-83	terminal_last_100nt	41701	8426.820978199	data/processed/p6_rnaseq/runs/SRR19152328/locus_coverage.tsv.gz
SRR19152328	B+P_5-3	5	3	10647	10565	-82	terminal_last_100nt	37687	7615.68313003	data/processed/p6_rnaseq/runs/SRR19152328/locus_coverage.tsv.gz
SRR19152328	B+P_5-3	5	3	10647	10566	-81	terminal_last_100nt	15667	3165.943365038	data/processed/p6_rnaseq/runs/SRR19152328/locus_coverage.tsv.gz
SRR19152328	B+P_5-3	5	3	10647	10567	-80	terminal_last_100nt	14015	2832.111844068	data/processed/p6_rnaseq/runs/SRR19152328/locus_coverage.tsv.gz
SRR19152328	B+P_5-3	5	3	10647	10568	-79	terminal_last_100nt	13864	2801.598188095	data/processed/p6_rnaseq/runs/SRR19152328/locus_coverage.tsv.gz
SRR19152328	B+P_5-3	5	3	10647	10569	-78	terminal_last_100nt	13800	2788.665247815	data/processed/p6_rnaseq/runs/SRR19152328/locus_coverage.tsv.gz
SRR19152328	B+P_5-3	5	3	10647	10570	-77	terminal_last_100nt	13676	2763.607676023	data/processed/p6_rnaseq/runs/SRR19152328/locus_coverage.tsv.gz
SRR19152328	B+P_5-3	5	3	10647	10571	-76	terminal_last_100nt	13660	2760.374440953	data/processed/p6_rnaseq/runs/SRR19152328/locus_coverage.tsv.gz
SRR19152328	B+P_5-3	5	3	10647	10572	-75	terminal_last_100nt	13660	2760.374440953	data/processed/p6_rnaseq/runs/SRR19152328/locus_coverage.tsv.gz
SRR19152328	B+P_5-3	5	3	10647	10573	-74	terminal_last_100nt	13663	2760.980672529	data/processed/p6_rnaseq/runs/SRR19152328/locus_coverage.tsv.gz
SRR19152328	B+P_5-3	5	3	10647	10574	-73	terminal_last_100nt	13660	2760.374440953	data/processed/p6_rnaseq/runs/SRR19152328/locus_coverage.tsv.gz
SRR19152328	B+P_5-3	5	3	10647	10575	-72	terminal_last_100nt	13659	2760.172363762	data/processed/p6_rnaseq/runs/SRR19152328/locus_coverage.tsv.gz
SRR19152328	B+P_5-3	5	3	10647	10576	-71	terminal_last_100nt	13647	2757.747437459	data/processed/p6_rnaseq/runs/SRR19152328/locus_coverage.tsv.gz
SRR19152328	B+P_5-3	5	3	10647	10577	-70	terminal_last_100nt	13641	2756.534974308	data/processed/p6_rnaseq/runs/SRR19152328/locus_coverage.tsv.gz
SRR19152328	B+P_5-3	5	3	10647	10578	-69	terminal_last_100nt	13638	2755.928742732	data/processed/p6_rnaseq/runs/SRR19152328/locus_coverage.tsv.gz
SRR19152328	B+P_5-3	5	3	10647	10579	-68	terminal_last_100nt	13635	2755.322511157	data/processed/p6_rnaseq/runs/SRR19152328/locus_coverage.tsv.gz
SRR19152328	B+P_5-3	5	3	10647	10580	-67	terminal_last_100nt	13646	2757.545360267	data/processed/p6_rnaseq/runs/SRR19152328/locus_coverage.tsv.gz
SRR19152328	B+P_5-3	5	3	10647	10581	-66	terminal_last_100nt	13636	2755.524588349	data/processed/p6_rnaseq/runs/SRR19152328/locus_coverage.tsv.gz
SRR19152328	B+P_5-3	5	3	10647	10582	-65	terminal_last_100nt	13640	2756.332897116	data/processed/p6_rnaseq/runs/SRR19152328/locus_coverage.tsv.gz
SRR19152328	B+P_5-3	5	3	10647	10583	-64	terminal_last_100nt	13645	2757.343283075	data/processed/p6_rnaseq/runs/SRR19152328/locus_coverage.tsv.gz
SRR19152328	B+P_5-3	5	3	10647	10584	-63	terminal_last_100nt	13640	2756.332897116	data/processed/p6_rnaseq/runs/SRR19152328/locus_coverage.tsv.gz
SRR19152328	B+P_5-3	5	3	10647	10585	-62	terminal_last_100nt	13641	2756.534974308	data/processed/p6_rnaseq/runs/SRR19152328/locus_coverage.tsv.gz
SRR19152328	B+P_5-3	5	3	10647	10586	-61	terminal_last_100nt	13639	2756.130819924	data/processed/p6_rnaseq/runs/SRR19152328/locus_coverage.tsv.gz
SRR19152328	B+P_5-3	5	3	10647	10587	-60	terminal_last_100nt	13642	2756.7370515	data/processed/p6_rnaseq/runs/SRR19152328/locus_coverage.tsv.gz
SRR19152328	B+P_5-3	5	3	10647	10588	-59	terminal_last_100nt	13642	2756.7370515	data/processed/p6_rnaseq/runs/SRR19152328/locus_coverage.tsv.gz
SRR19152328	B+P_5-3	5	3	10647	10589	-58	terminal_last_100nt	13646	2757.545360267	data/processed/p6_rnaseq/runs/SRR19152328/locus_coverage.tsv.gz
SRR19152328	B+P_5-3	5	3	10647	10590	-57	terminal_last_100nt	13646	2757.545360267	data/processed/p6_rnaseq/runs/SRR19152328/locus_coverage.tsv.gz
SRR19152328	B+P_5-3	5	3	10647	10591	-56	terminal_last_100nt	13647	2757.747437459	data/processed/p6_rnaseq/runs/SRR19152328/locus_coverage.tsv.gz
SRR19152328	B+P_5-3	5	3	10647	10592	-55	terminal_last_100nt	13647	2757.747437459	data/processed/p6_rnaseq/runs/SRR19152328/locus_coverage.tsv.gz
SRR19152328	B+P_5-3	5	3	10647	10593	-54	terminal_last_100nt	13649	2758.151591843	data/processed/p6_rnaseq/runs/SRR19152328/locus_coverage.tsv.gz
SRR19152328	B+P_5-3	5	3	10647	10594	-53	terminal_last_100nt	13657	2759.768209378	data/processed/p6_rnaseq/runs/SRR19152328/locus_coverage.tsv.gz
SRR19152328	B+P_5-3	5	3	10647	10595	-52	terminal_last_100nt	13663	2760.980672529	data/processed/p6_rnaseq/runs/SRR19152328/locus_coverage.tsv.gz
SRR19152328	B+P_5-3	5	3	10647	10596	-51	terminal_last_100nt	13669	2762.19313568	data/processed/p6_rnaseq/runs/SRR19152328/locus_coverage.tsv.gz
SRR19152328	B+P_5-3	5	3	10647	10597	-50	terminal_last_100nt	13667	2761.788981297	data/processed/p6_rnaseq/runs/SRR19152328/locus_coverage.tsv.gz
SRR19152328	B+P_5-3	5	3	10647	10598	-49	terminal_last_100nt	13675	2763.405598832	data/processed/p6_rnaseq/runs/SRR19152328/locus_coverage.tsv.gz
SRR19152328	B+P_5-3	5	3	10647	10599	-48	terminal_last_100nt	13684	2765.224293558	data/processed/p6_rnaseq/runs/SRR19152328/locus_coverage.tsv.gz
SRR19152328	B+P_5-3	5	3	10647	10600	-47	terminal_last_100nt	13733	2775.12607596	data/processed/p6_rnaseq/runs/SRR19152328/locus_coverage.tsv.gz
SRR19152328	B+P_5-3	5	3	10647	10601	-46	terminal_last_100nt	13815	2791.696405693	data/processed/p6_rnaseq/runs/SRR19152328/locus_coverage.tsv.gz
SRR19152328	B+P_5-3	5	3	10647	10602	-45	terminal_last_100nt	13821	2792.908868845	data/processed/p6_rnaseq/runs/SRR19152328/locus_coverage.tsv.gz
SRR19152328	B+P_5-3	5	3	10647	10603	-44	terminal_last_100nt	13834	2795.535872339	data/processed/p6_rnaseq/runs/SRR19152328/locus_coverage.tsv.gz
SRR19152328	B+P_5-3	5	3	10647	10604	-43	terminal_last_100nt	13837	2796.142103915	data/processed/p6_rnaseq/runs/SRR19152328/locus_coverage.tsv.gz
SRR19152328	B+P_5-3	5	3	10647	10605	-42	terminal_last_100nt	13876	2804.023114398	data/processed/p6_rnaseq/runs/SRR19152328/locus_coverage.tsv.gz
SRR19152328	B+P_5-3	5	3	10647	10606	-41	terminal_last_100nt	13905	2809.883352962	data/processed/p6_rnaseq/runs/SRR19152328/locus_coverage.tsv.gz
SRR19152328	B+P_5-3	5	3	10647	10607	-40	terminal_last_100nt	13928	2814.531128375	data/processed/p6_rnaseq/runs/SRR19152328/locus_coverage.tsv.gz
SRR19152328	B+P_5-3	5	3	10647	10608	-39	terminal_last_100nt	13936	2816.14774591	data/processed/p6_rnaseq/runs/SRR19152328/locus_coverage.tsv.gz
SRR19152328	B+P_5-3	5	3	10647	10609	-38	terminal_last_100nt	13935	2815.945668718	data/processed/p6_rnaseq/runs/SRR19152328/locus_coverage.tsv.gz
SRR19152328	B+P_5-3	5	3	10647	10610	-37	terminal_last_100nt	13956	2820.189289747	data/processed/p6_rnaseq/runs/SRR19152328/locus_coverage.tsv.gz
SRR19152328	B+P_5-3	5	3	10647	10611	-36	terminal_last_100nt	13962	2821.401752898	data/processed/p6_rnaseq/runs/SRR19152328/locus_coverage.tsv.gz
SRR19152328	B+P_5-3	5	3	10647	10612	-35	terminal_last_100nt	13974	2823.826679201	data/processed/p6_rnaseq/runs/SRR19152328/locus_coverage.tsv.gz
SRR19152328	B+P_5-3	5	3	10647	10613	-34	terminal_last_100nt	13977	2824.432910776	data/processed/p6_rnaseq/runs/SRR19152328/locus_coverage.tsv.gz
SRR19152328	B+P_5-3	5	3	10647	10614	-33	terminal_last_100nt	13977	2824.432910776	data/processed/p6_rnaseq/runs/SRR19152328/locus_coverage.tsv.gz
SRR19152328	B+P_5-3	5	3	10647	10615	-32	terminal_last_100nt	13982	2825.443296736	data/processed/p6_rnaseq/runs/SRR19152328/locus_coverage.tsv.gz
SRR19152328	B+P_5-3	5	3	10647	10616	-31	terminal_last_100nt	13984	2825.84745112	data/processed/p6_rnaseq/runs/SRR19152328/locus_coverage.tsv.gz
SRR19152328	B+P_5-3	5	3	10647	10617	-30	terminal_last_100nt	14006	2830.293149341	data/processed/p6_rnaseq/runs/SRR19152328/locus_coverage.tsv.gz
SRR19152328	B+P_5-3	5	3	10647	10618	-29	terminal_last_100nt	14005	2830.091072149	data/processed/p6_rnaseq/runs/SRR19152328/locus_coverage.tsv.gz
SRR19152328	B+P_5-3	5	3	10647	10619	-28	terminal_last_100nt	14016	2832.313921259	data/processed/p6_rnaseq/runs/SRR19152328/locus_coverage.tsv.gz
SRR19152328	B+P_5-3	5	3	10647	10620	-27	terminal_last_100nt	14015	2832.111844068	data/processed/p6_rnaseq/runs/SRR19152328/locus_coverage.tsv.gz
SRR19152328	B+P_5-3	5	3	10647	10621	-26	terminal_last_100nt	14018	2832.718075643	data/processed/p6_rnaseq/runs/SRR19152328/locus_coverage.tsv.gz
SRR19152328	B+P_5-3	5	3	10647	10622	-25	terminal_last_100nt	14008	2830.697303724	data/processed/p6_rnaseq/runs/SRR19152328/locus_coverage.tsv.gz
SRR19152328	B+P_5-3	5	3	10647	10623	-24	terminal_last_100nt	13983	2825.645373928	data/processed/p6_rnaseq/runs/SRR19152328/locus_coverage.tsv.gz
SRR19152328	B+P_5-3	5	3	10647	10624	-23	terminal_last_100nt	13799	2788.463170623	data/processed/p6_rnaseq/runs/SRR19152328/locus_coverage.tsv.gz
SRR19152328	B+P_5-3	5	3	10647	10625	-22	terminal_last_100nt	13783	2785.229935554	data/processed/p6_rnaseq/runs/SRR19152328/locus_coverage.tsv.gz
SRR19152328	B+P_5-3	5	3	10647	10626	-21	terminal_last_100nt	13784	2785.432012745	data/processed/p6_rnaseq/runs/SRR19152328/locus_coverage.tsv.gz
SRR19152328	B+P_5-3	5	3	10647	10627	-20	terminal_last_100nt	13772	2783.007086443	data/processed/p6_rnaseq/runs/SRR19152328/locus_coverage.tsv.gz
SRR19152328	B+P_5-3	5	3	10647	10628	-19	terminal_last_100nt	13709	2770.276223355	data/processed/p6_rnaseq/runs/SRR19152328/locus_coverage.tsv.gz
SRR19152328	B+P_5-3	5	3	10647	10629	-18	terminal_last_100nt	13718	2772.094918082	data/processed/p6_rnaseq/runs/SRR19152328/locus_coverage.tsv.gz
SRR19152328	B+P_5-3	5	3	10647	10630	-17	terminal_last_100nt	13177	2662.77115728	data/processed/p6_rnaseq/runs/SRR19152328/locus_coverage.tsv.gz
SRR19152328	B+P_5-3	5	3	10647	10631	-16	terminal_last_100nt	12917	2610.231087394	data/processed/p6_rnaseq/runs/SRR19152328/locus_coverage.tsv.gz
SRR19152328	B+P_5-3	5	3	10647	10632	-15	terminal_last_100nt	12485	2522.933740505	data/processed/p6_rnaseq/runs/SRR19152328/locus_coverage.tsv.gz
SRR19152328	B+P_5-3	5	3	10647	10633	-14	terminal_last_100nt	10227	2066.643441261	data/processed/p6_rnaseq/runs/SRR19152328/locus_coverage.tsv.gz
SRR19152328	B+P_5-3	5	3	10647	10634	-13	terminal_last_100nt	9686	1957.319680459	data/processed/p6_rnaseq/runs/SRR19152328/locus_coverage.tsv.gz
SRR19152328	B+P_5-3	5	3	10647	10635	-12	terminal_last_100nt	4292	867.315307509	data/processed/p6_rnaseq/runs/SRR19152328/locus_coverage.tsv.gz
SRR19152328	B+P_5-3	5	3	10647	10636	-11	terminal_last_100nt	3949	798.002830697	data/processed/p6_rnaseq/runs/SRR19152328/locus_coverage.tsv.gz
SRR19152328	B+P_5-3	5	3	10647	10637	-10	terminal_last_100nt	4172	843.066044484	data/processed/p6_rnaseq/runs/SRR19152328/locus_coverage.tsv.gz
SRR19152328	B+P_5-3	5	3	10647	10638	-9	terminal_last_100nt	4178	844.278507636	data/processed/p6_rnaseq/runs/SRR19152328/locus_coverage.tsv.gz
SRR19152328	B+P_5-3	5	3	10647	10639	-8	terminal_last_100nt	4322	873.377623265	data/processed/p6_rnaseq/runs/SRR19152328/locus_coverage.tsv.gz
SRR19152328	B+P_5-3	5	3	10647	10640	-7	terminal_last_100nt	4341	877.217089911	data/processed/p6_rnaseq/runs/SRR19152328/locus_coverage.tsv.gz
SRR19152328	B+P_5-3	5	3	10647	10641	-6	terminal_last_100nt	4355	880.046170597	data/processed/p6_rnaseq/runs/SRR19152328/locus_coverage.tsv.gz
SRR19152328	B+P_5-3	5	3	10647	10642	-5	terminal_last_100nt	4467	902.678816086	data/processed/p6_rnaseq/runs/SRR19152328/locus_coverage.tsv.gz
SRR19152328	B+P_5-3	5	3	10647	10643	-4	terminal_last_100nt	4452	899.647658208	data/processed/p6_rnaseq/runs/SRR19152328/locus_coverage.tsv.gz
SRR19152328	B+P_5-3	5	3	10647	10644	-3	terminal_last_100nt	4500	909.347363418	data/processed/p6_rnaseq/runs/SRR19152328/locus_coverage.tsv.gz
SRR19152328	B+P_5-3	5	3	10647	10645	-2	terminal_last_100nt	4523	913.995138831	data/processed/p6_rnaseq/runs/SRR19152328/locus_coverage.tsv.gz
SRR19152328	B+P_5-3	5	3	10647	10646	-1	terminal_last_100nt	4487	906.720359924	data/processed/p6_rnaseq/runs/SRR19152328/locus_coverage.tsv.gz
SRR19152328	B+P_5-3	5	3	10647	10647	0	RT_first_100nt	4486	906.518282732	data/processed/p6_rnaseq/runs/SRR19152328/locus_coverage.tsv.gz
SRR19152328	B+P_5-3	5	3	10647	10648	1	RT_first_100nt	4491	907.528668691	data/processed/p6_rnaseq/runs/SRR19152328/locus_coverage.tsv.gz
SRR19152328	B+P_5-3	5	3	10647	10649	2	RT_first_100nt	4556	920.663686163	data/processed/p6_rnaseq/runs/SRR19152328/locus_coverage.tsv.gz
SRR19152328	B+P_5-3	5	3	10647	10650	3	RT_first_100nt	4691	947.944107065	data/processed/p6_rnaseq/runs/SRR19152328/locus_coverage.tsv.gz
SRR19152328	B+P_5-3	5	3	10647	10651	4	RT_first_100nt	4716	952.996036862	data/processed/p6_rnaseq/runs/SRR19152328/locus_coverage.tsv.gz
SRR19152328	B+P_5-3	5	3	10647	10652	5	RT_first_100nt	4720	953.80434563	data/processed/p6_rnaseq/runs/SRR19152328/locus_coverage.tsv.gz
SRR19152328	B+P_5-3	5	3	10647	10653	6	RT_first_100nt	4723	954.410577205	data/processed/p6_rnaseq/runs/SRR19152328/locus_coverage.tsv.gz
SRR19152328	B+P_5-3	5	3	10647	10654	7	RT_first_100nt	4734	956.633426316	data/processed/p6_rnaseq/runs/SRR19152328/locus_coverage.tsv.gz
SRR19152328	B+P_5-3	5	3	10647	10655	8	RT_first_100nt	4756	961.079124537	data/processed/p6_rnaseq/runs/SRR19152328/locus_coverage.tsv.gz
SRR19152328	B+P_5-3	5	3	10647	10656	9	RT_first_100nt	4756	961.079124537	data/processed/p6_rnaseq/runs/SRR19152328/locus_coverage.tsv.gz
SRR19152328	B+P_5-3	5	3	10647	10657	10	RT_first_100nt	4759	961.685356113	data/processed/p6_rnaseq/runs/SRR19152328/locus_coverage.tsv.gz
SRR19152328	B+P_5-3	5	3	10647	10658	11	RT_first_100nt	4766	963.099896456	data/processed/p6_rnaseq/runs/SRR19152328/locus_coverage.tsv.gz
SRR19152328	B+P_5-3	5	3	10647	10659	12	RT_first_100nt	4786	967.141440293	data/processed/p6_rnaseq/runs/SRR19152328/locus_coverage.tsv.gz
SRR19152328	B+P_5-3	5	3	10647	10660	13	RT_first_100nt	4791	968.151826252	data/processed/p6_rnaseq/runs/SRR19152328/locus_coverage.tsv.gz
SRR19152328	B+P_5-3	5	3	10647	10661	14	RT_first_100nt	4813	972.597524474	data/processed/p6_rnaseq/runs/SRR19152328/locus_coverage.tsv.gz
SRR19152328	B+P_5-3	5	3	10647	10662	15	RT_first_100nt	4891	988.359545439	data/processed/p6_rnaseq/runs/SRR19152328/locus_coverage.tsv.gz
SRR19152328	B+P_5-3	5	3	10647	10663	16	RT_first_100nt	4968	1003.919489214	data/processed/p6_rnaseq/runs/SRR19152328/locus_coverage.tsv.gz
SRR19152328	B+P_5-3	5	3	10647	10664	17	RT_first_100nt	5000	1010.385959353	data/processed/p6_rnaseq/runs/SRR19152328/locus_coverage.tsv.gz
SRR19152328	B+P_5-3	5	3	10647	10665	18	RT_first_100nt	5051	1020.691896139	data/processed/p6_rnaseq/runs/SRR19152328/locus_coverage.tsv.gz
SRR19152328	B+P_5-3	5	3	10647	10666	19	RT_first_100nt	5064	1023.318899633	data/processed/p6_rnaseq/runs/SRR19152328/locus_coverage.tsv.gz
SRR19152328	B+P_5-3	5	3	10647	10667	20	RT_first_100nt	5258	1062.521874856	data/processed/p6_rnaseq/runs/SRR19152328/locus_coverage.tsv.gz
SRR19152328	B+P_5-3	5	3	10647	10668	21	RT_first_100nt	5341	1079.294281781	data/processed/p6_rnaseq/runs/SRR19152328/locus_coverage.tsv.gz
SRR19152328	B+P_5-3	5	3	10647	10669	22	RT_first_100nt	5373	1085.760751921	data/processed/p6_rnaseq/runs/SRR19152328/locus_coverage.tsv.gz
SRR19152328	B+P_5-3	5	3	10647	10670	23	RT_first_100nt	5422	1095.662534323	data/processed/p6_rnaseq/runs/SRR19152328/locus_coverage.tsv.gz
SRR19152328	B+P_5-3	5	3	10647	10671	24	RT_first_100nt	5426	1096.47084309	data/processed/p6_rnaseq/runs/SRR19152328/locus_coverage.tsv.gz
SRR19152328	B+P_5-3	5	3	10647	10672	25	RT_first_100nt	5534	1118.295179812	data/processed/p6_rnaseq/runs/SRR19152328/locus_coverage.tsv.gz
SRR19152328	B+P_5-3	5	3	10647	10673	26	RT_first_100nt	5704	1152.64830243	data/processed/p6_rnaseq/runs/SRR19152328/locus_coverage.tsv.gz
SRR19152328	B+P_5-3	5	3	10647	10674	27	RT_first_100nt	5795	1171.037326891	data/processed/p6_rnaseq/runs/SRR19152328/locus_coverage.tsv.gz
SRR19152328	B+P_5-3	5	3	10647	10675	28	RT_first_100nt	5889	1190.032582926	data/processed/p6_rnaseq/runs/SRR19152328/locus_coverage.tsv.gz
SRR19152328	B+P_5-3	5	3	10647	10676	29	RT_first_100nt	5932	1198.721902177	data/processed/p6_rnaseq/runs/SRR19152328/locus_coverage.tsv.gz
SRR19152328	B+P_5-3	5	3	10647	10677	30	RT_first_100nt	5967	1205.794603892	data/processed/p6_rnaseq/runs/SRR19152328/locus_coverage.tsv.gz
SRR19152328	B+P_5-3	5	3	10647	10678	31	RT_first_100nt	6012	1214.888077527	data/processed/p6_rnaseq/runs/SRR19152328/locus_coverage.tsv.gz
SRR19152328	B+P_5-3	5	3	10647	10679	32	RT_first_100nt	5984	1209.229916154	data/processed/p6_rnaseq/runs/SRR19152328/locus_coverage.tsv.gz
SRR19152328	B+P_5-3	5	3	10647	10680	33	RT_first_100nt	5959	1204.177986357	data/processed/p6_rnaseq/runs/SRR19152328/locus_coverage.tsv.gz
SRR19152328	B+P_5-3	5	3	10647	10681	34	RT_first_100nt	5950	1202.359291631	data/processed/p6_rnaseq/runs/SRR19152328/locus_coverage.tsv.gz
SRR19152328	B+P_5-3	5	3	10647	10682	35	RT_first_100nt	5919	1196.094898683	data/processed/p6_rnaseq/runs/SRR19152328/locus_coverage.tsv.gz
SRR19152328	B+P_5-3	5	3	10647	10683	36	RT_first_100nt	5851	1182.353649635	data/processed/p6_rnaseq/runs/SRR19152328/locus_coverage.tsv.gz
SRR19152328	B+P_5-3	5	3	10647	10684	37	RT_first_100nt	5849	1181.949495252	data/processed/p6_rnaseq/runs/SRR19152328/locus_coverage.tsv.gz
SRR19152328	B+P_5-3	5	3	10647	10685	38	RT_first_100nt	5717	1155.275305925	data/processed/p6_rnaseq/runs/SRR19152328/locus_coverage.tsv.gz
SRR19152328	B+P_5-3	5	3	10647	10686	39	RT_first_100nt	5688	1149.41506736	data/processed/p6_rnaseq/runs/SRR19152328/locus_coverage.tsv.gz
SRR19152328	B+P_5-3	5	3	10647	10687	40	RT_first_100nt	5890	1190.234660118	data/processed/p6_rnaseq/runs/SRR19152328/locus_coverage.tsv.gz
SRR19152328	B+P_5-3	5	3	10647	10688	41	RT_first_100nt	5934	1199.126056561	data/processed/p6_rnaseq/runs/SRR19152328/locus_coverage.tsv.gz
SRR19152328	B+P_5-3	5	3	10647	10689	42	RT_first_100nt	5905	1193.265817996	data/processed/p6_rnaseq/runs/SRR19152328/locus_coverage.tsv.gz
SRR19152328	B+P_5-3	5	3	10647	10690	43	RT_first_100nt	5282	1067.371727461	data/processed/p6_rnaseq/runs/SRR19152328/locus_coverage.tsv.gz
SRR19152328	B+P_5-3	5	3	10647	10691	44	RT_first_100nt	5278	1066.563418693	data/processed/p6_rnaseq/runs/SRR19152328/locus_coverage.tsv.gz
SRR19152328	B+P_5-3	5	3	10647	10692	45	RT_first_100nt	5284	1067.775881845	data/processed/p6_rnaseq/runs/SRR19152328/locus_coverage.tsv.gz
SRR19152328	B+P_5-3	5	3	10647	10693	46	RT_first_100nt	5357	1082.527516851	data/processed/p6_rnaseq/runs/SRR19152328/locus_coverage.tsv.gz
SRR19152328	B+P_5-3	5	3	10647	10694	47	RT_first_100nt	5367	1084.54828877	data/processed/p6_rnaseq/runs/SRR19152328/locus_coverage.tsv.gz
SRR19152328	B+P_5-3	5	3	10647	10695	48	RT_first_100nt	5425	1096.268765898	data/processed/p6_rnaseq/runs/SRR19152328/locus_coverage.tsv.gz
SRR19152328	B+P_5-3	5	3	10647	10696	49	RT_first_100nt	5441	1099.502000968	data/processed/p6_rnaseq/runs/SRR19152328/locus_coverage.tsv.gz
SRR19152328	B+P_5-3	5	3	10647	10697	50	RT_first_100nt	5513	1114.051558783	data/processed/p6_rnaseq/runs/SRR19152328/locus_coverage.tsv.gz
SRR19152328	B+P_5-3	5	3	10647	10698	51	RT_first_100nt	5487	1108.797551794	data/processed/p6_rnaseq/runs/SRR19152328/locus_coverage.tsv.gz
SRR19152328	B+P_5-3	5	3	10647	10699	52	RT_first_100nt	5523	1116.072330702	data/processed/p6_rnaseq/runs/SRR19152328/locus_coverage.tsv.gz
SRR19152328	B+P_5-3	5	3	10647	10700	53	RT_first_100nt	5517	1114.859867551	data/processed/p6_rnaseq/runs/SRR19152328/locus_coverage.tsv.gz
SRR19152328	B+P_5-3	5	3	10647	10701	54	RT_first_100nt	5547	1120.922183307	data/processed/p6_rnaseq/runs/SRR19152328/locus_coverage.tsv.gz
SRR19152328	B+P_5-3	5	3	10647	10702	55	RT_first_100nt	5529	1117.284793853	data/processed/p6_rnaseq/runs/SRR19152328/locus_coverage.tsv.gz
SRR19152328	B+P_5-3	5	3	10647	10703	56	RT_first_100nt	5695	1150.829607704	data/processed/p6_rnaseq/runs/SRR19152328/locus_coverage.tsv.gz
SRR19152328	B+P_5-3	5	3	10647	10704	57	RT_first_100nt	5693	1150.42545332	data/processed/p6_rnaseq/runs/SRR19152328/locus_coverage.tsv.gz
SRR19152328	B+P_5-3	5	3	10647	10705	58	RT_first_100nt	5696	1151.031684895	data/processed/p6_rnaseq/runs/SRR19152328/locus_coverage.tsv.gz
SRR19152328	B+P_5-3	5	3	10647	10706	59	RT_first_100nt	5704	1152.64830243	data/processed/p6_rnaseq/runs/SRR19152328/locus_coverage.tsv.gz
SRR19152328	B+P_5-3	5	3	10647	10707	60	RT_first_100nt	5713	1154.466997157	data/processed/p6_rnaseq/runs/SRR19152328/locus_coverage.tsv.gz
SRR19152328	B+P_5-3	5	3	10647	10708	61	RT_first_100nt	5726	1157.094000651	data/processed/p6_rnaseq/runs/SRR19152328/locus_coverage.tsv.gz
SRR19152328	B+P_5-3	5	3	10647	10709	62	RT_first_100nt	5728	1157.498155035	data/processed/p6_rnaseq/runs/SRR19152328/locus_coverage.tsv.gz
SRR19152328	B+P_5-3	5	3	10647	10710	63	RT_first_100nt	5743	1160.529312913	data/processed/p6_rnaseq/runs/SRR19152328/locus_coverage.tsv.gz
SRR19152328	B+P_5-3	5	3	10647	10711	64	RT_first_100nt	5751	1162.145930448	data/processed/p6_rnaseq/runs/SRR19152328/locus_coverage.tsv.gz
SRR19152328	B+P_5-3	5	3	10647	10712	65	RT_first_100nt	5764	1164.772933943	data/processed/p6_rnaseq/runs/SRR19152328/locus_coverage.tsv.gz
SRR19152328	B+P_5-3	5	3	10647	10713	66	RT_first_100nt	5768	1165.58124271	data/processed/p6_rnaseq/runs/SRR19152328/locus_coverage.tsv.gz
SRR19152328	B+P_5-3	5	3	10647	10714	67	RT_first_100nt	5769	1165.783319902	data/processed/p6_rnaseq/runs/SRR19152328/locus_coverage.tsv.gz
SRR19152328	B+P_5-3	5	3	10647	10715	68	RT_first_100nt	5798	1171.643558466	data/processed/p6_rnaseq/runs/SRR19152328/locus_coverage.tsv.gz
SRR19152328	B+P_5-3	5	3	10647	10716	69	RT_first_100nt	5819	1175.887179495	data/processed/p6_rnaseq/runs/SRR19152328/locus_coverage.tsv.gz
SRR19152328	B+P_5-3	5	3	10647	10717	70	RT_first_100nt	5822	1176.493411071	data/processed/p6_rnaseq/runs/SRR19152328/locus_coverage.tsv.gz
SRR19152328	B+P_5-3	5	3	10647	10718	71	RT_first_100nt	5822	1176.493411071	data/processed/p6_rnaseq/runs/SRR19152328/locus_coverage.tsv.gz
SRR19152328	B+P_5-3	5	3	10647	10719	72	RT_first_100nt	5830	1178.110028606	data/processed/p6_rnaseq/runs/SRR19152328/locus_coverage.tsv.gz
SRR19152328	B+P_5-3	5	3	10647	10720	73	RT_first_100nt	5851	1182.353649635	data/processed/p6_rnaseq/runs/SRR19152328/locus_coverage.tsv.gz
SRR19152328	B+P_5-3	5	3	10647	10721	74	RT_first_100nt	5864	1184.98065313	data/processed/p6_rnaseq/runs/SRR19152328/locus_coverage.tsv.gz
SRR19152328	B+P_5-3	5	3	10647	10722	75	RT_first_100nt	5870	1186.193116281	data/processed/p6_rnaseq/runs/SRR19152328/locus_coverage.tsv.gz
SRR19152328	B+P_5-3	5	3	10647	10723	76	RT_first_100nt	5947	1201.753060055	data/processed/p6_rnaseq/runs/SRR19152328/locus_coverage.tsv.gz
SRR19152328	B+P_5-3	5	3	10647	10724	77	RT_first_100nt	5963	1204.986295125	data/processed/p6_rnaseq/runs/SRR19152328/locus_coverage.tsv.gz
SRR19152328	B+P_5-3	5	3	10647	10725	78	RT_first_100nt	5974	1207.209144235	data/processed/p6_rnaseq/runs/SRR19152328/locus_coverage.tsv.gz
SRR19152328	B+P_5-3	5	3	10647	10726	79	RT_first_100nt	6005	1213.473537183	data/processed/p6_rnaseq/runs/SRR19152328/locus_coverage.tsv.gz
SRR19152328	B+P_5-3	5	3	10647	10727	80	RT_first_100nt	6065	1225.598168696	data/processed/p6_rnaseq/runs/SRR19152328/locus_coverage.tsv.gz
SRR19152328	B+P_5-3	5	3	10647	10728	81	RT_first_100nt	6069	1226.406477463	data/processed/p6_rnaseq/runs/SRR19152328/locus_coverage.tsv.gz
SRR19152328	B+P_5-3	5	3	10647	10729	82	RT_first_100nt	6092	1231.054252876	data/processed/p6_rnaseq/runs/SRR19152328/locus_coverage.tsv.gz
SRR19152328	B+P_5-3	5	3	10647	10730	83	RT_first_100nt	6227	1258.334673779	data/processed/p6_rnaseq/runs/SRR19152328/locus_coverage.tsv.gz
SRR19152328	B+P_5-3	5	3	10647	10731	84	RT_first_100nt	6330	1279.148624541	data/processed/p6_rnaseq/runs/SRR19152328/locus_coverage.tsv.gz
SRR19152328	B+P_5-3	5	3	10647	10732	85	RT_first_100nt	6374	1288.040020984	data/processed/p6_rnaseq/runs/SRR19152328/locus_coverage.tsv.gz
SRR19152328	B+P_5-3	5	3	10647	10733	86	RT_first_100nt	6375	1288.242098176	data/processed/p6_rnaseq/runs/SRR19152328/locus_coverage.tsv.gz
SRR19152328	B+P_5-3	5	3	10647	10734	87	RT_first_100nt	6378	1288.848329751	data/processed/p6_rnaseq/runs/SRR19152328/locus_coverage.tsv.gz
SRR19152328	B+P_5-3	5	3	10647	10735	88	RT_first_100nt	6379	1289.050406943	data/processed/p6_rnaseq/runs/SRR19152328/locus_coverage.tsv.gz
SRR19152328	B+P_5-3	5	3	10647	10736	89	RT_first_100nt	6410	1295.314799891	data/processed/p6_rnaseq/runs/SRR19152328/locus_coverage.tsv.gz
SRR19152328	B+P_5-3	5	3	10647	10737	90	RT_first_100nt	6421	1297.537649002	data/processed/p6_rnaseq/runs/SRR19152328/locus_coverage.tsv.gz
SRR19152328	B+P_5-3	5	3	10647	10738	91	RT_first_100nt	6426	1298.548034961	data/processed/p6_rnaseq/runs/SRR19152328/locus_coverage.tsv.gz
SRR19152328	B+P_5-3	5	3	10647	10739	92	RT_first_100nt	6435	1300.366729688	data/processed/p6_rnaseq/runs/SRR19152328/locus_coverage.tsv.gz
SRR19152328	B+P_5-3	5	3	10647	10740	93	RT_first_100nt	6436	1300.56880688	data/processed/p6_rnaseq/runs/SRR19152328/locus_coverage.tsv.gz
SRR19152328	B+P_5-3	5	3	10647	10741	94	RT_first_100nt	6443	1301.983347223	data/processed/p6_rnaseq/runs/SRR19152328/locus_coverage.tsv.gz
SRR19152328	B+P_5-3	5	3	10647	10742	95	RT_first_100nt	6445	1302.387501607	data/processed/p6_rnaseq/runs/SRR19152328/locus_coverage.tsv.gz
SRR19152328	B+P_5-3	5	3	10647	10743	96	RT_first_100nt	6462	1305.822813868	data/processed/p6_rnaseq/runs/SRR19152328/locus_coverage.tsv.gz
SRR19152328	B+P_5-3	5	3	10647	10744	97	RT_first_100nt	6463	1306.02489106	data/processed/p6_rnaseq/runs/SRR19152328/locus_coverage.tsv.gz
SRR19152328	B+P_5-3	5	3	10647	10745	98	RT_first_100nt	6470	1307.439431403	data/processed/p6_rnaseq/runs/SRR19152328/locus_coverage.tsv.gz
SRR19152328	B+P_5-3	5	3	10647	10746	99	RT_first_100nt	6481	1309.662280514	data/processed/p6_rnaseq/runs/SRR19152328/locus_coverage.tsv.gz
SRR19152327	B+P_15-1	15	1	10647	10547	-100	terminal_last_100nt	154366	23384.521975082	data/processed/p6_rnaseq/runs/SRR19152327/locus_coverage.tsv.gz
SRR19152327	B+P_15-1	15	1	10647	10548	-99	terminal_last_100nt	154303	23374.978261541	data/processed/p6_rnaseq/runs/SRR19152327/locus_coverage.tsv.gz
SRR19152327	B+P_15-1	15	1	10647	10549	-98	terminal_last_100nt	154244	23366.040498067	data/processed/p6_rnaseq/runs/SRR19152327/locus_coverage.tsv.gz
SRR19152327	B+P_15-1	15	1	10647	10550	-97	terminal_last_100nt	154192	23358.163147208	data/processed/p6_rnaseq/runs/SRR19152327/locus_coverage.tsv.gz
SRR19152327	B+P_15-1	15	1	10647	10551	-96	terminal_last_100nt	154004	23329.683494102	data/processed/p6_rnaseq/runs/SRR19152327/locus_coverage.tsv.gz
SRR19152327	B+P_15-1	15	1	10647	10552	-95	terminal_last_100nt	153983	23326.502256255	data/processed/p6_rnaseq/runs/SRR19152327/locus_coverage.tsv.gz
SRR19152327	B+P_15-1	15	1	10647	10553	-94	terminal_last_100nt	153803	23299.234503282	data/processed/p6_rnaseq/runs/SRR19152327/locus_coverage.tsv.gz
SRR19152327	B+P_15-1	15	1	10647	10554	-93	terminal_last_100nt	153772	23294.538390269	data/processed/p6_rnaseq/runs/SRR19152327/locus_coverage.tsv.gz
SRR19152327	B+P_15-1	15	1	10647	10555	-92	terminal_last_100nt	150448	22790.993885358	data/processed/p6_rnaseq/runs/SRR19152327/locus_coverage.tsv.gz
SRR19152327	B+P_15-1	15	1	10647	10556	-91	terminal_last_100nt	149387	22630.26563033	data/processed/p6_rnaseq/runs/SRR19152327/locus_coverage.tsv.gz
SRR19152327	B+P_15-1	15	1	10647	10557	-90	terminal_last_100nt	149011	22573.306324119	data/processed/p6_rnaseq/runs/SRR19152327/locus_coverage.tsv.gz
SRR19152327	B+P_15-1	15	1	10647	10558	-89	terminal_last_100nt	145565	22051.280342192	data/processed/p6_rnaseq/runs/SRR19152327/locus_coverage.tsv.gz
SRR19152327	B+P_15-1	15	1	10647	10559	-88	terminal_last_100nt	123406	18694.468463632	data/processed/p6_rnaseq/runs/SRR19152327/locus_coverage.tsv.gz
SRR19152327	B+P_15-1	15	1	10647	10560	-87	terminal_last_100nt	116499	17648.14418703	data/processed/p6_rnaseq/runs/SRR19152327/locus_coverage.tsv.gz
SRR19152327	B+P_15-1	15	1	10647	10561	-86	terminal_last_100nt	115879	17554.221926788	data/processed/p6_rnaseq/runs/SRR19152327/locus_coverage.tsv.gz
SRR19152327	B+P_15-1	15	1	10647	10562	-85	terminal_last_100nt	92144	13958.665722192	data/processed/p6_rnaseq/runs/SRR19152327/locus_coverage.tsv.gz
SRR19152327	B+P_15-1	15	1	10647	10563	-84	terminal_last_100nt	83519	12652.08589221	data/processed/p6_rnaseq/runs/SRR19152327/locus_coverage.tsv.gz
SRR19152327	B+P_15-1	15	1	10647	10564	-83	terminal_last_100nt	62419	9455.699293644	data/processed/p6_rnaseq/runs/SRR19152327/locus_coverage.tsv.gz
SRR19152327	B+P_15-1	15	1	10647	10565	-82	terminal_last_100nt	53844	8156.693839487	data/processed/p6_rnaseq/runs/SRR19152327/locus_coverage.tsv.gz
SRR19152327	B+P_15-1	15	1	10647	10566	-81	terminal_last_100nt	13479	2041.900235169	data/processed/p6_rnaseq/runs/SRR19152327/locus_coverage.tsv.gz
SRR19152327	B+P_15-1	15	1	10647	10567	-80	terminal_last_100nt	10755	1629.24824017	data/processed/p6_rnaseq/runs/SRR19152327/locus_coverage.tsv.gz
SRR19152327	B+P_15-1	15	1	10647	10568	-79	terminal_last_100nt	10459	1584.40793528	data/processed/p6_rnaseq/runs/SRR19152327/locus_coverage.tsv.gz
SRR19152327	B+P_15-1	15	1	10647	10569	-78	terminal_last_100nt	10308	1561.533320285	data/processed/p6_rnaseq/runs/SRR19152327/locus_coverage.tsv.gz
SRR19152327	B+P_15-1	15	1	10647	10570	-77	terminal_last_100nt	10083	1527.448629068	data/processed/p6_rnaseq/runs/SRR19152327/locus_coverage.tsv.gz
SRR19152327	B+P_15-1	15	1	10647	10571	-76	terminal_last_100nt	10034	1520.025740759	data/processed/p6_rnaseq/runs/SRR19152327/locus_coverage.tsv.gz
SRR19152327	B+P_15-1	15	1	10647	10572	-75	terminal_last_100nt	10034	1520.025740759	data/processed/p6_rnaseq/runs/SRR19152327/locus_coverage.tsv.gz
SRR19152327	B+P_15-1	15	1	10647	10573	-74	terminal_last_100nt	10032	1519.722765726	data/processed/p6_rnaseq/runs/SRR19152327/locus_coverage.tsv.gz
SRR19152327	B+P_15-1	15	1	10647	10574	-73	terminal_last_100nt	10024	1518.510865594	data/processed/p6_rnaseq/runs/SRR19152327/locus_coverage.tsv.gz
SRR19152327	B+P_15-1	15	1	10647	10575	-72	terminal_last_100nt	10018	1517.601940494	data/processed/p6_rnaseq/runs/SRR19152327/locus_coverage.tsv.gz
SRR19152327	B+P_15-1	15	1	10647	10576	-71	terminal_last_100nt	9995	1514.117727615	data/processed/p6_rnaseq/runs/SRR19152327/locus_coverage.tsv.gz
SRR19152327	B+P_15-1	15	1	10647	10577	-70	terminal_last_100nt	9992	1513.663265065	data/processed/p6_rnaseq/runs/SRR19152327/locus_coverage.tsv.gz
SRR19152327	B+P_15-1	15	1	10647	10578	-69	terminal_last_100nt	9976	1511.239464801	data/processed/p6_rnaseq/runs/SRR19152327/locus_coverage.tsv.gz
SRR19152327	B+P_15-1	15	1	10647	10579	-68	terminal_last_100nt	9959	1508.66417702	data/processed/p6_rnaseq/runs/SRR19152327/locus_coverage.tsv.gz
SRR19152327	B+P_15-1	15	1	10647	10580	-67	terminal_last_100nt	9944	1506.391864272	data/processed/p6_rnaseq/runs/SRR19152327/locus_coverage.tsv.gz
SRR19152327	B+P_15-1	15	1	10647	10581	-66	terminal_last_100nt	9917	1502.301701326	data/processed/p6_rnaseq/runs/SRR19152327/locus_coverage.tsv.gz
SRR19152327	B+P_15-1	15	1	10647	10582	-65	terminal_last_100nt	9912	1501.544263743	data/processed/p6_rnaseq/runs/SRR19152327/locus_coverage.tsv.gz
SRR19152327	B+P_15-1	15	1	10647	10583	-64	terminal_last_100nt	9891	1498.363025896	data/processed/p6_rnaseq/runs/SRR19152327/locus_coverage.tsv.gz
SRR19152327	B+P_15-1	15	1	10647	10584	-63	terminal_last_100nt	9886	1497.605588314	data/processed/p6_rnaseq/runs/SRR19152327/locus_coverage.tsv.gz
SRR19152327	B+P_15-1	15	1	10647	10585	-62	terminal_last_100nt	9885	1497.454100797	data/processed/p6_rnaseq/runs/SRR19152327/locus_coverage.tsv.gz
SRR19152327	B+P_15-1	15	1	10647	10586	-61	terminal_last_100nt	9885	1497.454100797	data/processed/p6_rnaseq/runs/SRR19152327/locus_coverage.tsv.gz
SRR19152327	B+P_15-1	15	1	10647	10587	-60	terminal_last_100nt	9886	1497.605588314	data/processed/p6_rnaseq/runs/SRR19152327/locus_coverage.tsv.gz
SRR19152327	B+P_15-1	15	1	10647	10588	-59	terminal_last_100nt	9886	1497.605588314	data/processed/p6_rnaseq/runs/SRR19152327/locus_coverage.tsv.gz
SRR19152327	B+P_15-1	15	1	10647	10589	-58	terminal_last_100nt	9890	1498.21153838	data/processed/p6_rnaseq/runs/SRR19152327/locus_coverage.tsv.gz
SRR19152327	B+P_15-1	15	1	10647	10590	-57	terminal_last_100nt	9888	1497.908563347	data/processed/p6_rnaseq/runs/SRR19152327/locus_coverage.tsv.gz
SRR19152327	B+P_15-1	15	1	10647	10591	-56	terminal_last_100nt	9889	1498.060050863	data/processed/p6_rnaseq/runs/SRR19152327/locus_coverage.tsv.gz
SRR19152327	B+P_15-1	15	1	10647	10592	-55	terminal_last_100nt	9891	1498.363025896	data/processed/p6_rnaseq/runs/SRR19152327/locus_coverage.tsv.gz
SRR19152327	B+P_15-1	15	1	10647	10593	-54	terminal_last_100nt	9892	1498.514513413	data/processed/p6_rnaseq/runs/SRR19152327/locus_coverage.tsv.gz
SRR19152327	B+P_15-1	15	1	10647	10594	-53	terminal_last_100nt	9895	1498.968975963	data/processed/p6_rnaseq/runs/SRR19152327/locus_coverage.tsv.gz
SRR19152327	B+P_15-1	15	1	10647	10595	-52	terminal_last_100nt	9895	1498.968975963	data/processed/p6_rnaseq/runs/SRR19152327/locus_coverage.tsv.gz
SRR19152327	B+P_15-1	15	1	10647	10596	-51	terminal_last_100nt	9893	1498.66600093	data/processed/p6_rnaseq/runs/SRR19152327/locus_coverage.tsv.gz
SRR19152327	B+P_15-1	15	1	10647	10597	-50	terminal_last_100nt	9887	1497.75707583	data/processed/p6_rnaseq/runs/SRR19152327/locus_coverage.tsv.gz
SRR19152327	B+P_15-1	15	1	10647	10598	-49	terminal_last_100nt	9895	1498.968975963	data/processed/p6_rnaseq/runs/SRR19152327/locus_coverage.tsv.gz
SRR19152327	B+P_15-1	15	1	10647	10599	-48	terminal_last_100nt	9894	1498.817488446	data/processed/p6_rnaseq/runs/SRR19152327/locus_coverage.tsv.gz
SRR19152327	B+P_15-1	15	1	10647	10600	-47	terminal_last_100nt	9915	1501.998726293	data/processed/p6_rnaseq/runs/SRR19152327/locus_coverage.tsv.gz
SRR19152327	B+P_15-1	15	1	10647	10601	-46	terminal_last_100nt	9940	1505.785914206	data/processed/p6_rnaseq/runs/SRR19152327/locus_coverage.tsv.gz
SRR19152327	B+P_15-1	15	1	10647	10602	-45	terminal_last_100nt	9951	1507.452276888	data/processed/p6_rnaseq/runs/SRR19152327/locus_coverage.tsv.gz
SRR19152327	B+P_15-1	15	1	10647	10603	-44	terminal_last_100nt	9959	1508.66417702	data/processed/p6_rnaseq/runs/SRR19152327/locus_coverage.tsv.gz
SRR19152327	B+P_15-1	15	1	10647	10604	-43	terminal_last_100nt	9960	1508.815664536	data/processed/p6_rnaseq/runs/SRR19152327/locus_coverage.tsv.gz
SRR19152327	B+P_15-1	15	1	10647	10605	-42	terminal_last_100nt	9969	1510.179052185	data/processed/p6_rnaseq/runs/SRR19152327/locus_coverage.tsv.gz
SRR19152327	B+P_15-1	15	1	10647	10606	-41	terminal_last_100nt	9977	1511.390952317	data/processed/p6_rnaseq/runs/SRR19152327/locus_coverage.tsv.gz
SRR19152327	B+P_15-1	15	1	10647	10607	-40	terminal_last_100nt	9987	1512.905827482	data/processed/p6_rnaseq/runs/SRR19152327/locus_coverage.tsv.gz
SRR19152327	B+P_15-1	15	1	10647	10608	-39	terminal_last_100nt	9988	1513.057314999	data/processed/p6_rnaseq/runs/SRR19152327/locus_coverage.tsv.gz
SRR19152327	B+P_15-1	15	1	10647	10609	-38	terminal_last_100nt	9990	1513.360290032	data/processed/p6_rnaseq/runs/SRR19152327/locus_coverage.tsv.gz
SRR19152327	B+P_15-1	15	1	10647	10610	-37	terminal_last_100nt	9993	1513.814752581	data/processed/p6_rnaseq/runs/SRR19152327/locus_coverage.tsv.gz
SRR19152327	B+P_15-1	15	1	10647	10611	-36	terminal_last_100nt	9997	1514.420702648	data/processed/p6_rnaseq/runs/SRR19152327/locus_coverage.tsv.gz
SRR19152327	B+P_15-1	15	1	10647	10612	-35	terminal_last_100nt	10003	1515.329627747	data/processed/p6_rnaseq/runs/SRR19152327/locus_coverage.tsv.gz
SRR19152327	B+P_15-1	15	1	10647	10613	-34	terminal_last_100nt	10001	1515.026652714	data/processed/p6_rnaseq/runs/SRR19152327/locus_coverage.tsv.gz
SRR19152327	B+P_15-1	15	1	10647	10614	-33	terminal_last_100nt	10005	1515.63260278	data/processed/p6_rnaseq/runs/SRR19152327/locus_coverage.tsv.gz
SRR19152327	B+P_15-1	15	1	10647	10615	-32	terminal_last_100nt	10009	1516.238552846	data/processed/p6_rnaseq/runs/SRR19152327/locus_coverage.tsv.gz
SRR19152327	B+P_15-1	15	1	10647	10616	-31	terminal_last_100nt	10009	1516.238552846	data/processed/p6_rnaseq/runs/SRR19152327/locus_coverage.tsv.gz
SRR19152327	B+P_15-1	15	1	10647	10617	-30	terminal_last_100nt	10011	1516.541527879	data/processed/p6_rnaseq/runs/SRR19152327/locus_coverage.tsv.gz
SRR19152327	B+P_15-1	15	1	10647	10618	-29	terminal_last_100nt	10013	1516.844502912	data/processed/p6_rnaseq/runs/SRR19152327/locus_coverage.tsv.gz
SRR19152327	B+P_15-1	15	1	10647	10619	-28	terminal_last_100nt	10012	1516.693015395	data/processed/p6_rnaseq/runs/SRR19152327/locus_coverage.tsv.gz
SRR19152327	B+P_15-1	15	1	10647	10620	-27	terminal_last_100nt	10004	1515.481115263	data/processed/p6_rnaseq/runs/SRR19152327/locus_coverage.tsv.gz
SRR19152327	B+P_15-1	15	1	10647	10621	-26	terminal_last_100nt	10005	1515.63260278	data/processed/p6_rnaseq/runs/SRR19152327/locus_coverage.tsv.gz
SRR19152327	B+P_15-1	15	1	10647	10622	-25	terminal_last_100nt	9989	1513.208802515	data/processed/p6_rnaseq/runs/SRR19152327/locus_coverage.tsv.gz
SRR19152327	B+P_15-1	15	1	10647	10623	-24	terminal_last_100nt	9961	1508.967152053	data/processed/p6_rnaseq/runs/SRR19152327/locus_coverage.tsv.gz
SRR19152327	B+P_15-1	15	1	10647	10624	-23	terminal_last_100nt	9803	1485.032124443	data/processed/p6_rnaseq/runs/SRR19152327/locus_coverage.tsv.gz
SRR19152327	B+P_15-1	15	1	10647	10625	-22	terminal_last_100nt	9789	1482.911299211	data/processed/p6_rnaseq/runs/SRR19152327/locus_coverage.tsv.gz
SRR19152327	B+P_15-1	15	1	10647	10626	-21	terminal_last_100nt	9771	1480.184523914	data/processed/p6_rnaseq/runs/SRR19152327/locus_coverage.tsv.gz
SRR19152327	B+P_15-1	15	1	10647	10627	-20	terminal_last_100nt	9759	1478.366673716	data/processed/p6_rnaseq/runs/SRR19152327/locus_coverage.tsv.gz
SRR19152327	B+P_15-1	15	1	10647	10628	-19	terminal_last_100nt	9705	1470.186347824	data/processed/p6_rnaseq/runs/SRR19152327/locus_coverage.tsv.gz
SRR19152327	B+P_15-1	15	1	10647	10629	-18	terminal_last_100nt	9704	1470.034860307	data/processed/p6_rnaseq/runs/SRR19152327/locus_coverage.tsv.gz
SRR19152327	B+P_15-1	15	1	10647	10630	-17	terminal_last_100nt	9153	1386.565238705	data/processed/p6_rnaseq/runs/SRR19152327/locus_coverage.tsv.gz
SRR19152327	B+P_15-1	15	1	10647	10631	-16	terminal_last_100nt	8884	1345.815096761	data/processed/p6_rnaseq/runs/SRR19152327/locus_coverage.tsv.gz
SRR19152327	B+P_15-1	15	1	10647	10632	-15	terminal_last_100nt	8528	1291.88554088	data/processed/p6_rnaseq/runs/SRR19152327/locus_coverage.tsv.gz
SRR19152327	B+P_15-1	15	1	10647	10633	-14	terminal_last_100nt	6815	1032.387425082	data/processed/p6_rnaseq/runs/SRR19152327/locus_coverage.tsv.gz
SRR19152327	B+P_15-1	15	1	10647	10634	-13	terminal_last_100nt	6355	962.703167483	data/processed/p6_rnaseq/runs/SRR19152327/locus_coverage.tsv.gz
SRR19152327	B+P_15-1	15	1	10647	10635	-12	terminal_last_100nt	2084	315.699984427	data/processed/p6_rnaseq/runs/SRR19152327/locus_coverage.tsv.gz
SRR19152327	B+P_15-1	15	1	10647	10636	-11	terminal_last_100nt	1853	280.706368111	data/processed/p6_rnaseq/runs/SRR19152327/locus_coverage.tsv.gz
SRR19152327	B+P_15-1	15	1	10647	10637	-10	terminal_last_100nt	1907	288.886694003	data/processed/p6_rnaseq/runs/SRR19152327/locus_coverage.tsv.gz
SRR19152327	B+P_15-1	15	1	10647	10638	-9	terminal_last_100nt	1880	284.796531057	data/processed/p6_rnaseq/runs/SRR19152327/locus_coverage.tsv.gz
SRR19152327	B+P_15-1	15	1	10647	10639	-8	terminal_last_100nt	1936	293.279831982	data/processed/p6_rnaseq/runs/SRR19152327/locus_coverage.tsv.gz
SRR19152327	B+P_15-1	15	1	10647	10640	-7	terminal_last_100nt	1933	292.825369433	data/processed/p6_rnaseq/runs/SRR19152327/locus_coverage.tsv.gz
SRR19152327	B+P_15-1	15	1	10647	10641	-6	terminal_last_100nt	1935	293.128344466	data/processed/p6_rnaseq/runs/SRR19152327/locus_coverage.tsv.gz
SRR19152327	B+P_15-1	15	1	10647	10642	-5	terminal_last_100nt	1970	298.430407544	data/processed/p6_rnaseq/runs/SRR19152327/locus_coverage.tsv.gz
SRR19152327	B+P_15-1	15	1	10647	10643	-4	terminal_last_100nt	1964	297.521482445	data/processed/p6_rnaseq/runs/SRR19152327/locus_coverage.tsv.gz
SRR19152327	B+P_15-1	15	1	10647	10644	-3	terminal_last_100nt	2000	302.975033039	data/processed/p6_rnaseq/runs/SRR19152327/locus_coverage.tsv.gz
SRR19152327	B+P_15-1	15	1	10647	10645	-2	terminal_last_100nt	2003	303.429495589	data/processed/p6_rnaseq/runs/SRR19152327/locus_coverage.tsv.gz
SRR19152327	B+P_15-1	15	1	10647	10646	-1	terminal_last_100nt	1988	301.157182841	data/processed/p6_rnaseq/runs/SRR19152327/locus_coverage.tsv.gz
SRR19152327	B+P_15-1	15	1	10647	10647	0	RT_first_100nt	1991	301.611645391	data/processed/p6_rnaseq/runs/SRR19152327/locus_coverage.tsv.gz
SRR19152327	B+P_15-1	15	1	10647	10648	1	RT_first_100nt	1993	301.914620424	data/processed/p6_rnaseq/runs/SRR19152327/locus_coverage.tsv.gz
SRR19152327	B+P_15-1	15	1	10647	10649	2	RT_first_100nt	2029	307.368171018	data/processed/p6_rnaseq/runs/SRR19152327/locus_coverage.tsv.gz
SRR19152327	B+P_15-1	15	1	10647	10650	3	RT_first_100nt	2092	316.911884559	data/processed/p6_rnaseq/runs/SRR19152327/locus_coverage.tsv.gz
SRR19152327	B+P_15-1	15	1	10647	10651	4	RT_first_100nt	2093	317.063372076	data/processed/p6_rnaseq/runs/SRR19152327/locus_coverage.tsv.gz
SRR19152327	B+P_15-1	15	1	10647	10652	5	RT_first_100nt	2095	317.366347109	data/processed/p6_rnaseq/runs/SRR19152327/locus_coverage.tsv.gz
SRR19152327	B+P_15-1	15	1	10647	10653	6	RT_first_100nt	2102	318.426759724	data/processed/p6_rnaseq/runs/SRR19152327/locus_coverage.tsv.gz
SRR19152327	B+P_15-1	15	1	10647	10654	7	RT_first_100nt	2112	319.94163489	data/processed/p6_rnaseq/runs/SRR19152327/locus_coverage.tsv.gz
SRR19152327	B+P_15-1	15	1	10647	10655	8	RT_first_100nt	2129	322.51692267	data/processed/p6_rnaseq/runs/SRR19152327/locus_coverage.tsv.gz
SRR19152327	B+P_15-1	15	1	10647	10656	9	RT_first_100nt	2130	322.668410187	data/processed/p6_rnaseq/runs/SRR19152327/locus_coverage.tsv.gz
SRR19152327	B+P_15-1	15	1	10647	10657	10	RT_first_100nt	2131	322.819897704	data/processed/p6_rnaseq/runs/SRR19152327/locus_coverage.tsv.gz
SRR19152327	B+P_15-1	15	1	10647	10658	11	RT_first_100nt	2132	322.97138522	data/processed/p6_rnaseq/runs/SRR19152327/locus_coverage.tsv.gz
SRR19152327	B+P_15-1	15	1	10647	10659	12	RT_first_100nt	2139	324.031797836	data/processed/p6_rnaseq/runs/SRR19152327/locus_coverage.tsv.gz
SRR19152327	B+P_15-1	15	1	10647	10660	13	RT_first_100nt	2141	324.334772869	data/processed/p6_rnaseq/runs/SRR19152327/locus_coverage.tsv.gz
SRR19152327	B+P_15-1	15	1	10647	10661	14	RT_first_100nt	2160	327.213035683	data/processed/p6_rnaseq/runs/SRR19152327/locus_coverage.tsv.gz
SRR19152327	B+P_15-1	15	1	10647	10662	15	RT_first_100nt	2193	332.212123728	data/processed/p6_rnaseq/runs/SRR19152327/locus_coverage.tsv.gz
SRR19152327	B+P_15-1	15	1	10647	10663	16	RT_first_100nt	2268	343.573687467	data/processed/p6_rnaseq/runs/SRR19152327/locus_coverage.tsv.gz
SRR19152327	B+P_15-1	15	1	10647	10664	17	RT_first_100nt	2290	346.90641283	data/processed/p6_rnaseq/runs/SRR19152327/locus_coverage.tsv.gz
SRR19152327	B+P_15-1	15	1	10647	10665	18	RT_first_100nt	2324	352.056988392	data/processed/p6_rnaseq/runs/SRR19152327/locus_coverage.tsv.gz
SRR19152327	B+P_15-1	15	1	10647	10666	19	RT_first_100nt	2334	353.571863557	data/processed/p6_rnaseq/runs/SRR19152327/locus_coverage.tsv.gz
SRR19152327	B+P_15-1	15	1	10647	10667	20	RT_first_100nt	2533	383.717879344	data/processed/p6_rnaseq/runs/SRR19152327/locus_coverage.tsv.gz
SRR19152327	B+P_15-1	15	1	10647	10668	21	RT_first_100nt	2589	392.20118027	data/processed/p6_rnaseq/runs/SRR19152327/locus_coverage.tsv.gz
SRR19152327	B+P_15-1	15	1	10647	10669	22	RT_first_100nt	2608	395.079443083	data/processed/p6_rnaseq/runs/SRR19152327/locus_coverage.tsv.gz
SRR19152327	B+P_15-1	15	1	10647	10670	23	RT_first_100nt	2657	402.502331393	data/processed/p6_rnaseq/runs/SRR19152327/locus_coverage.tsv.gz
SRR19152327	B+P_15-1	15	1	10647	10671	24	RT_first_100nt	2669	404.320181591	data/processed/p6_rnaseq/runs/SRR19152327/locus_coverage.tsv.gz
SRR19152327	B+P_15-1	15	1	10647	10672	25	RT_first_100nt	2750	416.590670429	data/processed/p6_rnaseq/runs/SRR19152327/locus_coverage.tsv.gz
SRR19152327	B+P_15-1	15	1	10647	10673	26	RT_first_100nt	2861	433.405784763	data/processed/p6_rnaseq/runs/SRR19152327/locus_coverage.tsv.gz
SRR19152327	B+P_15-1	15	1	10647	10674	27	RT_first_100nt	2934	444.464373469	data/processed/p6_rnaseq/runs/SRR19152327/locus_coverage.tsv.gz
SRR19152327	B+P_15-1	15	1	10647	10675	28	RT_first_100nt	2987	452.493211844	data/processed/p6_rnaseq/runs/SRR19152327/locus_coverage.tsv.gz
SRR19152327	B+P_15-1	15	1	10647	10676	29	RT_first_100nt	3004	455.068499625	data/processed/p6_rnaseq/runs/SRR19152327/locus_coverage.tsv.gz
SRR19152327	B+P_15-1	15	1	10647	10677	30	RT_first_100nt	3018	457.189324856	data/processed/p6_rnaseq/runs/SRR19152327/locus_coverage.tsv.gz
SRR19152327	B+P_15-1	15	1	10647	10678	31	RT_first_100nt	3046	461.430975319	data/processed/p6_rnaseq/runs/SRR19152327/locus_coverage.tsv.gz
SRR19152327	B+P_15-1	15	1	10647	10679	32	RT_first_100nt	3031	459.158662571	data/processed/p6_rnaseq/runs/SRR19152327/locus_coverage.tsv.gz
SRR19152327	B+P_15-1	15	1	10647	10680	33	RT_first_100nt	3013	456.431887274	data/processed/p6_rnaseq/runs/SRR19152327/locus_coverage.tsv.gz
SRR19152327	B+P_15-1	15	1	10647	10681	34	RT_first_100nt	3022	457.795274923	data/processed/p6_rnaseq/runs/SRR19152327/locus_coverage.tsv.gz
SRR19152327	B+P_15-1	15	1	10647	10682	35	RT_first_100nt	2998	454.159574526	data/processed/p6_rnaseq/runs/SRR19152327/locus_coverage.tsv.gz
SRR19152327	B+P_15-1	15	1	10647	10683	36	RT_first_100nt	2975	450.675361646	data/processed/p6_rnaseq/runs/SRR19152327/locus_coverage.tsv.gz
SRR19152327	B+P_15-1	15	1	10647	10684	37	RT_first_100nt	2981	451.584286745	data/processed/p6_rnaseq/runs/SRR19152327/locus_coverage.tsv.gz
SRR19152327	B+P_15-1	15	1	10647	10685	38	RT_first_100nt	2911	440.980160589	data/processed/p6_rnaseq/runs/SRR19152327/locus_coverage.tsv.gz
SRR19152327	B+P_15-1	15	1	10647	10686	39	RT_first_100nt	2891	437.950410258	data/processed/p6_rnaseq/runs/SRR19152327/locus_coverage.tsv.gz
SRR19152327	B+P_15-1	15	1	10647	10687	40	RT_first_100nt	3005	455.219987142	data/processed/p6_rnaseq/runs/SRR19152327/locus_coverage.tsv.gz
SRR19152327	B+P_15-1	15	1	10647	10688	41	RT_first_100nt	3018	457.189324856	data/processed/p6_rnaseq/runs/SRR19152327/locus_coverage.tsv.gz
SRR19152327	B+P_15-1	15	1	10647	10689	42	RT_first_100nt	3009	455.825937208	data/processed/p6_rnaseq/runs/SRR19152327/locus_coverage.tsv.gz
SRR19152327	B+P_15-1	15	1	10647	10690	43	RT_first_100nt	2732	413.863895132	data/processed/p6_rnaseq/runs/SRR19152327/locus_coverage.tsv.gz
SRR19152327	B+P_15-1	15	1	10647	10691	44	RT_first_100nt	2747	416.13620788	data/processed/p6_rnaseq/runs/SRR19152327/locus_coverage.tsv.gz
SRR19152327	B+P_15-1	15	1	10647	10692	45	RT_first_100nt	2755	417.348108012	data/processed/p6_rnaseq/runs/SRR19152327/locus_coverage.tsv.gz
SRR19152327	B+P_15-1	15	1	10647	10693	46	RT_first_100nt	2806	425.073971354	data/processed/p6_rnaseq/runs/SRR19152327/locus_coverage.tsv.gz
SRR19152327	B+P_15-1	15	1	10647	10694	47	RT_first_100nt	2812	425.982896453	data/processed/p6_rnaseq/runs/SRR19152327/locus_coverage.tsv.gz
SRR19152327	B+P_15-1	15	1	10647	10695	48	RT_first_100nt	2856	432.64834718	data/processed/p6_rnaseq/runs/SRR19152327/locus_coverage.tsv.gz
SRR19152327	B+P_15-1	15	1	10647	10696	49	RT_first_100nt	2860	433.254297246	data/processed/p6_rnaseq/runs/SRR19152327/locus_coverage.tsv.gz
SRR19152327	B+P_15-1	15	1	10647	10697	50	RT_first_100nt	2884	436.889997643	data/processed/p6_rnaseq/runs/SRR19152327/locus_coverage.tsv.gz
SRR19152327	B+P_15-1	15	1	10647	10698	51	RT_first_100nt	2862	433.557272279	data/processed/p6_rnaseq/runs/SRR19152327/locus_coverage.tsv.gz
SRR19152327	B+P_15-1	15	1	10647	10699	52	RT_first_100nt	2887	437.344460192	data/processed/p6_rnaseq/runs/SRR19152327/locus_coverage.tsv.gz
SRR19152327	B+P_15-1	15	1	10647	10700	53	RT_first_100nt	2905	440.07123549	data/processed/p6_rnaseq/runs/SRR19152327/locus_coverage.tsv.gz
SRR19152327	B+P_15-1	15	1	10647	10701	54	RT_first_100nt	2924	442.949498304	data/processed/p6_rnaseq/runs/SRR19152327/locus_coverage.tsv.gz
SRR19152327	B+P_15-1	15	1	10647	10702	55	RT_first_100nt	2921	442.495035754	data/processed/p6_rnaseq/runs/SRR19152327/locus_coverage.tsv.gz
SRR19152327	B+P_15-1	15	1	10647	10703	56	RT_first_100nt	3023	457.946762439	data/processed/p6_rnaseq/runs/SRR19152327/locus_coverage.tsv.gz
SRR19152327	B+P_15-1	15	1	10647	10704	57	RT_first_100nt	3024	458.098249956	data/processed/p6_rnaseq/runs/SRR19152327/locus_coverage.tsv.gz
SRR19152327	B+P_15-1	15	1	10647	10705	58	RT_first_100nt	3024	458.098249956	data/processed/p6_rnaseq/runs/SRR19152327/locus_coverage.tsv.gz
SRR19152327	B+P_15-1	15	1	10647	10706	59	RT_first_100nt	3028	458.704200022	data/processed/p6_rnaseq/runs/SRR19152327/locus_coverage.tsv.gz
SRR19152327	B+P_15-1	15	1	10647	10707	60	RT_first_100nt	3037	460.06758767	data/processed/p6_rnaseq/runs/SRR19152327/locus_coverage.tsv.gz
SRR19152327	B+P_15-1	15	1	10647	10708	61	RT_first_100nt	3047	461.582462836	data/processed/p6_rnaseq/runs/SRR19152327/locus_coverage.tsv.gz
SRR19152327	B+P_15-1	15	1	10647	10709	62	RT_first_100nt	3050	462.036925385	data/processed/p6_rnaseq/runs/SRR19152327/locus_coverage.tsv.gz
SRR19152327	B+P_15-1	15	1	10647	10710	63	RT_first_100nt	3052	462.339900418	data/processed/p6_rnaseq/runs/SRR19152327/locus_coverage.tsv.gz
SRR19152327	B+P_15-1	15	1	10647	10711	64	RT_first_100nt	3057	463.097338001	data/processed/p6_rnaseq/runs/SRR19152327/locus_coverage.tsv.gz
SRR19152327	B+P_15-1	15	1	10647	10712	65	RT_first_100nt	3064	464.157750616	data/processed/p6_rnaseq/runs/SRR19152327/locus_coverage.tsv.gz
SRR19152327	B+P_15-1	15	1	10647	10713	66	RT_first_100nt	3064	464.157750616	data/processed/p6_rnaseq/runs/SRR19152327/locus_coverage.tsv.gz
SRR19152327	B+P_15-1	15	1	10647	10714	67	RT_first_100nt	3065	464.309238133	data/processed/p6_rnaseq/runs/SRR19152327/locus_coverage.tsv.gz
SRR19152327	B+P_15-1	15	1	10647	10715	68	RT_first_100nt	3075	465.824113298	data/processed/p6_rnaseq/runs/SRR19152327/locus_coverage.tsv.gz
SRR19152327	B+P_15-1	15	1	10647	10716	69	RT_first_100nt	3091	468.247913562	data/processed/p6_rnaseq/runs/SRR19152327/locus_coverage.tsv.gz
SRR19152327	B+P_15-1	15	1	10647	10717	70	RT_first_100nt	3095	468.853863629	data/processed/p6_rnaseq/runs/SRR19152327/locus_coverage.tsv.gz
SRR19152327	B+P_15-1	15	1	10647	10718	71	RT_first_100nt	3097	469.156838662	data/processed/p6_rnaseq/runs/SRR19152327/locus_coverage.tsv.gz
SRR19152327	B+P_15-1	15	1	10647	10719	72	RT_first_100nt	3108	470.823201343	data/processed/p6_rnaseq/runs/SRR19152327/locus_coverage.tsv.gz
SRR19152327	B+P_15-1	15	1	10647	10720	73	RT_first_100nt	3114	471.732126442	data/processed/p6_rnaseq/runs/SRR19152327/locus_coverage.tsv.gz
SRR19152327	B+P_15-1	15	1	10647	10721	74	RT_first_100nt	3134	474.761876773	data/processed/p6_rnaseq/runs/SRR19152327/locus_coverage.tsv.gz
SRR19152327	B+P_15-1	15	1	10647	10722	75	RT_first_100nt	3131	474.307414223	data/processed/p6_rnaseq/runs/SRR19152327/locus_coverage.tsv.gz
SRR19152327	B+P_15-1	15	1	10647	10723	76	RT_first_100nt	3175	480.97286495	data/processed/p6_rnaseq/runs/SRR19152327/locus_coverage.tsv.gz
SRR19152327	B+P_15-1	15	1	10647	10724	77	RT_first_100nt	3177	481.275839983	data/processed/p6_rnaseq/runs/SRR19152327/locus_coverage.tsv.gz
SRR19152327	B+P_15-1	15	1	10647	10725	78	RT_first_100nt	3183	482.184765082	data/processed/p6_rnaseq/runs/SRR19152327/locus_coverage.tsv.gz
SRR19152327	B+P_15-1	15	1	10647	10726	79	RT_first_100nt	3205	485.517490446	data/processed/p6_rnaseq/runs/SRR19152327/locus_coverage.tsv.gz
SRR19152327	B+P_15-1	15	1	10647	10727	80	RT_first_100nt	3243	491.274016073	data/processed/p6_rnaseq/runs/SRR19152327/locus_coverage.tsv.gz
SRR19152327	B+P_15-1	15	1	10647	10728	81	RT_first_100nt	3243	491.274016073	data/processed/p6_rnaseq/runs/SRR19152327/locus_coverage.tsv.gz
SRR19152327	B+P_15-1	15	1	10647	10729	82	RT_first_100nt	3256	493.243353788	data/processed/p6_rnaseq/runs/SRR19152327/locus_coverage.tsv.gz
SRR19152327	B+P_15-1	15	1	10647	10730	83	RT_first_100nt	3306	500.817729614	data/processed/p6_rnaseq/runs/SRR19152327/locus_coverage.tsv.gz
SRR19152327	B+P_15-1	15	1	10647	10731	84	RT_first_100nt	3363	509.452518056	data/processed/p6_rnaseq/runs/SRR19152327/locus_coverage.tsv.gz
SRR19152327	B+P_15-1	15	1	10647	10732	85	RT_first_100nt	3373	510.967393221	data/processed/p6_rnaseq/runs/SRR19152327/locus_coverage.tsv.gz
SRR19152327	B+P_15-1	15	1	10647	10733	86	RT_first_100nt	3373	510.967393221	data/processed/p6_rnaseq/runs/SRR19152327/locus_coverage.tsv.gz
SRR19152327	B+P_15-1	15	1	10647	10734	87	RT_first_100nt	3374	511.118880738	data/processed/p6_rnaseq/runs/SRR19152327/locus_coverage.tsv.gz
SRR19152327	B+P_15-1	15	1	10647	10735	88	RT_first_100nt	3376	511.421855771	data/processed/p6_rnaseq/runs/SRR19152327/locus_coverage.tsv.gz
SRR19152327	B+P_15-1	15	1	10647	10736	89	RT_first_100nt	3392	513.845656035	data/processed/p6_rnaseq/runs/SRR19152327/locus_coverage.tsv.gz
SRR19152327	B+P_15-1	15	1	10647	10737	90	RT_first_100nt	3399	514.906068651	data/processed/p6_rnaseq/runs/SRR19152327/locus_coverage.tsv.gz
SRR19152327	B+P_15-1	15	1	10647	10738	91	RT_first_100nt	3402	515.3605312	data/processed/p6_rnaseq/runs/SRR19152327/locus_coverage.tsv.gz
SRR19152327	B+P_15-1	15	1	10647	10739	92	RT_first_100nt	3406	515.966481266	data/processed/p6_rnaseq/runs/SRR19152327/locus_coverage.tsv.gz
SRR19152327	B+P_15-1	15	1	10647	10740	93	RT_first_100nt	3409	516.420943816	data/processed/p6_rnaseq/runs/SRR19152327/locus_coverage.tsv.gz
SRR19152327	B+P_15-1	15	1	10647	10741	94	RT_first_100nt	3411	516.723918849	data/processed/p6_rnaseq/runs/SRR19152327/locus_coverage.tsv.gz
SRR19152327	B+P_15-1	15	1	10647	10742	95	RT_first_100nt	3410	516.572431332	data/processed/p6_rnaseq/runs/SRR19152327/locus_coverage.tsv.gz
SRR19152327	B+P_15-1	15	1	10647	10743	96	RT_first_100nt	3416	517.481356431	data/processed/p6_rnaseq/runs/SRR19152327/locus_coverage.tsv.gz
SRR19152327	B+P_15-1	15	1	10647	10744	97	RT_first_100nt	3417	517.632843948	data/processed/p6_rnaseq/runs/SRR19152327/locus_coverage.tsv.gz
SRR19152327	B+P_15-1	15	1	10647	10745	98	RT_first_100nt	3426	518.996231597	data/processed/p6_rnaseq/runs/SRR19152327/locus_coverage.tsv.gz
SRR19152327	B+P_15-1	15	1	10647	10746	99	RT_first_100nt	3438	520.814081795	data/processed/p6_rnaseq/runs/SRR19152327/locus_coverage.tsv.gz
SRR19152326	B+P_15-2	15	2	10647	10547	-100	terminal_last_100nt	200132	33876.477775269	data/processed/p6_rnaseq/runs/SRR19152326/locus_coverage.tsv.gz
SRR19152326	B+P_15-2	15	2	10647	10548	-99	terminal_last_100nt	200052	33862.93612165	data/processed/p6_rnaseq/runs/SRR19152326/locus_coverage.tsv.gz
SRR19152326	B+P_15-2	15	2	10647	10549	-98	terminal_last_100nt	200008	33855.48821216	data/processed/p6_rnaseq/runs/SRR19152326/locus_coverage.tsv.gz
SRR19152326	B+P_15-2	15	2	10647	10550	-97	terminal_last_100nt	199966	33848.37884401	data/processed/p6_rnaseq/runs/SRR19152326/locus_coverage.tsv.gz
SRR19152326	B+P_15-2	15	2	10647	10551	-96	terminal_last_100nt	199797	33819.77210074	data/processed/p6_rnaseq/runs/SRR19152326/locus_coverage.tsv.gz
SRR19152326	B+P_15-2	15	2	10647	10552	-95	terminal_last_100nt	199764	33814.186168623	data/processed/p6_rnaseq/runs/SRR19152326/locus_coverage.tsv.gz
SRR19152326	B+P_15-2	15	2	10647	10553	-94	terminal_last_100nt	199549	33777.792974522	data/processed/p6_rnaseq/runs/SRR19152326/locus_coverage.tsv.gz
SRR19152326	B+P_15-2	15	2	10647	10554	-93	terminal_last_100nt	199512	33771.529959724	data/processed/p6_rnaseq/runs/SRR19152326/locus_coverage.tsv.gz
SRR19152326	B+P_15-2	15	2	10647	10555	-92	terminal_last_100nt	196147	33201.934154386	data/processed/p6_rnaseq/runs/SRR19152326/locus_coverage.tsv.gz
SRR19152326	B+P_15-2	15	2	10647	10556	-91	terminal_last_100nt	195112	33026.739010694	data/processed/p6_rnaseq/runs/SRR19152326/locus_coverage.tsv.gz
SRR19152326	B+P_15-2	15	2	10647	10557	-90	terminal_last_100nt	194690	32955.306787855	data/processed/p6_rnaseq/runs/SRR19152326/locus_coverage.tsv.gz
SRR19152326	B+P_15-2	15	2	10647	10558	-89	terminal_last_100nt	190990	32329.00530799	data/processed/p6_rnaseq/runs/SRR19152326/locus_coverage.tsv.gz
SRR19152326	B+P_15-2	15	2	10647	10559	-88	terminal_last_100nt	165483	28011.418322331	data/processed/p6_rnaseq/runs/SRR19152326/locus_coverage.tsv.gz
SRR19152326	B+P_15-2	15	2	10647	10560	-87	terminal_last_100nt	157115	26594.961353813	data/processed/p6_rnaseq/runs/SRR19152326/locus_coverage.tsv.gz
SRR19152326	B+P_15-2	15	2	10647	10561	-86	terminal_last_100nt	156479	26487.305207544	data/processed/p6_rnaseq/runs/SRR19152326/locus_coverage.tsv.gz
SRR19152326	B+P_15-2	15	2	10647	10562	-85	terminal_last_100nt	126589	21427.804874251	data/processed/p6_rnaseq/runs/SRR19152326/locus_coverage.tsv.gz
SRR19152326	B+P_15-2	15	2	10647	10563	-84	terminal_last_100nt	114977	19462.233851493	data/processed/p6_rnaseq/runs/SRR19152326/locus_coverage.tsv.gz
SRR19152326	B+P_15-2	15	2	10647	10564	-83	terminal_last_100nt	86801	14692.863446981	data/processed/p6_rnaseq/runs/SRR19152326/locus_coverage.tsv.gz
SRR19152326	B+P_15-2	15	2	10647	10565	-82	terminal_last_100nt	75616	12799.571000413	data/processed/p6_rnaseq/runs/SRR19152326/locus_coverage.tsv.gz
SRR19152326	B+P_15-2	15	2	10647	10566	-81	terminal_last_100nt	17123	2898.421686417	data/processed/p6_rnaseq/runs/SRR19152326/locus_coverage.tsv.gz
SRR19152326	B+P_15-2	15	2	10647	10567	-80	terminal_last_100nt	12376	2094.893814816	data/processed/p6_rnaseq/runs/SRR19152326/locus_coverage.tsv.gz
SRR19152326	B+P_15-2	15	2	10647	10568	-79	terminal_last_100nt	11912	2016.352223827	data/processed/p6_rnaseq/runs/SRR19152326/locus_coverage.tsv.gz
SRR19152326	B+P_15-2	15	2	10647	10569	-78	terminal_last_100nt	11691	1978.943405706	data/processed/p6_rnaseq/runs/SRR19152326/locus_coverage.tsv.gz
SRR19152326	B+P_15-2	15	2	10647	10570	-77	terminal_last_100nt	11380	1926.300227263	data/processed/p6_rnaseq/runs/SRR19152326/locus_coverage.tsv.gz
SRR19152326	B+P_15-2	15	2	10647	10571	-76	terminal_last_100nt	11319	1915.974716379	data/processed/p6_rnaseq/runs/SRR19152326/locus_coverage.tsv.gz
SRR19152326	B+P_15-2	15	2	10647	10572	-75	terminal_last_100nt	11319	1915.974716379	data/processed/p6_rnaseq/runs/SRR19152326/locus_coverage.tsv.gz
SRR19152326	B+P_15-2	15	2	10647	10573	-74	terminal_last_100nt	11314	1915.128363027	data/processed/p6_rnaseq/runs/SRR19152326/locus_coverage.tsv.gz
SRR19152326	B+P_15-2	15	2	10647	10574	-73	terminal_last_100nt	11303	1913.266385655	data/processed/p6_rnaseq/runs/SRR19152326/locus_coverage.tsv.gz
SRR19152326	B+P_15-2	15	2	10647	10575	-72	terminal_last_100nt	11294	1911.742949623	data/processed/p6_rnaseq/runs/SRR19152326/locus_coverage.tsv.gz
SRR19152326	B+P_15-2	15	2	10647	10576	-71	terminal_last_100nt	11268	1907.341912197	data/processed/p6_rnaseq/runs/SRR19152326/locus_coverage.tsv.gz
SRR19152326	B+P_15-2	15	2	10647	10577	-70	terminal_last_100nt	11254	1904.972122813	data/processed/p6_rnaseq/runs/SRR19152326/locus_coverage.tsv.gz
SRR19152326	B+P_15-2	15	2	10647	10578	-69	terminal_last_100nt	11241	1902.7716041	data/processed/p6_rnaseq/runs/SRR19152326/locus_coverage.tsv.gz
SRR19152326	B+P_15-2	15	2	10647	10579	-68	terminal_last_100nt	11228	1900.571085387	data/processed/p6_rnaseq/runs/SRR19152326/locus_coverage.tsv.gz
SRR19152326	B+P_15-2	15	2	10647	10580	-67	terminal_last_100nt	11200	1895.831506621	data/processed/p6_rnaseq/runs/SRR19152326/locus_coverage.tsv.gz
SRR19152326	B+P_15-2	15	2	10647	10581	-66	terminal_last_100nt	11151	1887.537243779	data/processed/p6_rnaseq/runs/SRR19152326/locus_coverage.tsv.gz
SRR19152326	B+P_15-2	15	2	10647	10582	-65	terminal_last_100nt	11149	1887.198702439	data/processed/p6_rnaseq/runs/SRR19152326/locus_coverage.tsv.gz
SRR19152326	B+P_15-2	15	2	10647	10583	-64	terminal_last_100nt	11132	1884.321101045	data/processed/p6_rnaseq/runs/SRR19152326/locus_coverage.tsv.gz
SRR19152326	B+P_15-2	15	2	10647	10584	-63	terminal_last_100nt	11120	1882.289853002	data/processed/p6_rnaseq/runs/SRR19152326/locus_coverage.tsv.gz
SRR19152326	B+P_15-2	15	2	10647	10585	-62	terminal_last_100nt	11120	1882.289853002	data/processed/p6_rnaseq/runs/SRR19152326/locus_coverage.tsv.gz
SRR19152326	B+P_15-2	15	2	10647	10586	-61	terminal_last_100nt	11120	1882.289853002	data/processed/p6_rnaseq/runs/SRR19152326/locus_coverage.tsv.gz
SRR19152326	B+P_15-2	15	2	10647	10587	-60	terminal_last_100nt	11119	1882.120582332	data/processed/p6_rnaseq/runs/SRR19152326/locus_coverage.tsv.gz
SRR19152326	B+P_15-2	15	2	10647	10588	-59	terminal_last_100nt	11120	1882.289853002	data/processed/p6_rnaseq/runs/SRR19152326/locus_coverage.tsv.gz
SRR19152326	B+P_15-2	15	2	10647	10589	-58	terminal_last_100nt	11120	1882.289853002	data/processed/p6_rnaseq/runs/SRR19152326/locus_coverage.tsv.gz
SRR19152326	B+P_15-2	15	2	10647	10590	-57	terminal_last_100nt	11117	1881.782040991	data/processed/p6_rnaseq/runs/SRR19152326/locus_coverage.tsv.gz
SRR19152326	B+P_15-2	15	2	10647	10591	-56	terminal_last_100nt	11118	1881.951311661	data/processed/p6_rnaseq/runs/SRR19152326/locus_coverage.tsv.gz
SRR19152326	B+P_15-2	15	2	10647	10592	-55	terminal_last_100nt	11118	1881.951311661	data/processed/p6_rnaseq/runs/SRR19152326/locus_coverage.tsv.gz
SRR19152326	B+P_15-2	15	2	10647	10593	-54	terminal_last_100nt	11122	1882.628394342	data/processed/p6_rnaseq/runs/SRR19152326/locus_coverage.tsv.gz
SRR19152326	B+P_15-2	15	2	10647	10594	-53	terminal_last_100nt	11121	1882.459123672	data/processed/p6_rnaseq/runs/SRR19152326/locus_coverage.tsv.gz
SRR19152326	B+P_15-2	15	2	10647	10595	-52	terminal_last_100nt	11122	1882.628394342	data/processed/p6_rnaseq/runs/SRR19152326/locus_coverage.tsv.gz
SRR19152326	B+P_15-2	15	2	10647	10596	-51	terminal_last_100nt	11124	1882.966935683	data/processed/p6_rnaseq/runs/SRR19152326/locus_coverage.tsv.gz
SRR19152326	B+P_15-2	15	2	10647	10597	-50	terminal_last_100nt	11121	1882.459123672	data/processed/p6_rnaseq/runs/SRR19152326/locus_coverage.tsv.gz
SRR19152326	B+P_15-2	15	2	10647	10598	-49	terminal_last_100nt	11126	1883.305477023	data/processed/p6_rnaseq/runs/SRR19152326/locus_coverage.tsv.gz
SRR19152326	B+P_15-2	15	2	10647	10599	-48	terminal_last_100nt	11129	1883.813289034	data/processed/p6_rnaseq/runs/SRR19152326/locus_coverage.tsv.gz
SRR19152326	B+P_15-2	15	2	10647	10600	-47	terminal_last_100nt	11155	1888.21432646	data/processed/p6_rnaseq/runs/SRR19152326/locus_coverage.tsv.gz
SRR19152326	B+P_15-2	15	2	10647	10601	-46	terminal_last_100nt	11186	1893.461717237	data/processed/p6_rnaseq/runs/SRR19152326/locus_coverage.tsv.gz
SRR19152326	B+P_15-2	15	2	10647	10602	-45	terminal_last_100nt	11188	1893.800258578	data/processed/p6_rnaseq/runs/SRR19152326/locus_coverage.tsv.gz
SRR19152326	B+P_15-2	15	2	10647	10603	-44	terminal_last_100nt	11197	1895.32369461	data/processed/p6_rnaseq/runs/SRR19152326/locus_coverage.tsv.gz
SRR19152326	B+P_15-2	15	2	10647	10604	-43	terminal_last_100nt	11197	1895.32369461	data/processed/p6_rnaseq/runs/SRR19152326/locus_coverage.tsv.gz
SRR19152326	B+P_15-2	15	2	10647	10605	-42	terminal_last_100nt	11208	1897.185671983	data/processed/p6_rnaseq/runs/SRR19152326/locus_coverage.tsv.gz
SRR19152326	B+P_15-2	15	2	10647	10606	-41	terminal_last_100nt	11217	1898.709108015	data/processed/p6_rnaseq/runs/SRR19152326/locus_coverage.tsv.gz
SRR19152326	B+P_15-2	15	2	10647	10607	-40	terminal_last_100nt	11225	1900.063273377	data/processed/p6_rnaseq/runs/SRR19152326/locus_coverage.tsv.gz
SRR19152326	B+P_15-2	15	2	10647	10608	-39	terminal_last_100nt	11232	1901.248168068	data/processed/p6_rnaseq/runs/SRR19152326/locus_coverage.tsv.gz
SRR19152326	B+P_15-2	15	2	10647	10609	-38	terminal_last_100nt	11233	1901.417438738	data/processed/p6_rnaseq/runs/SRR19152326/locus_coverage.tsv.gz
SRR19152326	B+P_15-2	15	2	10647	10610	-37	terminal_last_100nt	11236	1901.925250749	data/processed/p6_rnaseq/runs/SRR19152326/locus_coverage.tsv.gz
SRR19152326	B+P_15-2	15	2	10647	10611	-36	terminal_last_100nt	11242	1902.940874771	data/processed/p6_rnaseq/runs/SRR19152326/locus_coverage.tsv.gz
SRR19152326	B+P_15-2	15	2	10647	10612	-35	terminal_last_100nt	11254	1904.972122813	data/processed/p6_rnaseq/runs/SRR19152326/locus_coverage.tsv.gz
SRR19152326	B+P_15-2	15	2	10647	10613	-34	terminal_last_100nt	11256	1905.310664154	data/processed/p6_rnaseq/runs/SRR19152326/locus_coverage.tsv.gz
SRR19152326	B+P_15-2	15	2	10647	10614	-33	terminal_last_100nt	11262	1906.326288175	data/processed/p6_rnaseq/runs/SRR19152326/locus_coverage.tsv.gz
SRR19152326	B+P_15-2	15	2	10647	10615	-32	terminal_last_100nt	11263	1906.495558845	data/processed/p6_rnaseq/runs/SRR19152326/locus_coverage.tsv.gz
SRR19152326	B+P_15-2	15	2	10647	10616	-31	terminal_last_100nt	11263	1906.495558845	data/processed/p6_rnaseq/runs/SRR19152326/locus_coverage.tsv.gz
SRR19152326	B+P_15-2	15	2	10647	10617	-30	terminal_last_100nt	11266	1907.003370856	data/processed/p6_rnaseq/runs/SRR19152326/locus_coverage.tsv.gz
SRR19152326	B+P_15-2	15	2	10647	10618	-29	terminal_last_100nt	11264	1906.664829516	data/processed/p6_rnaseq/runs/SRR19152326/locus_coverage.tsv.gz
SRR19152326	B+P_15-2	15	2	10647	10619	-28	terminal_last_100nt	11258	1905.649205494	data/processed/p6_rnaseq/runs/SRR19152326/locus_coverage.tsv.gz
SRR19152326	B+P_15-2	15	2	10647	10620	-27	terminal_last_100nt	11251	1904.464310803	data/processed/p6_rnaseq/runs/SRR19152326/locus_coverage.tsv.gz
SRR19152326	B+P_15-2	15	2	10647	10621	-26	terminal_last_100nt	11248	1903.956498792	data/processed/p6_rnaseq/runs/SRR19152326/locus_coverage.tsv.gz
SRR19152326	B+P_15-2	15	2	10647	10622	-25	terminal_last_100nt	11229	1900.740356057	data/processed/p6_rnaseq/runs/SRR19152326/locus_coverage.tsv.gz
SRR19152326	B+P_15-2	15	2	10647	10623	-24	terminal_last_100nt	11193	1894.646611929	data/processed/p6_rnaseq/runs/SRR19152326/locus_coverage.tsv.gz
SRR19152326	B+P_15-2	15	2	10647	10624	-23	terminal_last_100nt	11016	1864.685703298	data/processed/p6_rnaseq/runs/SRR19152326/locus_coverage.tsv.gz
SRR19152326	B+P_15-2	15	2	10647	10625	-22	terminal_last_100nt	10994	1860.961748552	data/processed/p6_rnaseq/runs/SRR19152326/locus_coverage.tsv.gz
SRR19152326	B+P_15-2	15	2	10647	10626	-21	terminal_last_100nt	10980	1858.591959169	data/processed/p6_rnaseq/runs/SRR19152326/locus_coverage.tsv.gz
SRR19152326	B+P_15-2	15	2	10647	10627	-20	terminal_last_100nt	10964	1855.883628445	data/processed/p6_rnaseq/runs/SRR19152326/locus_coverage.tsv.gz
SRR19152326	B+P_15-2	15	2	10647	10628	-19	terminal_last_100nt	10908	1846.404470912	data/processed/p6_rnaseq/runs/SRR19152326/locus_coverage.tsv.gz
SRR19152326	B+P_15-2	15	2	10647	10629	-18	terminal_last_100nt	10881	1841.834162816	data/processed/p6_rnaseq/runs/SRR19152326/locus_coverage.tsv.gz
SRR19152326	B+P_15-2	15	2	10647	10630	-17	terminal_last_100nt	10339	1750.089459549	data/processed/p6_rnaseq/runs/SRR19152326/locus_coverage.tsv.gz
SRR19152326	B+P_15-2	15	2	10647	10631	-16	terminal_last_100nt	10053	1701.678047862	data/processed/p6_rnaseq/runs/SRR19152326/locus_coverage.tsv.gz
SRR19152326	B+P_15-2	15	2	10647	10632	-15	terminal_last_100nt	9693	1640.740606578	data/processed/p6_rnaseq/runs/SRR19152326/locus_coverage.tsv.gz
SRR19152326	B+P_15-2	15	2	10647	10633	-14	terminal_last_100nt	7554	1278.670642948	data/processed/p6_rnaseq/runs/SRR19152326/locus_coverage.tsv.gz
SRR19152326	B+P_15-2	15	2	10647	10634	-13	terminal_last_100nt	7056	1194.373849171	data/processed/p6_rnaseq/runs/SRR19152326/locus_coverage.tsv.gz
SRR19152326	B+P_15-2	15	2	10647	10635	-12	terminal_last_100nt	2431	411.496999339	data/processed/p6_rnaseq/runs/SRR19152326/locus_coverage.tsv.gz
SRR19152326	B+P_15-2	15	2	10647	10636	-11	terminal_last_100nt	2096	354.79132481	data/processed/p6_rnaseq/runs/SRR19152326/locus_coverage.tsv.gz
SRR19152326	B+P_15-2	15	2	10647	10637	-10	terminal_last_100nt	2122	359.192362237	data/processed/p6_rnaseq/runs/SRR19152326/locus_coverage.tsv.gz
SRR19152326	B+P_15-2	15	2	10647	10638	-9	terminal_last_100nt	2129	360.377256928	data/processed/p6_rnaseq/runs/SRR19152326/locus_coverage.tsv.gz
SRR19152326	B+P_15-2	15	2	10647	10639	-8	terminal_last_100nt	2189	370.533497142	data/processed/p6_rnaseq/runs/SRR19152326/locus_coverage.tsv.gz
SRR19152326	B+P_15-2	15	2	10647	10640	-7	terminal_last_100nt	2190	370.702767812	data/processed/p6_rnaseq/runs/SRR19152326/locus_coverage.tsv.gz
SRR19152326	B+P_15-2	15	2	10647	10641	-6	terminal_last_100nt	2196	371.718391834	data/processed/p6_rnaseq/runs/SRR19152326/locus_coverage.tsv.gz
SRR19152326	B+P_15-2	15	2	10647	10642	-5	terminal_last_100nt	2241	379.335571994	data/processed/p6_rnaseq/runs/SRR19152326/locus_coverage.tsv.gz
SRR19152326	B+P_15-2	15	2	10647	10643	-4	terminal_last_100nt	2235	378.319947973	data/processed/p6_rnaseq/runs/SRR19152326/locus_coverage.tsv.gz
SRR19152326	B+P_15-2	15	2	10647	10644	-3	terminal_last_100nt	2265	383.39806808	data/processed/p6_rnaseq/runs/SRR19152326/locus_coverage.tsv.gz
SRR19152326	B+P_15-2	15	2	10647	10645	-2	terminal_last_100nt	2272	384.582962772	data/processed/p6_rnaseq/runs/SRR19152326/locus_coverage.tsv.gz
SRR19152326	B+P_15-2	15	2	10647	10646	-1	terminal_last_100nt	2233	377.981406632	data/processed/p6_rnaseq/runs/SRR19152326/locus_coverage.tsv.gz
SRR19152326	B+P_15-2	15	2	10647	10647	0	RT_first_100nt	2231	377.642865292	data/processed/p6_rnaseq/runs/SRR19152326/locus_coverage.tsv.gz
SRR19152326	B+P_15-2	15	2	10647	10648	1	RT_first_100nt	2235	378.319947973	data/processed/p6_rnaseq/runs/SRR19152326/locus_coverage.tsv.gz
SRR19152326	B+P_15-2	15	2	10647	10649	2	RT_first_100nt	2258	382.213173388	data/processed/p6_rnaseq/runs/SRR19152326/locus_coverage.tsv.gz
SRR19152326	B+P_15-2	15	2	10647	10650	3	RT_first_100nt	2316	392.030872262	data/processed/p6_rnaseq/runs/SRR19152326/locus_coverage.tsv.gz
SRR19152326	B+P_15-2	15	2	10647	10651	4	RT_first_100nt	2319	392.538684273	data/processed/p6_rnaseq/runs/SRR19152326/locus_coverage.tsv.gz
SRR19152326	B+P_15-2	15	2	10647	10652	5	RT_first_100nt	2322	393.046496283	data/processed/p6_rnaseq/runs/SRR19152326/locus_coverage.tsv.gz
SRR19152326	B+P_15-2	15	2	10647	10653	6	RT_first_100nt	2325	393.554308294	data/processed/p6_rnaseq/runs/SRR19152326/locus_coverage.tsv.gz
SRR19152326	B+P_15-2	15	2	10647	10654	7	RT_first_100nt	2327	393.892849634	data/processed/p6_rnaseq/runs/SRR19152326/locus_coverage.tsv.gz
SRR19152326	B+P_15-2	15	2	10647	10655	8	RT_first_100nt	2342	396.431909688	data/processed/p6_rnaseq/runs/SRR19152326/locus_coverage.tsv.gz
SRR19152326	B+P_15-2	15	2	10647	10656	9	RT_first_100nt	2342	396.431909688	data/processed/p6_rnaseq/runs/SRR19152326/locus_coverage.tsv.gz
SRR19152326	B+P_15-2	15	2	10647	10657	10	RT_first_100nt	2348	397.447533709	data/processed/p6_rnaseq/runs/SRR19152326/locus_coverage.tsv.gz
SRR19152326	B+P_15-2	15	2	10647	10658	11	RT_first_100nt	2354	398.463157731	data/processed/p6_rnaseq/runs/SRR19152326/locus_coverage.tsv.gz
SRR19152326	B+P_15-2	15	2	10647	10659	12	RT_first_100nt	2362	399.817323093	data/processed/p6_rnaseq/runs/SRR19152326/locus_coverage.tsv.gz
SRR19152326	B+P_15-2	15	2	10647	10660	13	RT_first_100nt	2368	400.832947114	data/processed/p6_rnaseq/runs/SRR19152326/locus_coverage.tsv.gz
SRR19152326	B+P_15-2	15	2	10647	10661	14	RT_first_100nt	2388	404.218360519	data/processed/p6_rnaseq/runs/SRR19152326/locus_coverage.tsv.gz
SRR19152326	B+P_15-2	15	2	10647	10662	15	RT_first_100nt	2442	413.358976711	data/processed/p6_rnaseq/runs/SRR19152326/locus_coverage.tsv.gz
SRR19152326	B+P_15-2	15	2	10647	10663	16	RT_first_100nt	2522	426.90063033	data/processed/p6_rnaseq/runs/SRR19152326/locus_coverage.tsv.gz
SRR19152326	B+P_15-2	15	2	10647	10664	17	RT_first_100nt	2555	432.486562448	data/processed/p6_rnaseq/runs/SRR19152326/locus_coverage.tsv.gz
SRR19152326	B+P_15-2	15	2	10647	10665	18	RT_first_100nt	2591	438.580306576	data/processed/p6_rnaseq/runs/SRR19152326/locus_coverage.tsv.gz
SRR19152326	B+P_15-2	15	2	10647	10666	19	RT_first_100nt	2599	439.934471938	data/processed/p6_rnaseq/runs/SRR19152326/locus_coverage.tsv.gz
SRR19152326	B+P_15-2	15	2	10647	10667	20	RT_first_100nt	2761	467.356320516	data/processed/p6_rnaseq/runs/SRR19152326/locus_coverage.tsv.gz
SRR19152326	B+P_15-2	15	2	10647	10668	21	RT_first_100nt	2815	476.496936709	data/processed/p6_rnaseq/runs/SRR19152326/locus_coverage.tsv.gz
SRR19152326	B+P_15-2	15	2	10647	10669	22	RT_first_100nt	2836	480.051620784	data/processed/p6_rnaseq/runs/SRR19152326/locus_coverage.tsv.gz
SRR19152326	B+P_15-2	15	2	10647	10670	23	RT_first_100nt	2874	486.483906252	data/processed/p6_rnaseq/runs/SRR19152326/locus_coverage.tsv.gz
SRR19152326	B+P_15-2	15	2	10647	10671	24	RT_first_100nt	2892	489.530778317	data/processed/p6_rnaseq/runs/SRR19152326/locus_coverage.tsv.gz
SRR19152326	B+P_15-2	15	2	10647	10672	25	RT_first_100nt	2995	506.965657351	data/processed/p6_rnaseq/runs/SRR19152326/locus_coverage.tsv.gz
SRR19152326	B+P_15-2	15	2	10647	10673	26	RT_first_100nt	3089	522.877100353	data/processed/p6_rnaseq/runs/SRR19152326/locus_coverage.tsv.gz
SRR19152326	B+P_15-2	15	2	10647	10674	27	RT_first_100nt	3178	537.942190004	data/processed/p6_rnaseq/runs/SRR19152326/locus_coverage.tsv.gz
SRR19152326	B+P_15-2	15	2	10647	10675	28	RT_first_100nt	3241	548.606242228	data/processed/p6_rnaseq/runs/SRR19152326/locus_coverage.tsv.gz
SRR19152326	B+P_15-2	15	2	10647	10676	29	RT_first_100nt	3277	554.699986357	data/processed/p6_rnaseq/runs/SRR19152326/locus_coverage.tsv.gz
SRR19152326	B+P_15-2	15	2	10647	10677	30	RT_first_100nt	3297	558.085399761	data/processed/p6_rnaseq/runs/SRR19152326/locus_coverage.tsv.gz
SRR19152326	B+P_15-2	15	2	10647	10678	31	RT_first_100nt	3333	564.17914389	data/processed/p6_rnaseq/runs/SRR19152326/locus_coverage.tsv.gz
SRR19152326	B+P_15-2	15	2	10647	10679	32	RT_first_100nt	3328	563.332790539	data/processed/p6_rnaseq/runs/SRR19152326/locus_coverage.tsv.gz
SRR19152326	B+P_15-2	15	2	10647	10680	33	RT_first_100nt	3315	561.132271826	data/processed/p6_rnaseq/runs/SRR19152326/locus_coverage.tsv.gz
SRR19152326	B+P_15-2	15	2	10647	10681	34	RT_first_100nt	3320	561.978625177	data/processed/p6_rnaseq/runs/SRR19152326/locus_coverage.tsv.gz
SRR19152326	B+P_15-2	15	2	10647	10682	35	RT_first_100nt	3304	559.270294453	data/processed/p6_rnaseq/runs/SRR19152326/locus_coverage.tsv.gz
SRR19152326	B+P_15-2	15	2	10647	10683	36	RT_first_100nt	3278	554.869257027	data/processed/p6_rnaseq/runs/SRR19152326/locus_coverage.tsv.gz
SRR19152326	B+P_15-2	15	2	10647	10684	37	RT_first_100nt	3281	555.377069038	data/processed/p6_rnaseq/runs/SRR19152326/locus_coverage.tsv.gz
SRR19152326	B+P_15-2	15	2	10647	10685	38	RT_first_100nt	3213	543.866663462	data/processed/p6_rnaseq/runs/SRR19152326/locus_coverage.tsv.gz
SRR19152326	B+P_15-2	15	2	10647	10686	39	RT_first_100nt	3204	542.34322743	data/processed/p6_rnaseq/runs/SRR19152326/locus_coverage.tsv.gz
SRR19152326	B+P_15-2	15	2	10647	10687	40	RT_first_100nt	3343	565.871850592	data/processed/p6_rnaseq/runs/SRR19152326/locus_coverage.tsv.gz
SRR19152326	B+P_15-2	15	2	10647	10688	41	RT_first_100nt	3367	569.934346678	data/processed/p6_rnaseq/runs/SRR19152326/locus_coverage.tsv.gz
SRR19152326	B+P_15-2	15	2	10647	10689	42	RT_first_100nt	3351	567.226015954	data/processed/p6_rnaseq/runs/SRR19152326/locus_coverage.tsv.gz
SRR19152326	B+P_15-2	15	2	10647	10690	43	RT_first_100nt	2963	501.548995903	data/processed/p6_rnaseq/runs/SRR19152326/locus_coverage.tsv.gz
SRR19152326	B+P_15-2	15	2	10647	10691	44	RT_first_100nt	2974	503.410973276	data/processed/p6_rnaseq/runs/SRR19152326/locus_coverage.tsv.gz
SRR19152326	B+P_15-2	15	2	10647	10692	45	RT_first_100nt	2981	504.595867968	data/processed/p6_rnaseq/runs/SRR19152326/locus_coverage.tsv.gz
SRR19152326	B+P_15-2	15	2	10647	10693	46	RT_first_100nt	3045	515.429190862	data/processed/p6_rnaseq/runs/SRR19152326/locus_coverage.tsv.gz
SRR19152326	B+P_15-2	15	2	10647	10694	47	RT_first_100nt	3049	516.106273543	data/processed/p6_rnaseq/runs/SRR19152326/locus_coverage.tsv.gz
SRR19152326	B+P_15-2	15	2	10647	10695	48	RT_first_100nt	3095	523.892724374	data/processed/p6_rnaseq/runs/SRR19152326/locus_coverage.tsv.gz
SRR19152326	B+P_15-2	15	2	10647	10696	49	RT_first_100nt	3105	525.585431077	data/processed/p6_rnaseq/runs/SRR19152326/locus_coverage.tsv.gz
SRR19152326	B+P_15-2	15	2	10647	10697	50	RT_first_100nt	3154	533.879693918	data/processed/p6_rnaseq/runs/SRR19152326/locus_coverage.tsv.gz
SRR19152326	B+P_15-2	15	2	10647	10698	51	RT_first_100nt	3119	527.95522046	data/processed/p6_rnaseq/runs/SRR19152326/locus_coverage.tsv.gz
SRR19152326	B+P_15-2	15	2	10647	10699	52	RT_first_100nt	3138	531.171363194	data/processed/p6_rnaseq/runs/SRR19152326/locus_coverage.tsv.gz
SRR19152326	B+P_15-2	15	2	10647	10700	53	RT_first_100nt	3143	532.017716545	data/processed/p6_rnaseq/runs/SRR19152326/locus_coverage.tsv.gz
SRR19152326	B+P_15-2	15	2	10647	10701	54	RT_first_100nt	3149	533.033340567	data/processed/p6_rnaseq/runs/SRR19152326/locus_coverage.tsv.gz
SRR19152326	B+P_15-2	15	2	10647	10702	55	RT_first_100nt	3130	529.817197832	data/processed/p6_rnaseq/runs/SRR19152326/locus_coverage.tsv.gz
SRR19152326	B+P_15-2	15	2	10647	10703	56	RT_first_100nt	3229	546.574994186	data/processed/p6_rnaseq/runs/SRR19152326/locus_coverage.tsv.gz
SRR19152326	B+P_15-2	15	2	10647	10704	57	RT_first_100nt	3226	546.067182175	data/processed/p6_rnaseq/runs/SRR19152326/locus_coverage.tsv.gz
SRR19152326	B+P_15-2	15	2	10647	10705	58	RT_first_100nt	3228	546.405723515	data/processed/p6_rnaseq/runs/SRR19152326/locus_coverage.tsv.gz
SRR19152326	B+P_15-2	15	2	10647	10706	59	RT_first_100nt	3231	546.913535526	data/processed/p6_rnaseq/runs/SRR19152326/locus_coverage.tsv.gz
SRR19152326	B+P_15-2	15	2	10647	10707	60	RT_first_100nt	3236	547.759888877	data/processed/p6_rnaseq/runs/SRR19152326/locus_coverage.tsv.gz
SRR19152326	B+P_15-2	15	2	10647	10708	61	RT_first_100nt	3243	548.944783569	data/processed/p6_rnaseq/runs/SRR19152326/locus_coverage.tsv.gz
SRR19152326	B+P_15-2	15	2	10647	10709	62	RT_first_100nt	3246	549.45259558	data/processed/p6_rnaseq/runs/SRR19152326/locus_coverage.tsv.gz
SRR19152326	B+P_15-2	15	2	10647	10710	63	RT_first_100nt	3259	551.653114293	data/processed/p6_rnaseq/runs/SRR19152326/locus_coverage.tsv.gz
SRR19152326	B+P_15-2	15	2	10647	10711	64	RT_first_100nt	3264	552.499467644	data/processed/p6_rnaseq/runs/SRR19152326/locus_coverage.tsv.gz
SRR19152326	B+P_15-2	15	2	10647	10712	65	RT_first_100nt	3276	554.530715687	data/processed/p6_rnaseq/runs/SRR19152326/locus_coverage.tsv.gz
SRR19152326	B+P_15-2	15	2	10647	10713	66	RT_first_100nt	3277	554.699986357	data/processed/p6_rnaseq/runs/SRR19152326/locus_coverage.tsv.gz
SRR19152326	B+P_15-2	15	2	10647	10714	67	RT_first_100nt	3278	554.869257027	data/processed/p6_rnaseq/runs/SRR19152326/locus_coverage.tsv.gz
SRR19152326	B+P_15-2	15	2	10647	10715	68	RT_first_100nt	3290	556.90050507	data/processed/p6_rnaseq/runs/SRR19152326/locus_coverage.tsv.gz
SRR19152326	B+P_15-2	15	2	10647	10716	69	RT_first_100nt	3299	558.423941102	data/processed/p6_rnaseq/runs/SRR19152326/locus_coverage.tsv.gz
SRR19152326	B+P_15-2	15	2	10647	10717	70	RT_first_100nt	3304	559.270294453	data/processed/p6_rnaseq/runs/SRR19152326/locus_coverage.tsv.gz
SRR19152326	B+P_15-2	15	2	10647	10718	71	RT_first_100nt	3305	559.439565123	data/processed/p6_rnaseq/runs/SRR19152326/locus_coverage.tsv.gz
SRR19152326	B+P_15-2	15	2	10647	10719	72	RT_first_100nt	3314	560.963001155	data/processed/p6_rnaseq/runs/SRR19152326/locus_coverage.tsv.gz
SRR19152326	B+P_15-2	15	2	10647	10720	73	RT_first_100nt	3326	562.994249198	data/processed/p6_rnaseq/runs/SRR19152326/locus_coverage.tsv.gz
SRR19152326	B+P_15-2	15	2	10647	10721	74	RT_first_100nt	3338	565.025497241	data/processed/p6_rnaseq/runs/SRR19152326/locus_coverage.tsv.gz
SRR19152326	B+P_15-2	15	2	10647	10722	75	RT_first_100nt	3341	565.533309252	data/processed/p6_rnaseq/runs/SRR19152326/locus_coverage.tsv.gz
SRR19152326	B+P_15-2	15	2	10647	10723	76	RT_first_100nt	3375	571.28851204	data/processed/p6_rnaseq/runs/SRR19152326/locus_coverage.tsv.gz
SRR19152326	B+P_15-2	15	2	10647	10724	77	RT_first_100nt	3379	571.965594721	data/processed/p6_rnaseq/runs/SRR19152326/locus_coverage.tsv.gz
SRR19152326	B+P_15-2	15	2	10647	10725	78	RT_first_100nt	3390	573.827572093	data/processed/p6_rnaseq/runs/SRR19152326/locus_coverage.tsv.gz
SRR19152326	B+P_15-2	15	2	10647	10726	79	RT_first_100nt	3409	577.043714828	data/processed/p6_rnaseq/runs/SRR19152326/locus_coverage.tsv.gz
SRR19152326	B+P_15-2	15	2	10647	10727	80	RT_first_100nt	3450	583.983812307	data/processed/p6_rnaseq/runs/SRR19152326/locus_coverage.tsv.gz
SRR19152326	B+P_15-2	15	2	10647	10728	81	RT_first_100nt	3455	584.830165658	data/processed/p6_rnaseq/runs/SRR19152326/locus_coverage.tsv.gz
SRR19152326	B+P_15-2	15	2	10647	10729	82	RT_first_100nt	3477	588.554120404	data/processed/p6_rnaseq/runs/SRR19152326/locus_coverage.tsv.gz
SRR19152326	B+P_15-2	15	2	10647	10730	83	RT_first_100nt	3539	599.048901958	data/processed/p6_rnaseq/runs/SRR19152326/locus_coverage.tsv.gz
SRR19152326	B+P_15-2	15	2	10647	10731	84	RT_first_100nt	3610	611.067119545	data/processed/p6_rnaseq/runs/SRR19152326/locus_coverage.tsv.gz
SRR19152326	B+P_15-2	15	2	10647	10732	85	RT_first_100nt	3630	614.452532949	data/processed/p6_rnaseq/runs/SRR19152326/locus_coverage.tsv.gz
SRR19152326	B+P_15-2	15	2	10647	10733	86	RT_first_100nt	3631	614.62180362	data/processed/p6_rnaseq/runs/SRR19152326/locus_coverage.tsv.gz
SRR19152326	B+P_15-2	15	2	10647	10734	87	RT_first_100nt	3638	615.806698311	data/processed/p6_rnaseq/runs/SRR19152326/locus_coverage.tsv.gz
SRR19152326	B+P_15-2	15	2	10647	10735	88	RT_first_100nt	3638	615.806698311	data/processed/p6_rnaseq/runs/SRR19152326/locus_coverage.tsv.gz
SRR19152326	B+P_15-2	15	2	10647	10736	89	RT_first_100nt	3659	619.361382386	data/processed/p6_rnaseq/runs/SRR19152326/locus_coverage.tsv.gz
SRR19152326	B+P_15-2	15	2	10647	10737	90	RT_first_100nt	3669	621.054089089	data/processed/p6_rnaseq/runs/SRR19152326/locus_coverage.tsv.gz
SRR19152326	B+P_15-2	15	2	10647	10738	91	RT_first_100nt	3672	621.561901099	data/processed/p6_rnaseq/runs/SRR19152326/locus_coverage.tsv.gz
SRR19152326	B+P_15-2	15	2	10647	10739	92	RT_first_100nt	3680	622.916066461	data/processed/p6_rnaseq/runs/SRR19152326/locus_coverage.tsv.gz
SRR19152326	B+P_15-2	15	2	10647	10740	93	RT_first_100nt	3681	623.085337131	data/processed/p6_rnaseq/runs/SRR19152326/locus_coverage.tsv.gz
SRR19152326	B+P_15-2	15	2	10647	10741	94	RT_first_100nt	3681	623.085337131	data/processed/p6_rnaseq/runs/SRR19152326/locus_coverage.tsv.gz
SRR19152326	B+P_15-2	15	2	10647	10742	95	RT_first_100nt	3679	622.746795791	data/processed/p6_rnaseq/runs/SRR19152326/locus_coverage.tsv.gz
SRR19152326	B+P_15-2	15	2	10647	10743	96	RT_first_100nt	3693	625.116585174	data/processed/p6_rnaseq/runs/SRR19152326/locus_coverage.tsv.gz
SRR19152326	B+P_15-2	15	2	10647	10744	97	RT_first_100nt	3689	624.439502493	data/processed/p6_rnaseq/runs/SRR19152326/locus_coverage.tsv.gz
SRR19152326	B+P_15-2	15	2	10647	10745	98	RT_first_100nt	3694	625.285855844	data/processed/p6_rnaseq/runs/SRR19152326/locus_coverage.tsv.gz
SRR19152326	B+P_15-2	15	2	10647	10746	99	RT_first_100nt	3699	626.132209196	data/processed/p6_rnaseq/runs/SRR19152326/locus_coverage.tsv.gz
SRR19152325	B+P_15-3	15	3	10647	10547	-100	terminal_last_100nt	152869	32093.093463165	data/processed/p6_rnaseq/runs/SRR19152325/locus_coverage.tsv.gz
SRR19152325	B+P_15-3	15	3	10647	10548	-99	terminal_last_100nt	152822	32083.226352156	data/processed/p6_rnaseq/runs/SRR19152325/locus_coverage.tsv.gz
SRR19152325	B+P_15-3	15	3	10647	10549	-98	terminal_last_100nt	152785	32075.458626469	data/processed/p6_rnaseq/runs/SRR19152325/locus_coverage.tsv.gz
SRR19152325	B+P_15-3	15	3	10647	10550	-97	terminal_last_100nt	152751	32068.320716377	data/processed/p6_rnaseq/runs/SRR19152325/locus_coverage.tsv.gz
SRR19152325	B+P_15-3	15	3	10647	10551	-96	terminal_last_100nt	152571	32030.5317806	data/processed/p6_rnaseq/runs/SRR19152325/locus_coverage.tsv.gz
SRR19152325	B+P_15-3	15	3	10647	10552	-95	terminal_last_100nt	152555	32027.172764086	data/processed/p6_rnaseq/runs/SRR19152325/locus_coverage.tsv.gz
SRR19152325	B+P_15-3	15	3	10647	10553	-94	terminal_last_100nt	152371	31988.544074181	data/processed/p6_rnaseq/runs/SRR19152325/locus_coverage.tsv.gz
SRR19152325	B+P_15-3	15	3	10647	10554	-93	terminal_last_100nt	152346	31983.295610878	data/processed/p6_rnaseq/runs/SRR19152325/locus_coverage.tsv.gz
SRR19152325	B+P_15-3	15	3	10647	10555	-92	terminal_last_100nt	149224	31327.867513671	data/processed/p6_rnaseq/runs/SRR19152325/locus_coverage.tsv.gz
SRR19152325	B+P_15-3	15	3	10647	10556	-91	terminal_last_100nt	148275	31128.63584671	data/processed/p6_rnaseq/runs/SRR19152325/locus_coverage.tsv.gz
SRR19152325	B+P_15-3	15	3	10647	10557	-90	terminal_last_100nt	147886	31046.969757725	data/processed/p6_rnaseq/runs/SRR19152325/locus_coverage.tsv.gz
SRR19152325	B+P_15-3	15	3	10647	10558	-89	terminal_last_100nt	144689	30375.79627061	data/processed/p6_rnaseq/runs/SRR19152325/locus_coverage.tsv.gz
SRR19152325	B+P_15-3	15	3	10647	10559	-88	terminal_last_100nt	122848	25790.528791075	data/processed/p6_rnaseq/runs/SRR19152325/locus_coverage.tsv.gz
SRR19152325	B+P_15-3	15	3	10647	10560	-87	terminal_last_100nt	115895	24330.826177404	data/processed/p6_rnaseq/runs/SRR19152325/locus_coverage.tsv.gz
SRR19152325	B+P_15-3	15	3	10647	10561	-86	terminal_last_100nt	115346	24215.569923282	data/processed/p6_rnaseq/runs/SRR19152325/locus_coverage.tsv.gz
SRR19152325	B+P_15-3	15	3	10647	10562	-85	terminal_last_100nt	92344	19386.563807983	data/processed/p6_rnaseq/runs/SRR19152325/locus_coverage.tsv.gz
SRR19152325	B+P_15-3	15	3	10647	10563	-84	terminal_last_100nt	83879	17609.43413378	data/processed/p6_rnaseq/runs/SRR19152325/locus_coverage.tsv.gz
SRR19152325	B+P_15-3	15	3	10647	10564	-83	terminal_last_100nt	62845	13193.587049648	data/processed/p6_rnaseq/runs/SRR19152325/locus_coverage.tsv.gz
SRR19152325	B+P_15-3	15	3	10647	10565	-82	terminal_last_100nt	54772	11498.753280027	data/processed/p6_rnaseq/runs/SRR19152325/locus_coverage.tsv.gz
SRR19152325	B+P_15-3	15	3	10647	10566	-81	terminal_last_100nt	12233	2568.178063145	data/processed/p6_rnaseq/runs/SRR19152325/locus_coverage.tsv.gz
SRR19152325	B+P_15-3	15	3	10647	10567	-80	terminal_last_100nt	9111	1912.749965937	data/processed/p6_rnaseq/runs/SRR19152325/locus_coverage.tsv.gz
SRR19152325	B+P_15-3	15	3	10647	10568	-79	terminal_last_100nt	8824	1852.497607226	data/processed/p6_rnaseq/runs/SRR19152325/locus_coverage.tsv.gz
SRR19152325	B+P_15-3	15	3	10647	10569	-78	terminal_last_100nt	8658	1817.647810897	data/processed/p6_rnaseq/runs/SRR19152325/locus_coverage.tsv.gz
SRR19152325	B+P_15-3	15	3	10647	10570	-77	terminal_last_100nt	8427	1769.152009983	data/processed/p6_rnaseq/runs/SRR19152325/locus_coverage.tsv.gz
SRR19152325	B+P_15-3	15	3	10647	10571	-76	terminal_last_100nt	8382	1759.704776039	data/processed/p6_rnaseq/runs/SRR19152325/locus_coverage.tsv.gz
SRR19152325	B+P_15-3	15	3	10647	10572	-75	terminal_last_100nt	8384	1760.124653103	data/processed/p6_rnaseq/runs/SRR19152325/locus_coverage.tsv.gz
SRR19152325	B+P_15-3	15	3	10647	10573	-74	terminal_last_100nt	8384	1760.124653103	data/processed/p6_rnaseq/runs/SRR19152325/locus_coverage.tsv.gz
SRR19152325	B+P_15-3	15	3	10647	10574	-73	terminal_last_100nt	8384	1760.124653103	data/processed/p6_rnaseq/runs/SRR19152325/locus_coverage.tsv.gz
SRR19152325	B+P_15-3	15	3	10647	10575	-72	terminal_last_100nt	8378	1758.86502191	data/processed/p6_rnaseq/runs/SRR19152325/locus_coverage.tsv.gz
SRR19152325	B+P_15-3	15	3	10647	10576	-71	terminal_last_100nt	8365	1756.135820993	data/processed/p6_rnaseq/runs/SRR19152325/locus_coverage.tsv.gz
SRR19152325	B+P_15-3	15	3	10647	10577	-70	terminal_last_100nt	8366	1756.345759525	data/processed/p6_rnaseq/runs/SRR19152325/locus_coverage.tsv.gz
SRR19152325	B+P_15-3	15	3	10647	10578	-69	terminal_last_100nt	8362	1755.506005397	data/processed/p6_rnaseq/runs/SRR19152325/locus_coverage.tsv.gz
SRR19152325	B+P_15-3	15	3	10647	10579	-68	terminal_last_100nt	8354	1753.82649714	data/processed/p6_rnaseq/runs/SRR19152325/locus_coverage.tsv.gz
SRR19152325	B+P_15-3	15	3	10647	10580	-67	terminal_last_100nt	8340	1750.887357691	data/processed/p6_rnaseq/runs/SRR19152325/locus_coverage.tsv.gz
SRR19152325	B+P_15-3	15	3	10647	10581	-66	terminal_last_100nt	8312	1745.009078792	data/processed/p6_rnaseq/runs/SRR19152325/locus_coverage.tsv.gz
SRR19152325	B+P_15-3	15	3	10647	10582	-65	terminal_last_100nt	8311	1744.79914026	data/processed/p6_rnaseq/runs/SRR19152325/locus_coverage.tsv.gz
SRR19152325	B+P_15-3	15	3	10647	10583	-64	terminal_last_100nt	8296	1741.650062278	data/processed/p6_rnaseq/runs/SRR19152325/locus_coverage.tsv.gz
SRR19152325	B+P_15-3	15	3	10647	10584	-63	terminal_last_100nt	8282	1738.710922829	data/processed/p6_rnaseq/runs/SRR19152325/locus_coverage.tsv.gz
SRR19152325	B+P_15-3	15	3	10647	10585	-62	terminal_last_100nt	8281	1738.500984297	data/processed/p6_rnaseq/runs/SRR19152325/locus_coverage.tsv.gz
SRR19152325	B+P_15-3	15	3	10647	10586	-61	terminal_last_100nt	8282	1738.710922829	data/processed/p6_rnaseq/runs/SRR19152325/locus_coverage.tsv.gz
SRR19152325	B+P_15-3	15	3	10647	10587	-60	terminal_last_100nt	8281	1738.500984297	data/processed/p6_rnaseq/runs/SRR19152325/locus_coverage.tsv.gz
SRR19152325	B+P_15-3	15	3	10647	10588	-59	terminal_last_100nt	8281	1738.500984297	data/processed/p6_rnaseq/runs/SRR19152325/locus_coverage.tsv.gz
SRR19152325	B+P_15-3	15	3	10647	10589	-58	terminal_last_100nt	8282	1738.710922829	data/processed/p6_rnaseq/runs/SRR19152325/locus_coverage.tsv.gz
SRR19152325	B+P_15-3	15	3	10647	10590	-57	terminal_last_100nt	8282	1738.710922829	data/processed/p6_rnaseq/runs/SRR19152325/locus_coverage.tsv.gz
SRR19152325	B+P_15-3	15	3	10647	10591	-56	terminal_last_100nt	8284	1739.130799893	data/processed/p6_rnaseq/runs/SRR19152325/locus_coverage.tsv.gz
SRR19152325	B+P_15-3	15	3	10647	10592	-55	terminal_last_100nt	8286	1739.550676957	data/processed/p6_rnaseq/runs/SRR19152325/locus_coverage.tsv.gz
SRR19152325	B+P_15-3	15	3	10647	10593	-54	terminal_last_100nt	8286	1739.550676957	data/processed/p6_rnaseq/runs/SRR19152325/locus_coverage.tsv.gz
SRR19152325	B+P_15-3	15	3	10647	10594	-53	terminal_last_100nt	8289	1740.180492554	data/processed/p6_rnaseq/runs/SRR19152325/locus_coverage.tsv.gz
SRR19152325	B+P_15-3	15	3	10647	10595	-52	terminal_last_100nt	8289	1740.180492554	data/processed/p6_rnaseq/runs/SRR19152325/locus_coverage.tsv.gz
SRR19152325	B+P_15-3	15	3	10647	10596	-51	terminal_last_100nt	8289	1740.180492554	data/processed/p6_rnaseq/runs/SRR19152325/locus_coverage.tsv.gz
SRR19152325	B+P_15-3	15	3	10647	10597	-50	terminal_last_100nt	8284	1739.130799893	data/processed/p6_rnaseq/runs/SRR19152325/locus_coverage.tsv.gz
SRR19152325	B+P_15-3	15	3	10647	10598	-49	terminal_last_100nt	8288	1739.970554021	data/processed/p6_rnaseq/runs/SRR19152325/locus_coverage.tsv.gz
SRR19152325	B+P_15-3	15	3	10647	10599	-48	terminal_last_100nt	8289	1740.180492554	data/processed/p6_rnaseq/runs/SRR19152325/locus_coverage.tsv.gz
SRR19152325	B+P_15-3	15	3	10647	10600	-47	terminal_last_100nt	8307	1743.959386131	data/processed/p6_rnaseq/runs/SRR19152325/locus_coverage.tsv.gz
SRR19152325	B+P_15-3	15	3	10647	10601	-46	terminal_last_100nt	8331	1748.997910902	data/processed/p6_rnaseq/runs/SRR19152325/locus_coverage.tsv.gz
SRR19152325	B+P_15-3	15	3	10647	10602	-45	terminal_last_100nt	8337	1750.257542094	data/processed/p6_rnaseq/runs/SRR19152325/locus_coverage.tsv.gz
SRR19152325	B+P_15-3	15	3	10647	10603	-44	terminal_last_100nt	8354	1753.82649714	data/processed/p6_rnaseq/runs/SRR19152325/locus_coverage.tsv.gz
SRR19152325	B+P_15-3	15	3	10647	10604	-43	terminal_last_100nt	8354	1753.82649714	data/processed/p6_rnaseq/runs/SRR19152325/locus_coverage.tsv.gz
SRR19152325	B+P_15-3	15	3	10647	10605	-42	terminal_last_100nt	8366	1756.345759525	data/processed/p6_rnaseq/runs/SRR19152325/locus_coverage.tsv.gz
SRR19152325	B+P_15-3	15	3	10647	10606	-41	terminal_last_100nt	8372	1757.605390718	data/processed/p6_rnaseq/runs/SRR19152325/locus_coverage.tsv.gz
SRR19152325	B+P_15-3	15	3	10647	10607	-40	terminal_last_100nt	8384	1760.124653103	data/processed/p6_rnaseq/runs/SRR19152325/locus_coverage.tsv.gz
SRR19152325	B+P_15-3	15	3	10647	10608	-39	terminal_last_100nt	8389	1761.174345763	data/processed/p6_rnaseq/runs/SRR19152325/locus_coverage.tsv.gz
SRR19152325	B+P_15-3	15	3	10647	10609	-38	terminal_last_100nt	8389	1761.174345763	data/processed/p6_rnaseq/runs/SRR19152325/locus_coverage.tsv.gz
SRR19152325	B+P_15-3	15	3	10647	10610	-37	terminal_last_100nt	8392	1761.80416136	data/processed/p6_rnaseq/runs/SRR19152325/locus_coverage.tsv.gz
SRR19152325	B+P_15-3	15	3	10647	10611	-36	terminal_last_100nt	8393	1762.014099892	data/processed/p6_rnaseq/runs/SRR19152325/locus_coverage.tsv.gz
SRR19152325	B+P_15-3	15	3	10647	10612	-35	terminal_last_100nt	8400	1763.483669616	data/processed/p6_rnaseq/runs/SRR19152325/locus_coverage.tsv.gz
SRR19152325	B+P_15-3	15	3	10647	10613	-34	terminal_last_100nt	8399	1763.273731084	data/processed/p6_rnaseq/runs/SRR19152325/locus_coverage.tsv.gz
SRR19152325	B+P_15-3	15	3	10647	10614	-33	terminal_last_100nt	8401	1763.693608148	data/processed/p6_rnaseq/runs/SRR19152325/locus_coverage.tsv.gz
SRR19152325	B+P_15-3	15	3	10647	10615	-32	terminal_last_100nt	8403	1764.113485213	data/processed/p6_rnaseq/runs/SRR19152325/locus_coverage.tsv.gz
SRR19152325	B+P_15-3	15	3	10647	10616	-31	terminal_last_100nt	8404	1764.323423745	data/processed/p6_rnaseq/runs/SRR19152325/locus_coverage.tsv.gz
SRR19152325	B+P_15-3	15	3	10647	10617	-30	terminal_last_100nt	8412	1766.002932002	data/processed/p6_rnaseq/runs/SRR19152325/locus_coverage.tsv.gz
SRR19152325	B+P_15-3	15	3	10647	10618	-29	terminal_last_100nt	8410	1765.583054937	data/processed/p6_rnaseq/runs/SRR19152325/locus_coverage.tsv.gz
SRR19152325	B+P_15-3	15	3	10647	10619	-28	terminal_last_100nt	8405	1764.533362277	data/processed/p6_rnaseq/runs/SRR19152325/locus_coverage.tsv.gz
SRR19152325	B+P_15-3	15	3	10647	10620	-27	terminal_last_100nt	8401	1763.693608148	data/processed/p6_rnaseq/runs/SRR19152325/locus_coverage.tsv.gz
SRR19152325	B+P_15-3	15	3	10647	10621	-26	terminal_last_100nt	8399	1763.273731084	data/processed/p6_rnaseq/runs/SRR19152325/locus_coverage.tsv.gz
SRR19152325	B+P_15-3	15	3	10647	10622	-25	terminal_last_100nt	8386	1760.544530167	data/processed/p6_rnaseq/runs/SRR19152325/locus_coverage.tsv.gz
SRR19152325	B+P_15-3	15	3	10647	10623	-24	terminal_last_100nt	8357	1754.456312736	data/processed/p6_rnaseq/runs/SRR19152325/locus_coverage.tsv.gz
SRR19152325	B+P_15-3	15	3	10647	10624	-23	terminal_last_100nt	8208	1723.175471454	data/processed/p6_rnaseq/runs/SRR19152325/locus_coverage.tsv.gz
SRR19152325	B+P_15-3	15	3	10647	10625	-22	terminal_last_100nt	8197	1720.866147601	data/processed/p6_rnaseq/runs/SRR19152325/locus_coverage.tsv.gz
SRR19152325	B+P_15-3	15	3	10647	10626	-21	terminal_last_100nt	8171	1715.407745766	data/processed/p6_rnaseq/runs/SRR19152325/locus_coverage.tsv.gz
SRR19152325	B+P_15-3	15	3	10647	10627	-20	terminal_last_100nt	8154	1711.83879072	data/processed/p6_rnaseq/runs/SRR19152325/locus_coverage.tsv.gz
SRR19152325	B+P_15-3	15	3	10647	10628	-19	terminal_last_100nt	8095	1699.452417327	data/processed/p6_rnaseq/runs/SRR19152325/locus_coverage.tsv.gz
SRR19152325	B+P_15-3	15	3	10647	10629	-18	terminal_last_100nt	8089	1698.192786134	data/processed/p6_rnaseq/runs/SRR19152325/locus_coverage.tsv.gz
SRR19152325	B+P_15-3	15	3	10647	10630	-17	terminal_last_100nt	7626	1600.991245773	data/processed/p6_rnaseq/runs/SRR19152325/locus_coverage.tsv.gz
SRR19152325	B+P_15-3	15	3	10647	10631	-16	terminal_last_100nt	7404	1554.384891648	data/processed/p6_rnaseq/runs/SRR19152325/locus_coverage.tsv.gz
SRR19152325	B+P_15-3	15	3	10647	10632	-15	terminal_last_100nt	7128	1496.441856789	data/processed/p6_rnaseq/runs/SRR19152325/locus_coverage.tsv.gz
SRR19152325	B+P_15-3	15	3	10647	10633	-14	terminal_last_100nt	5598	1175.23590268	data/processed/p6_rnaseq/runs/SRR19152325/locus_coverage.tsv.gz
SRR19152325	B+P_15-3	15	3	10647	10634	-13	terminal_last_100nt	5209	1093.569813694	data/processed/p6_rnaseq/runs/SRR19152325/locus_coverage.tsv.gz
SRR19152325	B+P_15-3	15	3	10647	10635	-12	terminal_last_100nt	1892	397.203702728	data/processed/p6_rnaseq/runs/SRR19152325/locus_coverage.tsv.gz
SRR19152325	B+P_15-3	15	3	10647	10636	-11	terminal_last_100nt	1655	347.448270621	data/processed/p6_rnaseq/runs/SRR19152325/locus_coverage.tsv.gz
SRR19152325	B+P_15-3	15	3	10647	10637	-10	terminal_last_100nt	1737	364.663230253	data/processed/p6_rnaseq/runs/SRR19152325/locus_coverage.tsv.gz
SRR19152325	B+P_15-3	15	3	10647	10638	-9	terminal_last_100nt	1757	368.862000895	data/processed/p6_rnaseq/runs/SRR19152325/locus_coverage.tsv.gz
SRR19152325	B+P_15-3	15	3	10647	10639	-8	terminal_last_100nt	1830	384.187513738	data/processed/p6_rnaseq/runs/SRR19152325/locus_coverage.tsv.gz
SRR19152325	B+P_15-3	15	3	10647	10640	-7	terminal_last_100nt	1840	386.286899059	data/processed/p6_rnaseq/runs/SRR19152325/locus_coverage.tsv.gz
SRR19152325	B+P_15-3	15	3	10647	10641	-6	terminal_last_100nt	1844	387.126653187	data/processed/p6_rnaseq/runs/SRR19152325/locus_coverage.tsv.gz
SRR19152325	B+P_15-3	15	3	10647	10642	-5	terminal_last_100nt	1862	390.905546765	data/processed/p6_rnaseq/runs/SRR19152325/locus_coverage.tsv.gz
SRR19152325	B+P_15-3	15	3	10647	10643	-4	terminal_last_100nt	1863	391.115485297	data/processed/p6_rnaseq/runs/SRR19152325/locus_coverage.tsv.gz
SRR19152325	B+P_15-3	15	3	10647	10644	-3	terminal_last_100nt	1878	394.264563279	data/processed/p6_rnaseq/runs/SRR19152325/locus_coverage.tsv.gz
SRR19152325	B+P_15-3	15	3	10647	10645	-2	terminal_last_100nt	1876	393.844686214	data/processed/p6_rnaseq/runs/SRR19152325/locus_coverage.tsv.gz
SRR19152325	B+P_15-3	15	3	10647	10646	-1	terminal_last_100nt	1861	390.695608233	data/processed/p6_rnaseq/runs/SRR19152325/locus_coverage.tsv.gz
SRR19152325	B+P_15-3	15	3	10647	10647	0	RT_first_100nt	1863	391.115485297	data/processed/p6_rnaseq/runs/SRR19152325/locus_coverage.tsv.gz
SRR19152325	B+P_15-3	15	3	10647	10648	1	RT_first_100nt	1863	391.115485297	data/processed/p6_rnaseq/runs/SRR19152325/locus_coverage.tsv.gz
SRR19152325	B+P_15-3	15	3	10647	10649	2	RT_first_100nt	1878	394.264563279	data/processed/p6_rnaseq/runs/SRR19152325/locus_coverage.tsv.gz
SRR19152325	B+P_15-3	15	3	10647	10650	3	RT_first_100nt	1914	401.822350434	data/processed/p6_rnaseq/runs/SRR19152325/locus_coverage.tsv.gz
SRR19152325	B+P_15-3	15	3	10647	10651	4	RT_first_100nt	1919	402.872043095	data/processed/p6_rnaseq/runs/SRR19152325/locus_coverage.tsv.gz
SRR19152325	B+P_15-3	15	3	10647	10652	5	RT_first_100nt	1923	403.711797223	data/processed/p6_rnaseq/runs/SRR19152325/locus_coverage.tsv.gz
SRR19152325	B+P_15-3	15	3	10647	10653	6	RT_first_100nt	1927	404.551551351	data/processed/p6_rnaseq/runs/SRR19152325/locus_coverage.tsv.gz
SRR19152325	B+P_15-3	15	3	10647	10654	7	RT_first_100nt	1933	405.811182544	data/processed/p6_rnaseq/runs/SRR19152325/locus_coverage.tsv.gz
SRR19152325	B+P_15-3	15	3	10647	10655	8	RT_first_100nt	1957	410.849707314	data/processed/p6_rnaseq/runs/SRR19152325/locus_coverage.tsv.gz
SRR19152325	B+P_15-3	15	3	10647	10656	9	RT_first_100nt	1957	410.849707314	data/processed/p6_rnaseq/runs/SRR19152325/locus_coverage.tsv.gz
SRR19152325	B+P_15-3	15	3	10647	10657	10	RT_first_100nt	1960	411.47952291	data/processed/p6_rnaseq/runs/SRR19152325/locus_coverage.tsv.gz
SRR19152325	B+P_15-3	15	3	10647	10658	11	RT_first_100nt	1965	412.529215571	data/processed/p6_rnaseq/runs/SRR19152325/locus_coverage.tsv.gz
SRR19152325	B+P_15-3	15	3	10647	10659	12	RT_first_100nt	1974	414.41866236	data/processed/p6_rnaseq/runs/SRR19152325/locus_coverage.tsv.gz
SRR19152325	B+P_15-3	15	3	10647	10660	13	RT_first_100nt	1980	415.678293552	data/processed/p6_rnaseq/runs/SRR19152325/locus_coverage.tsv.gz
SRR19152325	B+P_15-3	15	3	10647	10661	14	RT_first_100nt	1988	417.357801809	data/processed/p6_rnaseq/runs/SRR19152325/locus_coverage.tsv.gz
SRR19152325	B+P_15-3	15	3	10647	10662	15	RT_first_100nt	2059	432.263437588	data/processed/p6_rnaseq/runs/SRR19152325/locus_coverage.tsv.gz
SRR19152325	B+P_15-3	15	3	10647	10663	16	RT_first_100nt	2139	449.058520156	data/processed/p6_rnaseq/runs/SRR19152325/locus_coverage.tsv.gz
SRR19152325	B+P_15-3	15	3	10647	10664	17	RT_first_100nt	2163	454.097044926	data/processed/p6_rnaseq/runs/SRR19152325/locus_coverage.tsv.gz
SRR19152325	B+P_15-3	15	3	10647	10665	18	RT_first_100nt	2196	461.025016485	data/processed/p6_rnaseq/runs/SRR19152325/locus_coverage.tsv.gz
SRR19152325	B+P_15-3	15	3	10647	10666	19	RT_first_100nt	2197	461.234955018	data/processed/p6_rnaseq/runs/SRR19152325/locus_coverage.tsv.gz
SRR19152325	B+P_15-3	15	3	10647	10667	20	RT_first_100nt	2371	497.764259602	data/processed/p6_rnaseq/runs/SRR19152325/locus_coverage.tsv.gz
SRR19152325	B+P_15-3	15	3	10647	10668	21	RT_first_100nt	2419	507.841309143	data/processed/p6_rnaseq/runs/SRR19152325/locus_coverage.tsv.gz
SRR19152325	B+P_15-3	15	3	10647	10669	22	RT_first_100nt	2459	516.238850427	data/processed/p6_rnaseq/runs/SRR19152325/locus_coverage.tsv.gz
SRR19152325	B+P_15-3	15	3	10647	10670	23	RT_first_100nt	2491	522.956883454	data/processed/p6_rnaseq/runs/SRR19152325/locus_coverage.tsv.gz
SRR19152325	B+P_15-3	15	3	10647	10671	24	RT_first_100nt	2503	525.476145839	data/processed/p6_rnaseq/runs/SRR19152325/locus_coverage.tsv.gz
SRR19152325	B+P_15-3	15	3	10647	10672	25	RT_first_100nt	2580	541.641412811	data/processed/p6_rnaseq/runs/SRR19152325/locus_coverage.tsv.gz
SRR19152325	B+P_15-3	15	3	10647	10673	26	RT_first_100nt	2689	564.524712809	data/processed/p6_rnaseq/runs/SRR19152325/locus_coverage.tsv.gz
SRR19152325	B+P_15-3	15	3	10647	10674	27	RT_first_100nt	2756	578.59059446	data/processed/p6_rnaseq/runs/SRR19152325/locus_coverage.tsv.gz
SRR19152325	B+P_15-3	15	3	10647	10675	28	RT_first_100nt	2810	589.927275193	data/processed/p6_rnaseq/runs/SRR19152325/locus_coverage.tsv.gz
SRR19152325	B+P_15-3	15	3	10647	10676	29	RT_first_100nt	2850	598.324816477	data/processed/p6_rnaseq/runs/SRR19152325/locus_coverage.tsv.gz
SRR19152325	B+P_15-3	15	3	10647	10677	30	RT_first_100nt	2879	604.413033908	data/processed/p6_rnaseq/runs/SRR19152325/locus_coverage.tsv.gz
SRR19152325	B+P_15-3	15	3	10647	10678	31	RT_first_100nt	2902	609.241620146	data/processed/p6_rnaseq/runs/SRR19152325/locus_coverage.tsv.gz
SRR19152325	B+P_15-3	15	3	10647	10679	32	RT_first_100nt	2891	606.932296293	data/processed/p6_rnaseq/runs/SRR19152325/locus_coverage.tsv.gz
SRR19152325	B+P_15-3	15	3	10647	10680	33	RT_first_100nt	2872	602.943464183	data/processed/p6_rnaseq/runs/SRR19152325/locus_coverage.tsv.gz
SRR19152325	B+P_15-3	15	3	10647	10681	34	RT_first_100nt	2868	602.103710055	data/processed/p6_rnaseq/runs/SRR19152325/locus_coverage.tsv.gz
SRR19152325	B+P_15-3	15	3	10647	10682	35	RT_first_100nt	2852	598.744693541	data/processed/p6_rnaseq/runs/SRR19152325/locus_coverage.tsv.gz
SRR19152325	B+P_15-3	15	3	10647	10683	36	RT_first_100nt	2825	593.076353175	data/processed/p6_rnaseq/runs/SRR19152325/locus_coverage.tsv.gz
SRR19152325	B+P_15-3	15	3	10647	10684	37	RT_first_100nt	2816	591.186906386	data/processed/p6_rnaseq/runs/SRR19152325/locus_coverage.tsv.gz
SRR19152325	B+P_15-3	15	3	10647	10685	38	RT_first_100nt	2749	577.121024735	data/processed/p6_rnaseq/runs/SRR19152325/locus_coverage.tsv.gz
SRR19152325	B+P_15-3	15	3	10647	10686	39	RT_first_100nt	2740	575.231577946	data/processed/p6_rnaseq/runs/SRR19152325/locus_coverage.tsv.gz
SRR19152325	B+P_15-3	15	3	10647	10687	40	RT_first_100nt	2833	594.755861431	data/processed/p6_rnaseq/runs/SRR19152325/locus_coverage.tsv.gz
SRR19152325	B+P_15-3	15	3	10647	10688	41	RT_first_100nt	2861	600.63414033	data/processed/p6_rnaseq/runs/SRR19152325/locus_coverage.tsv.gz
SRR19152325	B+P_15-3	15	3	10647	10689	42	RT_first_100nt	2850	598.324816477	data/processed/p6_rnaseq/runs/SRR19152325/locus_coverage.tsv.gz
SRR19152325	B+P_15-3	15	3	10647	10690	43	RT_first_100nt	2579	541.431474279	data/processed/p6_rnaseq/runs/SRR19152325/locus_coverage.tsv.gz
SRR19152325	B+P_15-3	15	3	10647	10691	44	RT_first_100nt	2556	536.60288804	data/processed/p6_rnaseq/runs/SRR19152325/locus_coverage.tsv.gz
SRR19152325	B+P_15-3	15	3	10647	10692	45	RT_first_100nt	2561	537.652580701	data/processed/p6_rnaseq/runs/SRR19152325/locus_coverage.tsv.gz
SRR19152325	B+P_15-3	15	3	10647	10693	46	RT_first_100nt	2607	547.309753177	data/processed/p6_rnaseq/runs/SRR19152325/locus_coverage.tsv.gz
SRR19152325	B+P_15-3	15	3	10647	10694	47	RT_first_100nt	2613	548.56938437	data/processed/p6_rnaseq/runs/SRR19152325/locus_coverage.tsv.gz
SRR19152325	B+P_15-3	15	3	10647	10695	48	RT_first_100nt	2647	555.707294461	data/processed/p6_rnaseq/runs/SRR19152325/locus_coverage.tsv.gz
SRR19152325	B+P_15-3	15	3	10647	10696	49	RT_first_100nt	2650	556.337110058	data/processed/p6_rnaseq/runs/SRR19152325/locus_coverage.tsv.gz
SRR19152325	B+P_15-3	15	3	10647	10697	50	RT_first_100nt	2692	565.154528406	data/processed/p6_rnaseq/runs/SRR19152325/locus_coverage.tsv.gz
SRR19152325	B+P_15-3	15	3	10647	10698	51	RT_first_100nt	2684	563.475020149	data/processed/p6_rnaseq/runs/SRR19152325/locus_coverage.tsv.gz
SRR19152325	B+P_15-3	15	3	10647	10699	52	RT_first_100nt	2708	568.513544919	data/processed/p6_rnaseq/runs/SRR19152325/locus_coverage.tsv.gz
SRR19152325	B+P_15-3	15	3	10647	10700	53	RT_first_100nt	2725	572.082499965	data/processed/p6_rnaseq/runs/SRR19152325/locus_coverage.tsv.gz
SRR19152325	B+P_15-3	15	3	10647	10701	54	RT_first_100nt	2733	573.762008222	data/processed/p6_rnaseq/runs/SRR19152325/locus_coverage.tsv.gz
SRR19152325	B+P_15-3	15	3	10647	10702	55	RT_first_100nt	2732	573.55206969	data/processed/p6_rnaseq/runs/SRR19152325/locus_coverage.tsv.gz
SRR19152325	B+P_15-3	15	3	10647	10703	56	RT_first_100nt	2825	593.076353175	data/processed/p6_rnaseq/runs/SRR19152325/locus_coverage.tsv.gz
SRR19152325	B+P_15-3	15	3	10647	10704	57	RT_first_100nt	2834	594.965799963	data/processed/p6_rnaseq/runs/SRR19152325/locus_coverage.tsv.gz
SRR19152325	B+P_15-3	15	3	10647	10705	58	RT_first_100nt	2833	594.755861431	data/processed/p6_rnaseq/runs/SRR19152325/locus_coverage.tsv.gz
SRR19152325	B+P_15-3	15	3	10647	10706	59	RT_first_100nt	2834	594.965799963	data/processed/p6_rnaseq/runs/SRR19152325/locus_coverage.tsv.gz
SRR19152325	B+P_15-3	15	3	10647	10707	60	RT_first_100nt	2839	596.015492624	data/processed/p6_rnaseq/runs/SRR19152325/locus_coverage.tsv.gz
SRR19152325	B+P_15-3	15	3	10647	10708	61	RT_first_100nt	2845	597.275123816	data/processed/p6_rnaseq/runs/SRR19152325/locus_coverage.tsv.gz
SRR19152325	B+P_15-3	15	3	10647	10709	62	RT_first_100nt	2851	598.534755009	data/processed/p6_rnaseq/runs/SRR19152325/locus_coverage.tsv.gz
SRR19152325	B+P_15-3	15	3	10647	10710	63	RT_first_100nt	2858	600.004324734	data/processed/p6_rnaseq/runs/SRR19152325/locus_coverage.tsv.gz
SRR19152325	B+P_15-3	15	3	10647	10711	64	RT_first_100nt	2863	601.054017394	data/processed/p6_rnaseq/runs/SRR19152325/locus_coverage.tsv.gz
SRR19152325	B+P_15-3	15	3	10647	10712	65	RT_first_100nt	2870	602.523587119	data/processed/p6_rnaseq/runs/SRR19152325/locus_coverage.tsv.gz
SRR19152325	B+P_15-3	15	3	10647	10713	66	RT_first_100nt	2871	602.733525651	data/processed/p6_rnaseq/runs/SRR19152325/locus_coverage.tsv.gz
SRR19152325	B+P_15-3	15	3	10647	10714	67	RT_first_100nt	2873	603.153402715	data/processed/p6_rnaseq/runs/SRR19152325/locus_coverage.tsv.gz
SRR19152325	B+P_15-3	15	3	10647	10715	68	RT_first_100nt	2881	604.832910972	data/processed/p6_rnaseq/runs/SRR19152325/locus_coverage.tsv.gz
SRR19152325	B+P_15-3	15	3	10647	10716	69	RT_first_100nt	2897	608.191927486	data/processed/p6_rnaseq/runs/SRR19152325/locus_coverage.tsv.gz
SRR19152325	B+P_15-3	15	3	10647	10717	70	RT_first_100nt	2902	609.241620146	data/processed/p6_rnaseq/runs/SRR19152325/locus_coverage.tsv.gz
SRR19152325	B+P_15-3	15	3	10647	10718	71	RT_first_100nt	2904	609.66149721	data/processed/p6_rnaseq/runs/SRR19152325/locus_coverage.tsv.gz
SRR19152325	B+P_15-3	15	3	10647	10719	72	RT_first_100nt	2908	610.501251339	data/processed/p6_rnaseq/runs/SRR19152325/locus_coverage.tsv.gz
SRR19152325	B+P_15-3	15	3	10647	10720	73	RT_first_100nt	2916	612.180759595	data/processed/p6_rnaseq/runs/SRR19152325/locus_coverage.tsv.gz
SRR19152325	B+P_15-3	15	3	10647	10721	74	RT_first_100nt	2920	613.020513724	data/processed/p6_rnaseq/runs/SRR19152325/locus_coverage.tsv.gz
SRR19152325	B+P_15-3	15	3	10647	10722	75	RT_first_100nt	2919	612.810575192	data/processed/p6_rnaseq/runs/SRR19152325/locus_coverage.tsv.gz
SRR19152325	B+P_15-3	15	3	10647	10723	76	RT_first_100nt	2947	618.68885409	data/processed/p6_rnaseq/runs/SRR19152325/locus_coverage.tsv.gz
SRR19152325	B+P_15-3	15	3	10647	10724	77	RT_first_100nt	2945	618.268977026	data/processed/p6_rnaseq/runs/SRR19152325/locus_coverage.tsv.gz
SRR19152325	B+P_15-3	15	3	10647	10725	78	RT_first_100nt	2955	620.368362347	data/processed/p6_rnaseq/runs/SRR19152325/locus_coverage.tsv.gz
SRR19152325	B+P_15-3	15	3	10647	10726	79	RT_first_100nt	2984	626.456579778	data/processed/p6_rnaseq/runs/SRR19152325/locus_coverage.tsv.gz
SRR19152325	B+P_15-3	15	3	10647	10727	80	RT_first_100nt	3013	632.544797209	data/processed/p6_rnaseq/runs/SRR19152325/locus_coverage.tsv.gz
SRR19152325	B+P_15-3	15	3	10647	10728	81	RT_first_100nt	3013	632.544797209	data/processed/p6_rnaseq/runs/SRR19152325/locus_coverage.tsv.gz
SRR19152325	B+P_15-3	15	3	10647	10729	82	RT_first_100nt	3028	635.69387519	data/processed/p6_rnaseq/runs/SRR19152325/locus_coverage.tsv.gz
SRR19152325	B+P_15-3	15	3	10647	10730	83	RT_first_100nt	3084	647.450432988	data/processed/p6_rnaseq/runs/SRR19152325/locus_coverage.tsv.gz
SRR19152325	B+P_15-3	15	3	10647	10731	84	RT_first_100nt	3137	658.577175189	data/processed/p6_rnaseq/runs/SRR19152325/locus_coverage.tsv.gz
SRR19152325	B+P_15-3	15	3	10647	10732	85	RT_first_100nt	3154	662.146130235	data/processed/p6_rnaseq/runs/SRR19152325/locus_coverage.tsv.gz
SRR19152325	B+P_15-3	15	3	10647	10733	86	RT_first_100nt	3158	662.985884363	data/processed/p6_rnaseq/runs/SRR19152325/locus_coverage.tsv.gz
SRR19152325	B+P_15-3	15	3	10647	10734	87	RT_first_100nt	3164	664.245515556	data/processed/p6_rnaseq/runs/SRR19152325/locus_coverage.tsv.gz
SRR19152325	B+P_15-3	15	3	10647	10735	88	RT_first_100nt	3166	664.66539262	data/processed/p6_rnaseq/runs/SRR19152325/locus_coverage.tsv.gz
SRR19152325	B+P_15-3	15	3	10647	10736	89	RT_first_100nt	3182	668.024409133	data/processed/p6_rnaseq/runs/SRR19152325/locus_coverage.tsv.gz
SRR19152325	B+P_15-3	15	3	10647	10737	90	RT_first_100nt	3184	668.444286197	data/processed/p6_rnaseq/runs/SRR19152325/locus_coverage.tsv.gz
SRR19152325	B+P_15-3	15	3	10647	10738	91	RT_first_100nt	3188	669.284040326	data/processed/p6_rnaseq/runs/SRR19152325/locus_coverage.tsv.gz
SRR19152325	B+P_15-3	15	3	10647	10739	92	RT_first_100nt	3199	671.593364179	data/processed/p6_rnaseq/runs/SRR19152325/locus_coverage.tsv.gz
SRR19152325	B+P_15-3	15	3	10647	10740	93	RT_first_100nt	3201	672.013241243	data/processed/p6_rnaseq/runs/SRR19152325/locus_coverage.tsv.gz
SRR19152325	B+P_15-3	15	3	10647	10741	94	RT_first_100nt	3202	672.223179775	data/processed/p6_rnaseq/runs/SRR19152325/locus_coverage.tsv.gz
SRR19152325	B+P_15-3	15	3	10647	10742	95	RT_first_100nt	3203	672.433118307	data/processed/p6_rnaseq/runs/SRR19152325/locus_coverage.tsv.gz
SRR19152325	B+P_15-3	15	3	10647	10743	96	RT_first_100nt	3211	674.112626564	data/processed/p6_rnaseq/runs/SRR19152325/locus_coverage.tsv.gz
SRR19152325	B+P_15-3	15	3	10647	10744	97	RT_first_100nt	3210	673.902688032	data/processed/p6_rnaseq/runs/SRR19152325/locus_coverage.tsv.gz
SRR19152325	B+P_15-3	15	3	10647	10745	98	RT_first_100nt	3210	673.902688032	data/processed/p6_rnaseq/runs/SRR19152325/locus_coverage.tsv.gz
SRR19152325	B+P_15-3	15	3	10647	10746	99	RT_first_100nt	3217	675.372257757	data/processed/p6_rnaseq/runs/SRR19152325/locus_coverage.tsv.gz
SRR19152324	B+P_55-1	55	1	10647	10547	-100	terminal_last_100nt	52878	4999.326370128	data/processed/p6_rnaseq/runs/SRR19152324/locus_coverage.tsv.gz
SRR19152324	B+P_55-1	55	1	10647	10548	-99	terminal_last_100nt	52846	4996.300944736	data/processed/p6_rnaseq/runs/SRR19152324/locus_coverage.tsv.gz
SRR19152324	B+P_55-1	55	1	10647	10549	-98	terminal_last_100nt	52839	4995.639132932	data/processed/p6_rnaseq/runs/SRR19152324/locus_coverage.tsv.gz
SRR19152324	B+P_55-1	55	1	10647	10550	-97	terminal_last_100nt	52828	4994.599142954	data/processed/p6_rnaseq/runs/SRR19152324/locus_coverage.tsv.gz
SRR19152324	B+P_55-1	55	1	10647	10551	-96	terminal_last_100nt	52771	4989.210103975	data/processed/p6_rnaseq/runs/SRR19152324/locus_coverage.tsv.gz
SRR19152324	B+P_55-1	55	1	10647	10552	-95	terminal_last_100nt	52756	4987.791935823	data/processed/p6_rnaseq/runs/SRR19152324/locus_coverage.tsv.gz
SRR19152324	B+P_55-1	55	1	10647	10553	-94	terminal_last_100nt	52680	4980.606550519	data/processed/p6_rnaseq/runs/SRR19152324/locus_coverage.tsv.gz
SRR19152324	B+P_55-1	55	1	10647	10554	-93	terminal_last_100nt	52668	4979.472015997	data/processed/p6_rnaseq/runs/SRR19152324/locus_coverage.tsv.gz
SRR19152324	B+P_55-1	55	1	10647	10555	-92	terminal_last_100nt	51621	4880.483878974	data/processed/p6_rnaseq/runs/SRR19152324/locus_coverage.tsv.gz
SRR19152324	B+P_55-1	55	1	10647	10556	-91	terminal_last_100nt	51271	4847.393288756	data/processed/p6_rnaseq/runs/SRR19152324/locus_coverage.tsv.gz
SRR19152324	B+P_55-1	55	1	10647	10557	-90	terminal_last_100nt	51145	4835.480676277	data/processed/p6_rnaseq/runs/SRR19152324/locus_coverage.tsv.gz
SRR19152324	B+P_55-1	55	1	10647	10558	-89	terminal_last_100nt	50077	4734.507103841	data/processed/p6_rnaseq/runs/SRR19152324/locus_coverage.tsv.gz
SRR19152324	B+P_55-1	55	1	10647	10559	-88	terminal_last_100nt	42467	4015.023127959	data/processed/p6_rnaseq/runs/SRR19152324/locus_coverage.tsv.gz
SRR19152324	B+P_55-1	55	1	10647	10560	-87	terminal_last_100nt	40029	3784.523530955	data/processed/p6_rnaseq/runs/SRR19152324/locus_coverage.tsv.gz
SRR19152324	B+P_55-1	55	1	10647	10561	-86	terminal_last_100nt	39842	3766.843701324	data/processed/p6_rnaseq/runs/SRR19152324/locus_coverage.tsv.gz
SRR19152324	B+P_55-1	55	1	10647	10562	-85	terminal_last_100nt	32086	3033.556222095	data/processed/p6_rnaseq/runs/SRR19152324/locus_coverage.tsv.gz
SRR19152324	B+P_55-1	55	1	10647	10563	-84	terminal_last_100nt	29374	2777.151420177	data/processed/p6_rnaseq/runs/SRR19152324/locus_coverage.tsv.gz
SRR19152324	B+P_55-1	55	1	10647	10564	-83	terminal_last_100nt	21673	2049.063890839	data/processed/p6_rnaseq/runs/SRR19152324/locus_coverage.tsv.gz
SRR19152324	B+P_55-1	55	1	10647	10565	-82	terminal_last_100nt	19004	1796.724504291	data/processed/p6_rnaseq/runs/SRR19152324/locus_coverage.tsv.gz
SRR19152324	B+P_55-1	55	1	10647	10566	-81	terminal_last_100nt	5585	528.031275335	data/processed/p6_rnaseq/runs/SRR19152324/locus_coverage.tsv.gz
SRR19152324	B+P_55-1	55	1	10647	10567	-80	terminal_last_100nt	4698	444.170265268	data/processed/p6_rnaseq/runs/SRR19152324/locus_coverage.tsv.gz
SRR19152324	B+P_55-1	55	1	10647	10568	-79	terminal_last_100nt	4606	435.472167268	data/processed/p6_rnaseq/runs/SRR19152324/locus_coverage.tsv.gz
SRR19152324	B+P_55-1	55	1	10647	10569	-78	terminal_last_100nt	4575	432.54128642	data/processed/p6_rnaseq/runs/SRR19152324/locus_coverage.tsv.gz
SRR19152324	B+P_55-1	55	1	10647	10570	-77	terminal_last_100nt	4494	424.883178398	data/processed/p6_rnaseq/runs/SRR19152324/locus_coverage.tsv.gz
SRR19152324	B+P_55-1	55	1	10647	10571	-76	terminal_last_100nt	4488	424.315911138	data/processed/p6_rnaseq/runs/SRR19152324/locus_coverage.tsv.gz
SRR19152324	B+P_55-1	55	1	10647	10572	-75	terminal_last_100nt	4489	424.410455681	data/processed/p6_rnaseq/runs/SRR19152324/locus_coverage.tsv.gz
SRR19152324	B+P_55-1	55	1	10647	10573	-74	terminal_last_100nt	4486	424.126822051	data/processed/p6_rnaseq/runs/SRR19152324/locus_coverage.tsv.gz
SRR19152324	B+P_55-1	55	1	10647	10574	-73	terminal_last_100nt	4485	424.032277507	data/processed/p6_rnaseq/runs/SRR19152324/locus_coverage.tsv.gz
SRR19152324	B+P_55-1	55	1	10647	10575	-72	terminal_last_100nt	4481	423.654099333	data/processed/p6_rnaseq/runs/SRR19152324/locus_coverage.tsv.gz
SRR19152324	B+P_55-1	55	1	10647	10576	-71	terminal_last_100nt	4473	422.897742985	data/processed/p6_rnaseq/runs/SRR19152324/locus_coverage.tsv.gz
SRR19152324	B+P_55-1	55	1	10647	10577	-70	terminal_last_100nt	4468	422.425020268	data/processed/p6_rnaseq/runs/SRR19152324/locus_coverage.tsv.gz
SRR19152324	B+P_55-1	55	1	10647	10578	-69	terminal_last_100nt	4468	422.425020268	data/processed/p6_rnaseq/runs/SRR19152324/locus_coverage.tsv.gz
SRR19152324	B+P_55-1	55	1	10647	10579	-68	terminal_last_100nt	4460	421.66866392	data/processed/p6_rnaseq/runs/SRR19152324/locus_coverage.tsv.gz
SRR19152324	B+P_55-1	55	1	10647	10580	-67	terminal_last_100nt	4461	421.763208464	data/processed/p6_rnaseq/runs/SRR19152324/locus_coverage.tsv.gz
SRR19152324	B+P_55-1	55	1	10647	10581	-66	terminal_last_100nt	4456	421.290485746	data/processed/p6_rnaseq/runs/SRR19152324/locus_coverage.tsv.gz
SRR19152324	B+P_55-1	55	1	10647	10582	-65	terminal_last_100nt	4456	421.290485746	data/processed/p6_rnaseq/runs/SRR19152324/locus_coverage.tsv.gz
SRR19152324	B+P_55-1	55	1	10647	10583	-64	terminal_last_100nt	4450	420.723218485	data/processed/p6_rnaseq/runs/SRR19152324/locus_coverage.tsv.gz
SRR19152324	B+P_55-1	55	1	10647	10584	-63	terminal_last_100nt	4444	420.155951224	data/processed/p6_rnaseq/runs/SRR19152324/locus_coverage.tsv.gz
SRR19152324	B+P_55-1	55	1	10647	10585	-62	terminal_last_100nt	4444	420.155951224	data/processed/p6_rnaseq/runs/SRR19152324/locus_coverage.tsv.gz
SRR19152324	B+P_55-1	55	1	10647	10586	-61	terminal_last_100nt	4444	420.155951224	data/processed/p6_rnaseq/runs/SRR19152324/locus_coverage.tsv.gz
SRR19152324	B+P_55-1	55	1	10647	10587	-60	terminal_last_100nt	4444	420.155951224	data/processed/p6_rnaseq/runs/SRR19152324/locus_coverage.tsv.gz
SRR19152324	B+P_55-1	55	1	10647	10588	-59	terminal_last_100nt	4444	420.155951224	data/processed/p6_rnaseq/runs/SRR19152324/locus_coverage.tsv.gz
SRR19152324	B+P_55-1	55	1	10647	10589	-58	terminal_last_100nt	4447	420.439584855	data/processed/p6_rnaseq/runs/SRR19152324/locus_coverage.tsv.gz
SRR19152324	B+P_55-1	55	1	10647	10590	-57	terminal_last_100nt	4445	420.250495768	data/processed/p6_rnaseq/runs/SRR19152324/locus_coverage.tsv.gz
SRR19152324	B+P_55-1	55	1	10647	10591	-56	terminal_last_100nt	4447	420.439584855	data/processed/p6_rnaseq/runs/SRR19152324/locus_coverage.tsv.gz
SRR19152324	B+P_55-1	55	1	10647	10592	-55	terminal_last_100nt	4447	420.439584855	data/processed/p6_rnaseq/runs/SRR19152324/locus_coverage.tsv.gz
SRR19152324	B+P_55-1	55	1	10647	10593	-54	terminal_last_100nt	4450	420.723218485	data/processed/p6_rnaseq/runs/SRR19152324/locus_coverage.tsv.gz
SRR19152324	B+P_55-1	55	1	10647	10594	-53	terminal_last_100nt	4451	420.817763029	data/processed/p6_rnaseq/runs/SRR19152324/locus_coverage.tsv.gz
SRR19152324	B+P_55-1	55	1	10647	10595	-52	terminal_last_100nt	4449	420.628673942	data/processed/p6_rnaseq/runs/SRR19152324/locus_coverage.tsv.gz
SRR19152324	B+P_55-1	55	1	10647	10596	-51	terminal_last_100nt	4449	420.628673942	data/processed/p6_rnaseq/runs/SRR19152324/locus_coverage.tsv.gz
SRR19152324	B+P_55-1	55	1	10647	10597	-50	terminal_last_100nt	4448	420.534129398	data/processed/p6_rnaseq/runs/SRR19152324/locus_coverage.tsv.gz
SRR19152324	B+P_55-1	55	1	10647	10598	-49	terminal_last_100nt	4454	421.101396659	data/processed/p6_rnaseq/runs/SRR19152324/locus_coverage.tsv.gz
SRR19152324	B+P_55-1	55	1	10647	10599	-48	terminal_last_100nt	4457	421.38503029	data/processed/p6_rnaseq/runs/SRR19152324/locus_coverage.tsv.gz
SRR19152324	B+P_55-1	55	1	10647	10600	-47	terminal_last_100nt	4463	421.952297551	data/processed/p6_rnaseq/runs/SRR19152324/locus_coverage.tsv.gz
SRR19152324	B+P_55-1	55	1	10647	10601	-46	terminal_last_100nt	4480	423.55955479	data/processed/p6_rnaseq/runs/SRR19152324/locus_coverage.tsv.gz
SRR19152324	B+P_55-1	55	1	10647	10602	-45	terminal_last_100nt	4483	423.84318842	data/processed/p6_rnaseq/runs/SRR19152324/locus_coverage.tsv.gz
SRR19152324	B+P_55-1	55	1	10647	10603	-44	terminal_last_100nt	4489	424.410455681	data/processed/p6_rnaseq/runs/SRR19152324/locus_coverage.tsv.gz
SRR19152324	B+P_55-1	55	1	10647	10604	-43	terminal_last_100nt	4493	424.788633855	data/processed/p6_rnaseq/runs/SRR19152324/locus_coverage.tsv.gz
SRR19152324	B+P_55-1	55	1	10647	10605	-42	terminal_last_100nt	4502	425.639534746	data/processed/p6_rnaseq/runs/SRR19152324/locus_coverage.tsv.gz
SRR19152324	B+P_55-1	55	1	10647	10606	-41	terminal_last_100nt	4510	426.395891094	data/processed/p6_rnaseq/runs/SRR19152324/locus_coverage.tsv.gz
SRR19152324	B+P_55-1	55	1	10647	10607	-40	terminal_last_100nt	4517	427.057702898	data/processed/p6_rnaseq/runs/SRR19152324/locus_coverage.tsv.gz
SRR19152324	B+P_55-1	55	1	10647	10608	-39	terminal_last_100nt	4522	427.530425616	data/processed/p6_rnaseq/runs/SRR19152324/locus_coverage.tsv.gz
SRR19152324	B+P_55-1	55	1	10647	10609	-38	terminal_last_100nt	4522	427.530425616	data/processed/p6_rnaseq/runs/SRR19152324/locus_coverage.tsv.gz
SRR19152324	B+P_55-1	55	1	10647	10610	-37	terminal_last_100nt	4526	427.90860379	data/processed/p6_rnaseq/runs/SRR19152324/locus_coverage.tsv.gz
SRR19152324	B+P_55-1	55	1	10647	10611	-36	terminal_last_100nt	4527	428.003148333	data/processed/p6_rnaseq/runs/SRR19152324/locus_coverage.tsv.gz
SRR19152324	B+P_55-1	55	1	10647	10612	-35	terminal_last_100nt	4536	428.854049225	data/processed/p6_rnaseq/runs/SRR19152324/locus_coverage.tsv.gz
SRR19152324	B+P_55-1	55	1	10647	10613	-34	terminal_last_100nt	4535	428.759504681	data/processed/p6_rnaseq/runs/SRR19152324/locus_coverage.tsv.gz
SRR19152324	B+P_55-1	55	1	10647	10614	-33	terminal_last_100nt	4535	428.759504681	data/processed/p6_rnaseq/runs/SRR19152324/locus_coverage.tsv.gz
SRR19152324	B+P_55-1	55	1	10647	10615	-32	terminal_last_100nt	4536	428.854049225	data/processed/p6_rnaseq/runs/SRR19152324/locus_coverage.tsv.gz
SRR19152324	B+P_55-1	55	1	10647	10616	-31	terminal_last_100nt	4536	428.854049225	data/processed/p6_rnaseq/runs/SRR19152324/locus_coverage.tsv.gz
SRR19152324	B+P_55-1	55	1	10647	10617	-30	terminal_last_100nt	4537	428.948593768	data/processed/p6_rnaseq/runs/SRR19152324/locus_coverage.tsv.gz
SRR19152324	B+P_55-1	55	1	10647	10618	-29	terminal_last_100nt	4536	428.854049225	data/processed/p6_rnaseq/runs/SRR19152324/locus_coverage.tsv.gz
SRR19152324	B+P_55-1	55	1	10647	10619	-28	terminal_last_100nt	4532	428.475871051	data/processed/p6_rnaseq/runs/SRR19152324/locus_coverage.tsv.gz
SRR19152324	B+P_55-1	55	1	10647	10620	-27	terminal_last_100nt	4527	428.003148333	data/processed/p6_rnaseq/runs/SRR19152324/locus_coverage.tsv.gz
SRR19152324	B+P_55-1	55	1	10647	10621	-26	terminal_last_100nt	4527	428.003148333	data/processed/p6_rnaseq/runs/SRR19152324/locus_coverage.tsv.gz
SRR19152324	B+P_55-1	55	1	10647	10622	-25	terminal_last_100nt	4518	427.152247442	data/processed/p6_rnaseq/runs/SRR19152324/locus_coverage.tsv.gz
SRR19152324	B+P_55-1	55	1	10647	10623	-24	terminal_last_100nt	4498	425.261356572	data/processed/p6_rnaseq/runs/SRR19152324/locus_coverage.tsv.gz
SRR19152324	B+P_55-1	55	1	10647	10624	-23	terminal_last_100nt	4429	418.737783072	data/processed/p6_rnaseq/runs/SRR19152324/locus_coverage.tsv.gz
SRR19152324	B+P_55-1	55	1	10647	10625	-22	terminal_last_100nt	4413	417.225070377	data/processed/p6_rnaseq/runs/SRR19152324/locus_coverage.tsv.gz
SRR19152324	B+P_55-1	55	1	10647	10626	-21	terminal_last_100nt	4412	417.130525833	data/processed/p6_rnaseq/runs/SRR19152324/locus_coverage.tsv.gz
SRR19152324	B+P_55-1	55	1	10647	10627	-20	terminal_last_100nt	4404	416.374169485	data/processed/p6_rnaseq/runs/SRR19152324/locus_coverage.tsv.gz
SRR19152324	B+P_55-1	55	1	10647	10628	-19	terminal_last_100nt	4382	414.294189529	data/processed/p6_rnaseq/runs/SRR19152324/locus_coverage.tsv.gz
SRR19152324	B+P_55-1	55	1	10647	10629	-18	terminal_last_100nt	4386	414.672367703	data/processed/p6_rnaseq/runs/SRR19152324/locus_coverage.tsv.gz
SRR19152324	B+P_55-1	55	1	10647	10630	-17	terminal_last_100nt	4198	396.897993528	data/processed/p6_rnaseq/runs/SRR19152324/locus_coverage.tsv.gz
SRR19152324	B+P_55-1	55	1	10647	10631	-16	terminal_last_100nt	4080	385.741737398	data/processed/p6_rnaseq/runs/SRR19152324/locus_coverage.tsv.gz
SRR19152324	B+P_55-1	55	1	10647	10632	-15	terminal_last_100nt	3933	371.843689506	data/processed/p6_rnaseq/runs/SRR19152324/locus_coverage.tsv.gz
SRR19152324	B+P_55-1	55	1	10647	10633	-14	terminal_last_100nt	3158	298.571668309	data/processed/p6_rnaseq/runs/SRR19152324/locus_coverage.tsv.gz
SRR19152324	B+P_55-1	55	1	10647	10634	-13	terminal_last_100nt	3021	285.619065853	data/processed/p6_rnaseq/runs/SRR19152324/locus_coverage.tsv.gz
SRR19152324	B+P_55-1	55	1	10647	10635	-12	terminal_last_100nt	1203	113.737085806	data/processed/p6_rnaseq/runs/SRR19152324/locus_coverage.tsv.gz
SRR19152324	B+P_55-1	55	1	10647	10636	-11	terminal_last_100nt	1126	106.457155958	data/processed/p6_rnaseq/runs/SRR19152324/locus_coverage.tsv.gz
SRR19152324	B+P_55-1	55	1	10647	10637	-10	terminal_last_100nt	1182	111.751650393	data/processed/p6_rnaseq/runs/SRR19152324/locus_coverage.tsv.gz
SRR19152324	B+P_55-1	55	1	10647	10638	-9	terminal_last_100nt	1207	114.11526398	data/processed/p6_rnaseq/runs/SRR19152324/locus_coverage.tsv.gz
SRR19152324	B+P_55-1	55	1	10647	10639	-8	terminal_last_100nt	1237	116.951600285	data/processed/p6_rnaseq/runs/SRR19152324/locus_coverage.tsv.gz
SRR19152324	B+P_55-1	55	1	10647	10640	-7	terminal_last_100nt	1236	116.857055741	data/processed/p6_rnaseq/runs/SRR19152324/locus_coverage.tsv.gz
SRR19152324	B+P_55-1	55	1	10647	10641	-6	terminal_last_100nt	1242	117.424323002	data/processed/p6_rnaseq/runs/SRR19152324/locus_coverage.tsv.gz
SRR19152324	B+P_55-1	55	1	10647	10642	-5	terminal_last_100nt	1269	119.977025676	data/processed/p6_rnaseq/runs/SRR19152324/locus_coverage.tsv.gz
SRR19152324	B+P_55-1	55	1	10647	10643	-4	terminal_last_100nt	1270	120.071570219	data/processed/p6_rnaseq/runs/SRR19152324/locus_coverage.tsv.gz
SRR19152324	B+P_55-1	55	1	10647	10644	-3	terminal_last_100nt	1291	122.057005632	data/processed/p6_rnaseq/runs/SRR19152324/locus_coverage.tsv.gz
SRR19152324	B+P_55-1	55	1	10647	10645	-2	terminal_last_100nt	1294	122.340639263	data/processed/p6_rnaseq/runs/SRR19152324/locus_coverage.tsv.gz
SRR19152324	B+P_55-1	55	1	10647	10646	-1	terminal_last_100nt	1286	121.584282915	data/processed/p6_rnaseq/runs/SRR19152324/locus_coverage.tsv.gz
SRR19152324	B+P_55-1	55	1	10647	10647	0	RT_first_100nt	1285	121.489738372	data/processed/p6_rnaseq/runs/SRR19152324/locus_coverage.tsv.gz
SRR19152324	B+P_55-1	55	1	10647	10648	1	RT_first_100nt	1288	121.773372002	data/processed/p6_rnaseq/runs/SRR19152324/locus_coverage.tsv.gz
SRR19152324	B+P_55-1	55	1	10647	10649	2	RT_first_100nt	1311	123.947896502	data/processed/p6_rnaseq/runs/SRR19152324/locus_coverage.tsv.gz
SRR19152324	B+P_55-1	55	1	10647	10650	3	RT_first_100nt	1352	127.824222785	data/processed/p6_rnaseq/runs/SRR19152324/locus_coverage.tsv.gz
SRR19152324	B+P_55-1	55	1	10647	10651	4	RT_first_100nt	1353	127.918767328	data/processed/p6_rnaseq/runs/SRR19152324/locus_coverage.tsv.gz
SRR19152324	B+P_55-1	55	1	10647	10652	5	RT_first_100nt	1353	127.918767328	data/processed/p6_rnaseq/runs/SRR19152324/locus_coverage.tsv.gz
SRR19152324	B+P_55-1	55	1	10647	10653	6	RT_first_100nt	1359	128.486034589	data/processed/p6_rnaseq/runs/SRR19152324/locus_coverage.tsv.gz
SRR19152324	B+P_55-1	55	1	10647	10654	7	RT_first_100nt	1361	128.675123676	data/processed/p6_rnaseq/runs/SRR19152324/locus_coverage.tsv.gz
SRR19152324	B+P_55-1	55	1	10647	10655	8	RT_first_100nt	1366	129.147846393	data/processed/p6_rnaseq/runs/SRR19152324/locus_coverage.tsv.gz
SRR19152324	B+P_55-1	55	1	10647	10656	9	RT_first_100nt	1366	129.147846393	data/processed/p6_rnaseq/runs/SRR19152324/locus_coverage.tsv.gz
SRR19152324	B+P_55-1	55	1	10647	10657	10	RT_first_100nt	1367	129.242390937	data/processed/p6_rnaseq/runs/SRR19152324/locus_coverage.tsv.gz
SRR19152324	B+P_55-1	55	1	10647	10658	11	RT_first_100nt	1378	130.282380915	data/processed/p6_rnaseq/runs/SRR19152324/locus_coverage.tsv.gz
SRR19152324	B+P_55-1	55	1	10647	10659	12	RT_first_100nt	1381	130.566014546	data/processed/p6_rnaseq/runs/SRR19152324/locus_coverage.tsv.gz
SRR19152324	B+P_55-1	55	1	10647	10660	13	RT_first_100nt	1381	130.566014546	data/processed/p6_rnaseq/runs/SRR19152324/locus_coverage.tsv.gz
SRR19152324	B+P_55-1	55	1	10647	10661	14	RT_first_100nt	1387	131.133281807	data/processed/p6_rnaseq/runs/SRR19152324/locus_coverage.tsv.gz
SRR19152324	B+P_55-1	55	1	10647	10662	15	RT_first_100nt	1398	132.173271785	data/processed/p6_rnaseq/runs/SRR19152324/locus_coverage.tsv.gz
SRR19152324	B+P_55-1	55	1	10647	10663	16	RT_first_100nt	1422	134.442340828	data/processed/p6_rnaseq/runs/SRR19152324/locus_coverage.tsv.gz
SRR19152324	B+P_55-1	55	1	10647	10664	17	RT_first_100nt	1429	135.104152633	data/processed/p6_rnaseq/runs/SRR19152324/locus_coverage.tsv.gz
SRR19152324	B+P_55-1	55	1	10647	10665	18	RT_first_100nt	1437	135.860508981	data/processed/p6_rnaseq/runs/SRR19152324/locus_coverage.tsv.gz
SRR19152324	B+P_55-1	55	1	10647	10666	19	RT_first_100nt	1434	135.57687535	data/processed/p6_rnaseq/runs/SRR19152324/locus_coverage.tsv.gz
SRR19152324	B+P_55-1	55	1	10647	10667	20	RT_first_100nt	1474	139.358657089	data/processed/p6_rnaseq/runs/SRR19152324/locus_coverage.tsv.gz
SRR19152324	B+P_55-1	55	1	10647	10668	21	RT_first_100nt	1486	140.493191611	data/processed/p6_rnaseq/runs/SRR19152324/locus_coverage.tsv.gz
SRR19152324	B+P_55-1	55	1	10647	10669	22	RT_first_100nt	1496	141.438637046	data/processed/p6_rnaseq/runs/SRR19152324/locus_coverage.tsv.gz
SRR19152324	B+P_55-1	55	1	10647	10670	23	RT_first_100nt	1506	142.384082481	data/processed/p6_rnaseq/runs/SRR19152324/locus_coverage.tsv.gz
SRR19152324	B+P_55-1	55	1	10647	10671	24	RT_first_100nt	1518	143.518617002	data/processed/p6_rnaseq/runs/SRR19152324/locus_coverage.tsv.gz
SRR19152324	B+P_55-1	55	1	10647	10672	25	RT_first_100nt	1549	146.44949785	data/processed/p6_rnaseq/runs/SRR19152324/locus_coverage.tsv.gz
SRR19152324	B+P_55-1	55	1	10647	10673	26	RT_first_100nt	1588	150.136735046	data/processed/p6_rnaseq/runs/SRR19152324/locus_coverage.tsv.gz
SRR19152324	B+P_55-1	55	1	10647	10674	27	RT_first_100nt	1620	153.162160437	data/processed/p6_rnaseq/runs/SRR19152324/locus_coverage.tsv.gz
SRR19152324	B+P_55-1	55	1	10647	10675	28	RT_first_100nt	1639	154.958506763	data/processed/p6_rnaseq/runs/SRR19152324/locus_coverage.tsv.gz
SRR19152324	B+P_55-1	55	1	10647	10676	29	RT_first_100nt	1655	156.471219459	data/processed/p6_rnaseq/runs/SRR19152324/locus_coverage.tsv.gz
SRR19152324	B+P_55-1	55	1	10647	10677	30	RT_first_100nt	1664	157.32212035	data/processed/p6_rnaseq/runs/SRR19152324/locus_coverage.tsv.gz
SRR19152324	B+P_55-1	55	1	10647	10678	31	RT_first_100nt	1671	157.983932155	data/processed/p6_rnaseq/runs/SRR19152324/locus_coverage.tsv.gz
SRR19152324	B+P_55-1	55	1	10647	10679	32	RT_first_100nt	1671	157.983932155	data/processed/p6_rnaseq/runs/SRR19152324/locus_coverage.tsv.gz
SRR19152324	B+P_55-1	55	1	10647	10680	33	RT_first_100nt	1668	157.700298524	data/processed/p6_rnaseq/runs/SRR19152324/locus_coverage.tsv.gz
SRR19152324	B+P_55-1	55	1	10647	10681	34	RT_first_100nt	1652	156.187585829	data/processed/p6_rnaseq/runs/SRR19152324/locus_coverage.tsv.gz
SRR19152324	B+P_55-1	55	1	10647	10682	35	RT_first_100nt	1648	155.809407655	data/processed/p6_rnaseq/runs/SRR19152324/locus_coverage.tsv.gz
SRR19152324	B+P_55-1	55	1	10647	10683	36	RT_first_100nt	1625	153.634883155	data/processed/p6_rnaseq/runs/SRR19152324/locus_coverage.tsv.gz
SRR19152324	B+P_55-1	55	1	10647	10684	37	RT_first_100nt	1622	153.351249524	data/processed/p6_rnaseq/runs/SRR19152324/locus_coverage.tsv.gz
SRR19152324	B+P_55-1	55	1	10647	10685	38	RT_first_100nt	1568	148.245844176	data/processed/p6_rnaseq/runs/SRR19152324/locus_coverage.tsv.gz
SRR19152324	B+P_55-1	55	1	10647	10686	39	RT_first_100nt	1557	147.205854198	data/processed/p6_rnaseq/runs/SRR19152324/locus_coverage.tsv.gz
SRR19152324	B+P_55-1	55	1	10647	10687	40	RT_first_100nt	1587	150.042190503	data/processed/p6_rnaseq/runs/SRR19152324/locus_coverage.tsv.gz
SRR19152324	B+P_55-1	55	1	10647	10688	41	RT_first_100nt	1591	150.420368676	data/processed/p6_rnaseq/runs/SRR19152324/locus_coverage.tsv.gz
SRR19152324	B+P_55-1	55	1	10647	10689	42	RT_first_100nt	1569	148.34038872	data/processed/p6_rnaseq/runs/SRR19152324/locus_coverage.tsv.gz
SRR19152324	B+P_55-1	55	1	10647	10690	43	RT_first_100nt	1363	128.864212763	data/processed/p6_rnaseq/runs/SRR19152324/locus_coverage.tsv.gz
SRR19152324	B+P_55-1	55	1	10647	10691	44	RT_first_100nt	1367	129.242390937	data/processed/p6_rnaseq/runs/SRR19152324/locus_coverage.tsv.gz
SRR19152324	B+P_55-1	55	1	10647	10692	45	RT_first_100nt	1370	129.526024567	data/processed/p6_rnaseq/runs/SRR19152324/locus_coverage.tsv.gz
SRR19152324	B+P_55-1	55	1	10647	10693	46	RT_first_100nt	1393	131.700549067	data/processed/p6_rnaseq/runs/SRR19152324/locus_coverage.tsv.gz
SRR19152324	B+P_55-1	55	1	10647	10694	47	RT_first_100nt	1393	131.700549067	data/processed/p6_rnaseq/runs/SRR19152324/locus_coverage.tsv.gz
SRR19152324	B+P_55-1	55	1	10647	10695	48	RT_first_100nt	1412	133.496895394	data/processed/p6_rnaseq/runs/SRR19152324/locus_coverage.tsv.gz
SRR19152324	B+P_55-1	55	1	10647	10696	49	RT_first_100nt	1417	133.969618111	data/processed/p6_rnaseq/runs/SRR19152324/locus_coverage.tsv.gz
SRR19152324	B+P_55-1	55	1	10647	10697	50	RT_first_100nt	1431	135.29324172	data/processed/p6_rnaseq/runs/SRR19152324/locus_coverage.tsv.gz
SRR19152324	B+P_55-1	55	1	10647	10698	51	RT_first_100nt	1410	133.307806307	data/processed/p6_rnaseq/runs/SRR19152324/locus_coverage.tsv.gz
SRR19152324	B+P_55-1	55	1	10647	10699	52	RT_first_100nt	1419	134.158707198	data/processed/p6_rnaseq/runs/SRR19152324/locus_coverage.tsv.gz
SRR19152324	B+P_55-1	55	1	10647	10700	53	RT_first_100nt	1418	134.064162654	data/processed/p6_rnaseq/runs/SRR19152324/locus_coverage.tsv.gz
SRR19152324	B+P_55-1	55	1	10647	10701	54	RT_first_100nt	1423	134.536885372	data/processed/p6_rnaseq/runs/SRR19152324/locus_coverage.tsv.gz
SRR19152324	B+P_55-1	55	1	10647	10702	55	RT_first_100nt	1422	134.442340828	data/processed/p6_rnaseq/runs/SRR19152324/locus_coverage.tsv.gz
SRR19152324	B+P_55-1	55	1	10647	10703	56	RT_first_100nt	1482	140.115013437	data/processed/p6_rnaseq/runs/SRR19152324/locus_coverage.tsv.gz
SRR19152324	B+P_55-1	55	1	10647	10704	57	RT_first_100nt	1473	139.264112546	data/processed/p6_rnaseq/runs/SRR19152324/locus_coverage.tsv.gz
SRR19152324	B+P_55-1	55	1	10647	10705	58	RT_first_100nt	1475	139.453201633	data/processed/p6_rnaseq/runs/SRR19152324/locus_coverage.tsv.gz
SRR19152324	B+P_55-1	55	1	10647	10706	59	RT_first_100nt	1477	139.64229072	data/processed/p6_rnaseq/runs/SRR19152324/locus_coverage.tsv.gz
SRR19152324	B+P_55-1	55	1	10647	10707	60	RT_first_100nt	1478	139.736835263	data/processed/p6_rnaseq/runs/SRR19152324/locus_coverage.tsv.gz
SRR19152324	B+P_55-1	55	1	10647	10708	61	RT_first_100nt	1480	139.92592435	data/processed/p6_rnaseq/runs/SRR19152324/locus_coverage.tsv.gz
SRR19152324	B+P_55-1	55	1	10647	10709	62	RT_first_100nt	1481	140.020468894	data/processed/p6_rnaseq/runs/SRR19152324/locus_coverage.tsv.gz
SRR19152324	B+P_55-1	55	1	10647	10710	63	RT_first_100nt	1484	140.304102524	data/processed/p6_rnaseq/runs/SRR19152324/locus_coverage.tsv.gz
SRR19152324	B+P_55-1	55	1	10647	10711	64	RT_first_100nt	1485	140.398647068	data/processed/p6_rnaseq/runs/SRR19152324/locus_coverage.tsv.gz
SRR19152324	B+P_55-1	55	1	10647	10712	65	RT_first_100nt	1487	140.587736155	data/processed/p6_rnaseq/runs/SRR19152324/locus_coverage.tsv.gz
SRR19152324	B+P_55-1	55	1	10647	10713	66	RT_first_100nt	1487	140.587736155	data/processed/p6_rnaseq/runs/SRR19152324/locus_coverage.tsv.gz
SRR19152324	B+P_55-1	55	1	10647	10714	67	RT_first_100nt	1489	140.776825242	data/processed/p6_rnaseq/runs/SRR19152324/locus_coverage.tsv.gz
SRR19152324	B+P_55-1	55	1	10647	10715	68	RT_first_100nt	1498	141.627726133	data/processed/p6_rnaseq/runs/SRR19152324/locus_coverage.tsv.gz
SRR19152324	B+P_55-1	55	1	10647	10716	69	RT_first_100nt	1504	142.194993394	data/processed/p6_rnaseq/runs/SRR19152324/locus_coverage.tsv.gz
SRR19152324	B+P_55-1	55	1	10647	10717	70	RT_first_100nt	1504	142.194993394	data/processed/p6_rnaseq/runs/SRR19152324/locus_coverage.tsv.gz
SRR19152324	B+P_55-1	55	1	10647	10718	71	RT_first_100nt	1504	142.194993394	data/processed/p6_rnaseq/runs/SRR19152324/locus_coverage.tsv.gz
SRR19152324	B+P_55-1	55	1	10647	10719	72	RT_first_100nt	1507	142.478627024	data/processed/p6_rnaseq/runs/SRR19152324/locus_coverage.tsv.gz
SRR19152324	B+P_55-1	55	1	10647	10720	73	RT_first_100nt	1514	143.140438828	data/processed/p6_rnaseq/runs/SRR19152324/locus_coverage.tsv.gz
SRR19152324	B+P_55-1	55	1	10647	10721	74	RT_first_100nt	1518	143.518617002	data/processed/p6_rnaseq/runs/SRR19152324/locus_coverage.tsv.gz
SRR19152324	B+P_55-1	55	1	10647	10722	75	RT_first_100nt	1518	143.518617002	data/processed/p6_rnaseq/runs/SRR19152324/locus_coverage.tsv.gz
SRR19152324	B+P_55-1	55	1	10647	10723	76	RT_first_100nt	1538	145.409507872	data/processed/p6_rnaseq/runs/SRR19152324/locus_coverage.tsv.gz
SRR19152324	B+P_55-1	55	1	10647	10724	77	RT_first_100nt	1535	145.125874242	data/processed/p6_rnaseq/runs/SRR19152324/locus_coverage.tsv.gz
SRR19152324	B+P_55-1	55	1	10647	10725	78	RT_first_100nt	1535	145.125874242	data/processed/p6_rnaseq/runs/SRR19152324/locus_coverage.tsv.gz
SRR19152324	B+P_55-1	55	1	10647	10726	79	RT_first_100nt	1546	146.16586422	data/processed/p6_rnaseq/runs/SRR19152324/locus_coverage.tsv.gz
SRR19152324	B+P_55-1	55	1	10647	10727	80	RT_first_100nt	1566	148.056755089	data/processed/p6_rnaseq/runs/SRR19152324/locus_coverage.tsv.gz
SRR19152324	B+P_55-1	55	1	10647	10728	81	RT_first_100nt	1566	148.056755089	data/processed/p6_rnaseq/runs/SRR19152324/locus_coverage.tsv.gz
SRR19152324	B+P_55-1	55	1	10647	10729	82	RT_first_100nt	1573	148.718566894	data/processed/p6_rnaseq/runs/SRR19152324/locus_coverage.tsv.gz
SRR19152324	B+P_55-1	55	1	10647	10730	83	RT_first_100nt	1606	151.838536829	data/processed/p6_rnaseq/runs/SRR19152324/locus_coverage.tsv.gz
SRR19152324	B+P_55-1	55	1	10647	10731	84	RT_first_100nt	1628	153.918516785	data/processed/p6_rnaseq/runs/SRR19152324/locus_coverage.tsv.gz
SRR19152324	B+P_55-1	55	1	10647	10732	85	RT_first_100nt	1645	155.525774024	data/processed/p6_rnaseq/runs/SRR19152324/locus_coverage.tsv.gz
SRR19152324	B+P_55-1	55	1	10647	10733	86	RT_first_100nt	1648	155.809407655	data/processed/p6_rnaseq/runs/SRR19152324/locus_coverage.tsv.gz
SRR19152324	B+P_55-1	55	1	10647	10734	87	RT_first_100nt	1650	155.998496742	data/processed/p6_rnaseq/runs/SRR19152324/locus_coverage.tsv.gz
SRR19152324	B+P_55-1	55	1	10647	10735	88	RT_first_100nt	1652	156.187585829	data/processed/p6_rnaseq/runs/SRR19152324/locus_coverage.tsv.gz
SRR19152324	B+P_55-1	55	1	10647	10736	89	RT_first_100nt	1667	157.605753981	data/processed/p6_rnaseq/runs/SRR19152324/locus_coverage.tsv.gz
SRR19152324	B+P_55-1	55	1	10647	10737	90	RT_first_100nt	1669	157.794843068	data/processed/p6_rnaseq/runs/SRR19152324/locus_coverage.tsv.gz
SRR19152324	B+P_55-1	55	1	10647	10738	91	RT_first_100nt	1670	157.889387611	data/processed/p6_rnaseq/runs/SRR19152324/locus_coverage.tsv.gz
SRR19152324	B+P_55-1	55	1	10647	10739	92	RT_first_100nt	1671	157.983932155	data/processed/p6_rnaseq/runs/SRR19152324/locus_coverage.tsv.gz
SRR19152324	B+P_55-1	55	1	10647	10740	93	RT_first_100nt	1672	158.078476698	data/processed/p6_rnaseq/runs/SRR19152324/locus_coverage.tsv.gz
SRR19152324	B+P_55-1	55	1	10647	10741	94	RT_first_100nt	1673	158.173021242	data/processed/p6_rnaseq/runs/SRR19152324/locus_coverage.tsv.gz
SRR19152324	B+P_55-1	55	1	10647	10742	95	RT_first_100nt	1672	158.078476698	data/processed/p6_rnaseq/runs/SRR19152324/locus_coverage.tsv.gz
SRR19152324	B+P_55-1	55	1	10647	10743	96	RT_first_100nt	1677	158.551199416	data/processed/p6_rnaseq/runs/SRR19152324/locus_coverage.tsv.gz
SRR19152324	B+P_55-1	55	1	10647	10744	97	RT_first_100nt	1676	158.456654872	data/processed/p6_rnaseq/runs/SRR19152324/locus_coverage.tsv.gz
SRR19152324	B+P_55-1	55	1	10647	10745	98	RT_first_100nt	1678	158.645743959	data/processed/p6_rnaseq/runs/SRR19152324/locus_coverage.tsv.gz
SRR19152324	B+P_55-1	55	1	10647	10746	99	RT_first_100nt	1683	159.118466677	data/processed/p6_rnaseq/runs/SRR19152324/locus_coverage.tsv.gz
SRR19152333	B+P_55-2	55	2	10647	10547	-100	terminal_last_100nt	46424	4647.351288062	data/processed/p6_rnaseq/runs/SRR19152333/locus_coverage.tsv.gz
SRR19152333	B+P_55-2	55	2	10647	10548	-99	terminal_last_100nt	46400	4644.948728375	data/processed/p6_rnaseq/runs/SRR19152333/locus_coverage.tsv.gz
SRR19152333	B+P_55-2	55	2	10647	10549	-98	terminal_last_100nt	46381	4643.046701956	data/processed/p6_rnaseq/runs/SRR19152333/locus_coverage.tsv.gz
SRR19152333	B+P_55-2	55	2	10647	10550	-97	terminal_last_100nt	46372	4642.145742074	data/processed/p6_rnaseq/runs/SRR19152333/locus_coverage.tsv.gz
SRR19152333	B+P_55-2	55	2	10647	10551	-96	terminal_last_100nt	46319	4636.840089431	data/processed/p6_rnaseq/runs/SRR19152333/locus_coverage.tsv.gz
SRR19152333	B+P_55-2	55	2	10647	10552	-95	terminal_last_100nt	46318	4636.739982778	data/processed/p6_rnaseq/runs/SRR19152333/locus_coverage.tsv.gz
SRR19152333	B+P_55-2	55	2	10647	10553	-94	terminal_last_100nt	46270	4631.934863403	data/processed/p6_rnaseq/runs/SRR19152333/locus_coverage.tsv.gz
SRR19152333	B+P_55-2	55	2	10647	10554	-93	terminal_last_100nt	46254	4630.333156945	data/processed/p6_rnaseq/runs/SRR19152333/locus_coverage.tsv.gz
SRR19152333	B+P_55-2	55	2	10647	10555	-92	terminal_last_100nt	45397	4544.541754786	data/processed/p6_rnaseq/runs/SRR19152333/locus_coverage.tsv.gz
SRR19152333	B+P_55-2	55	2	10647	10556	-91	terminal_last_100nt	45095	4514.30954539	data/processed/p6_rnaseq/runs/SRR19152333/locus_coverage.tsv.gz
SRR19152333	B+P_55-2	55	2	10647	10557	-90	terminal_last_100nt	44975	4502.296746954	data/processed/p6_rnaseq/runs/SRR19152333/locus_coverage.tsv.gz
SRR19152333	B+P_55-2	55	2	10647	10558	-89	terminal_last_100nt	44001	4404.79286632	data/processed/p6_rnaseq/runs/SRR19152333/locus_coverage.tsv.gz
SRR19152333	B+P_55-2	55	2	10647	10559	-88	terminal_last_100nt	37478	3751.797164699	data/processed/p6_rnaseq/runs/SRR19152333/locus_coverage.tsv.gz
SRR19152333	B+P_55-2	55	2	10647	10560	-87	terminal_last_100nt	35429	3546.678631414	data/processed/p6_rnaseq/runs/SRR19152333/locus_coverage.tsv.gz
SRR19152333	B+P_55-2	55	2	10647	10561	-86	terminal_last_100nt	35270	3530.761673487	data/processed/p6_rnaseq/runs/SRR19152333/locus_coverage.tsv.gz
SRR19152333	B+P_55-2	55	2	10647	10562	-85	terminal_last_100nt	28546	2857.644534487	data/processed/p6_rnaseq/runs/SRR19152333/locus_coverage.tsv.gz
SRR19152333	B+P_55-2	55	2	10647	10563	-84	terminal_last_100nt	26014	2604.174487499	data/processed/p6_rnaseq/runs/SRR19152333/locus_coverage.tsv.gz
SRR19152333	B+P_55-2	55	2	10647	10564	-83	terminal_last_100nt	19878	1989.920060833	data/processed/p6_rnaseq/runs/SRR19152333/locus_coverage.tsv.gz
SRR19152333	B+P_55-2	55	2	10647	10565	-82	terminal_last_100nt	17463	1748.162492319	data/processed/p6_rnaseq/runs/SRR19152333/locus_coverage.tsv.gz
SRR19152333	B+P_55-2	55	2	10647	10566	-81	terminal_last_100nt	4990	499.532201608	data/processed/p6_rnaseq/runs/SRR19152333/locus_coverage.tsv.gz
SRR19152333	B+P_55-2	55	2	10647	10567	-80	terminal_last_100nt	4076	408.034720191	data/processed/p6_rnaseq/runs/SRR19152333/locus_coverage.tsv.gz
SRR19152333	B+P_55-2	55	2	10647	10568	-79	terminal_last_100nt	3990	399.425547979	data/processed/p6_rnaseq/runs/SRR19152333/locus_coverage.tsv.gz
SRR19152333	B+P_55-2	55	2	10647	10569	-78	terminal_last_100nt	3956	396.021921755	data/processed/p6_rnaseq/runs/SRR19152333/locus_coverage.tsv.gz
SRR19152333	B+P_55-2	55	2	10647	10570	-77	terminal_last_100nt	3893	389.715202577	data/processed/p6_rnaseq/runs/SRR19152333/locus_coverage.tsv.gz
SRR19152333	B+P_55-2	55	2	10647	10571	-76	terminal_last_100nt	3880	388.41381608	data/processed/p6_rnaseq/runs/SRR19152333/locus_coverage.tsv.gz
SRR19152333	B+P_55-2	55	2	10647	10572	-75	terminal_last_100nt	3880	388.41381608	data/processed/p6_rnaseq/runs/SRR19152333/locus_coverage.tsv.gz
SRR19152333	B+P_55-2	55	2	10647	10573	-74	terminal_last_100nt	3879	388.313709426	data/processed/p6_rnaseq/runs/SRR19152333/locus_coverage.tsv.gz
SRR19152333	B+P_55-2	55	2	10647	10574	-73	terminal_last_100nt	3878	388.213602772	data/processed/p6_rnaseq/runs/SRR19152333/locus_coverage.tsv.gz
SRR19152333	B+P_55-2	55	2	10647	10575	-72	terminal_last_100nt	3875	387.913282812	data/processed/p6_rnaseq/runs/SRR19152333/locus_coverage.tsv.gz
SRR19152333	B+P_55-2	55	2	10647	10576	-71	terminal_last_100nt	3871	387.512856197	data/processed/p6_rnaseq/runs/SRR19152333/locus_coverage.tsv.gz
SRR19152333	B+P_55-2	55	2	10647	10577	-70	terminal_last_100nt	3868	387.212536236	data/processed/p6_rnaseq/runs/SRR19152333/locus_coverage.tsv.gz
SRR19152333	B+P_55-2	55	2	10647	10578	-69	terminal_last_100nt	3865	386.912216275	data/processed/p6_rnaseq/runs/SRR19152333/locus_coverage.tsv.gz
SRR19152333	B+P_55-2	55	2	10647	10579	-68	terminal_last_100nt	3862	386.611896314	data/processed/p6_rnaseq/runs/SRR19152333/locus_coverage.tsv.gz
SRR19152333	B+P_55-2	55	2	10647	10580	-67	terminal_last_100nt	3862	386.611896314	data/processed/p6_rnaseq/runs/SRR19152333/locus_coverage.tsv.gz
SRR19152333	B+P_55-2	55	2	10647	10581	-66	terminal_last_100nt	3854	385.811043085	data/processed/p6_rnaseq/runs/SRR19152333/locus_coverage.tsv.gz
SRR19152333	B+P_55-2	55	2	10647	10582	-65	terminal_last_100nt	3855	385.911149739	data/processed/p6_rnaseq/runs/SRR19152333/locus_coverage.tsv.gz
SRR19152333	B+P_55-2	55	2	10647	10583	-64	terminal_last_100nt	3849	385.310509817	data/processed/p6_rnaseq/runs/SRR19152333/locus_coverage.tsv.gz
SRR19152333	B+P_55-2	55	2	10647	10584	-63	terminal_last_100nt	3845	384.910083203	data/processed/p6_rnaseq/runs/SRR19152333/locus_coverage.tsv.gz
SRR19152333	B+P_55-2	55	2	10647	10585	-62	terminal_last_100nt	3847	385.11029651	data/processed/p6_rnaseq/runs/SRR19152333/locus_coverage.tsv.gz
SRR19152333	B+P_55-2	55	2	10647	10586	-61	terminal_last_100nt	3847	385.11029651	data/processed/p6_rnaseq/runs/SRR19152333/locus_coverage.tsv.gz
SRR19152333	B+P_55-2	55	2	10647	10587	-60	terminal_last_100nt	3847	385.11029651	data/processed/p6_rnaseq/runs/SRR19152333/locus_coverage.tsv.gz
SRR19152333	B+P_55-2	55	2	10647	10588	-59	terminal_last_100nt	3848	385.210403164	data/processed/p6_rnaseq/runs/SRR19152333/locus_coverage.tsv.gz
SRR19152333	B+P_55-2	55	2	10647	10589	-58	terminal_last_100nt	3849	385.310509817	data/processed/p6_rnaseq/runs/SRR19152333/locus_coverage.tsv.gz
SRR19152333	B+P_55-2	55	2	10647	10590	-57	terminal_last_100nt	3849	385.310509817	data/processed/p6_rnaseq/runs/SRR19152333/locus_coverage.tsv.gz
SRR19152333	B+P_55-2	55	2	10647	10591	-56	terminal_last_100nt	3851	385.510723124	data/processed/p6_rnaseq/runs/SRR19152333/locus_coverage.tsv.gz
SRR19152333	B+P_55-2	55	2	10647	10592	-55	terminal_last_100nt	3851	385.510723124	data/processed/p6_rnaseq/runs/SRR19152333/locus_coverage.tsv.gz
SRR19152333	B+P_55-2	55	2	10647	10593	-54	terminal_last_100nt	3851	385.510723124	data/processed/p6_rnaseq/runs/SRR19152333/locus_coverage.tsv.gz
SRR19152333	B+P_55-2	55	2	10647	10594	-53	terminal_last_100nt	3851	385.510723124	data/processed/p6_rnaseq/runs/SRR19152333/locus_coverage.tsv.gz
SRR19152333	B+P_55-2	55	2	10647	10595	-52	terminal_last_100nt	3851	385.510723124	data/processed/p6_rnaseq/runs/SRR19152333/locus_coverage.tsv.gz
SRR19152333	B+P_55-2	55	2	10647	10596	-51	terminal_last_100nt	3850	385.410616471	data/processed/p6_rnaseq/runs/SRR19152333/locus_coverage.tsv.gz
SRR19152333	B+P_55-2	55	2	10647	10597	-50	terminal_last_100nt	3851	385.510723124	data/processed/p6_rnaseq/runs/SRR19152333/locus_coverage.tsv.gz
SRR19152333	B+P_55-2	55	2	10647	10598	-49	terminal_last_100nt	3858	386.2114697	data/processed/p6_rnaseq/runs/SRR19152333/locus_coverage.tsv.gz
SRR19152333	B+P_55-2	55	2	10647	10599	-48	terminal_last_100nt	3858	386.2114697	data/processed/p6_rnaseq/runs/SRR19152333/locus_coverage.tsv.gz
SRR19152333	B+P_55-2	55	2	10647	10600	-47	terminal_last_100nt	3869	387.31264289	data/processed/p6_rnaseq/runs/SRR19152333/locus_coverage.tsv.gz
SRR19152333	B+P_55-2	55	2	10647	10601	-46	terminal_last_100nt	3900	390.415949152	data/processed/p6_rnaseq/runs/SRR19152333/locus_coverage.tsv.gz
SRR19152333	B+P_55-2	55	2	10647	10602	-45	terminal_last_100nt	3900	390.415949152	data/processed/p6_rnaseq/runs/SRR19152333/locus_coverage.tsv.gz
SRR19152333	B+P_55-2	55	2	10647	10603	-44	terminal_last_100nt	3903	390.716269113	data/processed/p6_rnaseq/runs/SRR19152333/locus_coverage.tsv.gz
SRR19152333	B+P_55-2	55	2	10647	10604	-43	terminal_last_100nt	3903	390.716269113	data/processed/p6_rnaseq/runs/SRR19152333/locus_coverage.tsv.gz
SRR19152333	B+P_55-2	55	2	10647	10605	-42	terminal_last_100nt	3906	391.016589074	data/processed/p6_rnaseq/runs/SRR19152333/locus_coverage.tsv.gz
SRR19152333	B+P_55-2	55	2	10647	10606	-41	terminal_last_100nt	3908	391.216802381	data/processed/p6_rnaseq/runs/SRR19152333/locus_coverage.tsv.gz
SRR19152333	B+P_55-2	55	2	10647	10607	-40	terminal_last_100nt	3915	391.917548957	data/processed/p6_rnaseq/runs/SRR19152333/locus_coverage.tsv.gz
SRR19152333	B+P_55-2	55	2	10647	10608	-39	terminal_last_100nt	3917	392.117762264	data/processed/p6_rnaseq/runs/SRR19152333/locus_coverage.tsv.gz
SRR19152333	B+P_55-2	55	2	10647	10609	-38	terminal_last_100nt	3917	392.117762264	data/processed/p6_rnaseq/runs/SRR19152333/locus_coverage.tsv.gz
SRR19152333	B+P_55-2	55	2	10647	10610	-37	terminal_last_100nt	3919	392.317975571	data/processed/p6_rnaseq/runs/SRR19152333/locus_coverage.tsv.gz
SRR19152333	B+P_55-2	55	2	10647	10611	-36	terminal_last_100nt	3922	392.618295532	data/processed/p6_rnaseq/runs/SRR19152333/locus_coverage.tsv.gz
SRR19152333	B+P_55-2	55	2	10647	10612	-35	terminal_last_100nt	3927	393.1188288	data/processed/p6_rnaseq/runs/SRR19152333/locus_coverage.tsv.gz
SRR19152333	B+P_55-2	55	2	10647	10613	-34	terminal_last_100nt	3927	393.1188288	data/processed/p6_rnaseq/runs/SRR19152333/locus_coverage.tsv.gz
SRR19152333	B+P_55-2	55	2	10647	10614	-33	terminal_last_100nt	3927	393.1188288	data/processed/p6_rnaseq/runs/SRR19152333/locus_coverage.tsv.gz
SRR19152333	B+P_55-2	55	2	10647	10615	-32	terminal_last_100nt	3929	393.319042107	data/processed/p6_rnaseq/runs/SRR19152333/locus_coverage.tsv.gz
SRR19152333	B+P_55-2	55	2	10647	10616	-31	terminal_last_100nt	3926	393.018722147	data/processed/p6_rnaseq/runs/SRR19152333/locus_coverage.tsv.gz
SRR19152333	B+P_55-2	55	2	10647	10617	-30	terminal_last_100nt	3931	393.519255415	data/processed/p6_rnaseq/runs/SRR19152333/locus_coverage.tsv.gz
SRR19152333	B+P_55-2	55	2	10647	10618	-29	terminal_last_100nt	3932	393.619362068	data/processed/p6_rnaseq/runs/SRR19152333/locus_coverage.tsv.gz
SRR19152333	B+P_55-2	55	2	10647	10619	-28	terminal_last_100nt	3925	392.918615493	data/processed/p6_rnaseq/runs/SRR19152333/locus_coverage.tsv.gz
SRR19152333	B+P_55-2	55	2	10647	10620	-27	terminal_last_100nt	3915	391.917548957	data/processed/p6_rnaseq/runs/SRR19152333/locus_coverage.tsv.gz
SRR19152333	B+P_55-2	55	2	10647	10621	-26	terminal_last_100nt	3915	391.917548957	data/processed/p6_rnaseq/runs/SRR19152333/locus_coverage.tsv.gz
SRR19152333	B+P_55-2	55	2	10647	10622	-25	terminal_last_100nt	3910	391.417015689	data/processed/p6_rnaseq/runs/SRR19152333/locus_coverage.tsv.gz
SRR19152333	B+P_55-2	55	2	10647	10623	-24	terminal_last_100nt	3900	390.415949152	data/processed/p6_rnaseq/runs/SRR19152333/locus_coverage.tsv.gz
SRR19152333	B+P_55-2	55	2	10647	10624	-23	terminal_last_100nt	3827	383.108163437	data/processed/p6_rnaseq/runs/SRR19152333/locus_coverage.tsv.gz
SRR19152333	B+P_55-2	55	2	10647	10625	-22	terminal_last_100nt	3821	382.507523516	data/processed/p6_rnaseq/runs/SRR19152333/locus_coverage.tsv.gz
SRR19152333	B+P_55-2	55	2	10647	10626	-21	terminal_last_100nt	3811	381.506456979	data/processed/p6_rnaseq/runs/SRR19152333/locus_coverage.tsv.gz
SRR19152333	B+P_55-2	55	2	10647	10627	-20	terminal_last_100nt	3809	381.306243672	data/processed/p6_rnaseq/runs/SRR19152333/locus_coverage.tsv.gz
SRR19152333	B+P_55-2	55	2	10647	10628	-19	terminal_last_100nt	3791	379.504323907	data/processed/p6_rnaseq/runs/SRR19152333/locus_coverage.tsv.gz
SRR19152333	B+P_55-2	55	2	10647	10629	-18	terminal_last_100nt	3784	378.803577331	data/processed/p6_rnaseq/runs/SRR19152333/locus_coverage.tsv.gz
SRR19152333	B+P_55-2	55	2	10647	10630	-17	terminal_last_100nt	3567	357.080433494	data/processed/p6_rnaseq/runs/SRR19152333/locus_coverage.tsv.gz
SRR19152333	B+P_55-2	55	2	10647	10631	-16	terminal_last_100nt	3465	346.869554824	data/processed/p6_rnaseq/runs/SRR19152333/locus_coverage.tsv.gz
SRR19152333	B+P_55-2	55	2	10647	10632	-15	terminal_last_100nt	3342	334.556436427	data/processed/p6_rnaseq/runs/SRR19152333/locus_coverage.tsv.gz
SRR19152333	B+P_55-2	55	2	10647	10633	-14	terminal_last_100nt	2685	268.786364993	data/processed/p6_rnaseq/runs/SRR19152333/locus_coverage.tsv.gz
SRR19152333	B+P_55-2	55	2	10647	10634	-13	terminal_last_100nt	2523	252.569087105	data/processed/p6_rnaseq/runs/SRR19152333/locus_coverage.tsv.gz
SRR19152333	B+P_55-2	55	2	10647	10635	-12	terminal_last_100nt	1119	112.019345411	data/processed/p6_rnaseq/runs/SRR19152333/locus_coverage.tsv.gz
SRR19152333	B+P_55-2	55	2	10647	10636	-11	terminal_last_100nt	999	100.006546975	data/processed/p6_rnaseq/runs/SRR19152333/locus_coverage.tsv.gz
SRR19152333	B+P_55-2	55	2	10647	10637	-10	terminal_last_100nt	1036	103.710493159	data/processed/p6_rnaseq/runs/SRR19152333/locus_coverage.tsv.gz
SRR19152333	B+P_55-2	55	2	10647	10638	-9	terminal_last_100nt	1049	105.011879657	data/processed/p6_rnaseq/runs/SRR19152333/locus_coverage.tsv.gz
SRR19152333	B+P_55-2	55	2	10647	10639	-8	terminal_last_100nt	1088	108.916039148	data/processed/p6_rnaseq/runs/SRR19152333/locus_coverage.tsv.gz
SRR19152333	B+P_55-2	55	2	10647	10640	-7	terminal_last_100nt	1093	109.416572416	data/processed/p6_rnaseq/runs/SRR19152333/locus_coverage.tsv.gz
SRR19152333	B+P_55-2	55	2	10647	10641	-6	terminal_last_100nt	1094	109.51667907	data/processed/p6_rnaseq/runs/SRR19152333/locus_coverage.tsv.gz
SRR19152333	B+P_55-2	55	2	10647	10642	-5	terminal_last_100nt	1110	111.118385528	data/processed/p6_rnaseq/runs/SRR19152333/locus_coverage.tsv.gz
SRR19152333	B+P_55-2	55	2	10647	10643	-4	terminal_last_100nt	1100	110.117318992	data/processed/p6_rnaseq/runs/SRR19152333/locus_coverage.tsv.gz
SRR19152333	B+P_55-2	55	2	10647	10644	-3	terminal_last_100nt	1116	111.71902545	data/processed/p6_rnaseq/runs/SRR19152333/locus_coverage.tsv.gz
SRR19152333	B+P_55-2	55	2	10647	10645	-2	terminal_last_100nt	1121	112.219558718	data/processed/p6_rnaseq/runs/SRR19152333/locus_coverage.tsv.gz
SRR19152333	B+P_55-2	55	2	10647	10646	-1	terminal_last_100nt	1102	110.317532299	data/processed/p6_rnaseq/runs/SRR19152333/locus_coverage.tsv.gz
SRR19152333	B+P_55-2	55	2	10647	10647	0	RT_first_100nt	1102	110.317532299	data/processed/p6_rnaseq/runs/SRR19152333/locus_coverage.tsv.gz
SRR19152333	B+P_55-2	55	2	10647	10648	1	RT_first_100nt	1103	110.417638953	data/processed/p6_rnaseq/runs/SRR19152333/locus_coverage.tsv.gz
SRR19152333	B+P_55-2	55	2	10647	10649	2	RT_first_100nt	1121	112.219558718	data/processed/p6_rnaseq/runs/SRR19152333/locus_coverage.tsv.gz
SRR19152333	B+P_55-2	55	2	10647	10650	3	RT_first_100nt	1140	114.121585137	data/processed/p6_rnaseq/runs/SRR19152333/locus_coverage.tsv.gz
SRR19152333	B+P_55-2	55	2	10647	10651	4	RT_first_100nt	1145	114.622118405	data/processed/p6_rnaseq/runs/SRR19152333/locus_coverage.tsv.gz
SRR19152333	B+P_55-2	55	2	10647	10652	5	RT_first_100nt	1145	114.622118405	data/processed/p6_rnaseq/runs/SRR19152333/locus_coverage.tsv.gz
SRR19152333	B+P_55-2	55	2	10647	10653	6	RT_first_100nt	1147	114.822331712	data/processed/p6_rnaseq/runs/SRR19152333/locus_coverage.tsv.gz
SRR19152333	B+P_55-2	55	2	10647	10654	7	RT_first_100nt	1150	115.122651673	data/processed/p6_rnaseq/runs/SRR19152333/locus_coverage.tsv.gz
SRR19152333	B+P_55-2	55	2	10647	10655	8	RT_first_100nt	1159	116.023611556	data/processed/p6_rnaseq/runs/SRR19152333/locus_coverage.tsv.gz
SRR19152333	B+P_55-2	55	2	10647	10656	9	RT_first_100nt	1159	116.023611556	data/processed/p6_rnaseq/runs/SRR19152333/locus_coverage.tsv.gz
SRR19152333	B+P_55-2	55	2	10647	10657	10	RT_first_100nt	1159	116.023611556	data/processed/p6_rnaseq/runs/SRR19152333/locus_coverage.tsv.gz
SRR19152333	B+P_55-2	55	2	10647	10658	11	RT_first_100nt	1164	116.524144824	data/processed/p6_rnaseq/runs/SRR19152333/locus_coverage.tsv.gz
SRR19152333	B+P_55-2	55	2	10647	10659	12	RT_first_100nt	1165	116.624251478	data/processed/p6_rnaseq/runs/SRR19152333/locus_coverage.tsv.gz
SRR19152333	B+P_55-2	55	2	10647	10660	13	RT_first_100nt	1165	116.624251478	data/processed/p6_rnaseq/runs/SRR19152333/locus_coverage.tsv.gz
SRR19152333	B+P_55-2	55	2	10647	10661	14	RT_first_100nt	1168	116.924571438	data/processed/p6_rnaseq/runs/SRR19152333/locus_coverage.tsv.gz
SRR19152333	B+P_55-2	55	2	10647	10662	15	RT_first_100nt	1175	117.625318014	data/processed/p6_rnaseq/runs/SRR19152333/locus_coverage.tsv.gz
SRR19152333	B+P_55-2	55	2	10647	10663	16	RT_first_100nt	1192	119.327131126	data/processed/p6_rnaseq/runs/SRR19152333/locus_coverage.tsv.gz
SRR19152333	B+P_55-2	55	2	10647	10664	17	RT_first_100nt	1195	119.627451086	data/processed/p6_rnaseq/runs/SRR19152333/locus_coverage.tsv.gz
SRR19152333	B+P_55-2	55	2	10647	10665	18	RT_first_100nt	1208	120.928837584	data/processed/p6_rnaseq/runs/SRR19152333/locus_coverage.tsv.gz
SRR19152333	B+P_55-2	55	2	10647	10666	19	RT_first_100nt	1213	121.429370852	data/processed/p6_rnaseq/runs/SRR19152333/locus_coverage.tsv.gz
SRR19152333	B+P_55-2	55	2	10647	10667	20	RT_first_100nt	1248	124.933103729	data/processed/p6_rnaseq/runs/SRR19152333/locus_coverage.tsv.gz
SRR19152333	B+P_55-2	55	2	10647	10668	21	RT_first_100nt	1266	126.735023494	data/processed/p6_rnaseq/runs/SRR19152333/locus_coverage.tsv.gz
SRR19152333	B+P_55-2	55	2	10647	10669	22	RT_first_100nt	1273	127.435770069	data/processed/p6_rnaseq/runs/SRR19152333/locus_coverage.tsv.gz
SRR19152333	B+P_55-2	55	2	10647	10670	23	RT_first_100nt	1288	128.937369874	data/processed/p6_rnaseq/runs/SRR19152333/locus_coverage.tsv.gz
SRR19152333	B+P_55-2	55	2	10647	10671	24	RT_first_100nt	1287	128.83726322	data/processed/p6_rnaseq/runs/SRR19152333/locus_coverage.tsv.gz
SRR19152333	B+P_55-2	55	2	10647	10672	25	RT_first_100nt	1306	130.739289639	data/processed/p6_rnaseq/runs/SRR19152333/locus_coverage.tsv.gz
SRR19152333	B+P_55-2	55	2	10647	10673	26	RT_first_100nt	1334	133.542275941	data/processed/p6_rnaseq/runs/SRR19152333/locus_coverage.tsv.gz
SRR19152333	B+P_55-2	55	2	10647	10674	27	RT_first_100nt	1361	136.245155589	data/processed/p6_rnaseq/runs/SRR19152333/locus_coverage.tsv.gz
SRR19152333	B+P_55-2	55	2	10647	10675	28	RT_first_100nt	1375	137.64664874	data/processed/p6_rnaseq/runs/SRR19152333/locus_coverage.tsv.gz
SRR19152333	B+P_55-2	55	2	10647	10676	29	RT_first_100nt	1379	138.047075354	data/processed/p6_rnaseq/runs/SRR19152333/locus_coverage.tsv.gz
SRR19152333	B+P_55-2	55	2	10647	10677	30	RT_first_100nt	1386	138.747821929	data/processed/p6_rnaseq/runs/SRR19152333/locus_coverage.tsv.gz
SRR19152333	B+P_55-2	55	2	10647	10678	31	RT_first_100nt	1391	139.248355198	data/processed/p6_rnaseq/runs/SRR19152333/locus_coverage.tsv.gz
SRR19152333	B+P_55-2	55	2	10647	10679	32	RT_first_100nt	1389	139.04814189	data/processed/p6_rnaseq/runs/SRR19152333/locus_coverage.tsv.gz
SRR19152333	B+P_55-2	55	2	10647	10680	33	RT_first_100nt	1377	137.846862047	data/processed/p6_rnaseq/runs/SRR19152333/locus_coverage.tsv.gz
SRR19152333	B+P_55-2	55	2	10647	10681	34	RT_first_100nt	1364	136.54547555	data/processed/p6_rnaseq/runs/SRR19152333/locus_coverage.tsv.gz
SRR19152333	B+P_55-2	55	2	10647	10682	35	RT_first_100nt	1354	135.544409013	data/processed/p6_rnaseq/runs/SRR19152333/locus_coverage.tsv.gz
SRR19152333	B+P_55-2	55	2	10647	10683	36	RT_first_100nt	1338	133.942702555	data/processed/p6_rnaseq/runs/SRR19152333/locus_coverage.tsv.gz
SRR19152333	B+P_55-2	55	2	10647	10684	37	RT_first_100nt	1331	133.24195598	data/processed/p6_rnaseq/runs/SRR19152333/locus_coverage.tsv.gz
SRR19152333	B+P_55-2	55	2	10647	10685	38	RT_first_100nt	1284	128.536943259	data/processed/p6_rnaseq/runs/SRR19152333/locus_coverage.tsv.gz
SRR19152333	B+P_55-2	55	2	10647	10686	39	RT_first_100nt	1268	126.935236801	data/processed/p6_rnaseq/runs/SRR19152333/locus_coverage.tsv.gz
SRR19152333	B+P_55-2	55	2	10647	10687	40	RT_first_100nt	1287	128.83726322	data/processed/p6_rnaseq/runs/SRR19152333/locus_coverage.tsv.gz
SRR19152333	B+P_55-2	55	2	10647	10688	41	RT_first_100nt	1289	129.037476527	data/processed/p6_rnaseq/runs/SRR19152333/locus_coverage.tsv.gz
SRR19152333	B+P_55-2	55	2	10647	10689	42	RT_first_100nt	1275	127.635983377	data/processed/p6_rnaseq/runs/SRR19152333/locus_coverage.tsv.gz
SRR19152333	B+P_55-2	55	2	10647	10690	43	RT_first_100nt	1107	110.818065567	data/processed/p6_rnaseq/runs/SRR19152333/locus_coverage.tsv.gz
SRR19152333	B+P_55-2	55	2	10647	10691	44	RT_first_100nt	1119	112.019345411	data/processed/p6_rnaseq/runs/SRR19152333/locus_coverage.tsv.gz
SRR19152333	B+P_55-2	55	2	10647	10692	45	RT_first_100nt	1122	112.319665371	data/processed/p6_rnaseq/runs/SRR19152333/locus_coverage.tsv.gz
SRR19152333	B+P_55-2	55	2	10647	10693	46	RT_first_100nt	1138	113.92137183	data/processed/p6_rnaseq/runs/SRR19152333/locus_coverage.tsv.gz
SRR19152333	B+P_55-2	55	2	10647	10694	47	RT_first_100nt	1140	114.121585137	data/processed/p6_rnaseq/runs/SRR19152333/locus_coverage.tsv.gz
SRR19152333	B+P_55-2	55	2	10647	10695	48	RT_first_100nt	1156	115.723291595	data/processed/p6_rnaseq/runs/SRR19152333/locus_coverage.tsv.gz
SRR19152333	B+P_55-2	55	2	10647	10696	49	RT_first_100nt	1166	116.724358131	data/processed/p6_rnaseq/runs/SRR19152333/locus_coverage.tsv.gz
SRR19152333	B+P_55-2	55	2	10647	10697	50	RT_first_100nt	1183	118.426171243	data/processed/p6_rnaseq/runs/SRR19152333/locus_coverage.tsv.gz
SRR19152333	B+P_55-2	55	2	10647	10698	51	RT_first_100nt	1175	117.625318014	data/processed/p6_rnaseq/runs/SRR19152333/locus_coverage.tsv.gz
SRR19152333	B+P_55-2	55	2	10647	10699	52	RT_first_100nt	1185	118.62638455	data/processed/p6_rnaseq/runs/SRR19152333/locus_coverage.tsv.gz
SRR19152333	B+P_55-2	55	2	10647	10700	53	RT_first_100nt	1191	119.227024472	data/processed/p6_rnaseq/runs/SRR19152333/locus_coverage.tsv.gz
SRR19152333	B+P_55-2	55	2	10647	10701	54	RT_first_100nt	1195	119.627451086	data/processed/p6_rnaseq/runs/SRR19152333/locus_coverage.tsv.gz
SRR19152333	B+P_55-2	55	2	10647	10702	55	RT_first_100nt	1194	119.527344433	data/processed/p6_rnaseq/runs/SRR19152333/locus_coverage.tsv.gz
SRR19152333	B+P_55-2	55	2	10647	10703	56	RT_first_100nt	1247	124.832997075	data/processed/p6_rnaseq/runs/SRR19152333/locus_coverage.tsv.gz
SRR19152333	B+P_55-2	55	2	10647	10704	57	RT_first_100nt	1249	125.033210382	data/processed/p6_rnaseq/runs/SRR19152333/locus_coverage.tsv.gz
SRR19152333	B+P_55-2	55	2	10647	10705	58	RT_first_100nt	1247	124.832997075	data/processed/p6_rnaseq/runs/SRR19152333/locus_coverage.tsv.gz
SRR19152333	B+P_55-2	55	2	10647	10706	59	RT_first_100nt	1248	124.933103729	data/processed/p6_rnaseq/runs/SRR19152333/locus_coverage.tsv.gz
SRR19152333	B+P_55-2	55	2	10647	10707	60	RT_first_100nt	1251	125.23342369	data/processed/p6_rnaseq/runs/SRR19152333/locus_coverage.tsv.gz
SRR19152333	B+P_55-2	55	2	10647	10708	61	RT_first_100nt	1256	125.733956958	data/processed/p6_rnaseq/runs/SRR19152333/locus_coverage.tsv.gz
SRR19152333	B+P_55-2	55	2	10647	10709	62	RT_first_100nt	1257	125.834063611	data/processed/p6_rnaseq/runs/SRR19152333/locus_coverage.tsv.gz
SRR19152333	B+P_55-2	55	2	10647	10710	63	RT_first_100nt	1261	126.234490226	data/processed/p6_rnaseq/runs/SRR19152333/locus_coverage.tsv.gz
SRR19152333	B+P_55-2	55	2	10647	10711	64	RT_first_100nt	1263	126.434703533	data/processed/p6_rnaseq/runs/SRR19152333/locus_coverage.tsv.gz
SRR19152333	B+P_55-2	55	2	10647	10712	65	RT_first_100nt	1268	126.935236801	data/processed/p6_rnaseq/runs/SRR19152333/locus_coverage.tsv.gz
SRR19152333	B+P_55-2	55	2	10647	10713	66	RT_first_100nt	1269	127.035343455	data/processed/p6_rnaseq/runs/SRR19152333/locus_coverage.tsv.gz
SRR19152333	B+P_55-2	55	2	10647	10714	67	RT_first_100nt	1269	127.035343455	data/processed/p6_rnaseq/runs/SRR19152333/locus_coverage.tsv.gz
SRR19152333	B+P_55-2	55	2	10647	10715	68	RT_first_100nt	1275	127.635983377	data/processed/p6_rnaseq/runs/SRR19152333/locus_coverage.tsv.gz
SRR19152333	B+P_55-2	55	2	10647	10716	69	RT_first_100nt	1287	128.83726322	data/processed/p6_rnaseq/runs/SRR19152333/locus_coverage.tsv.gz
SRR19152333	B+P_55-2	55	2	10647	10717	70	RT_first_100nt	1288	128.937369874	data/processed/p6_rnaseq/runs/SRR19152333/locus_coverage.tsv.gz
SRR19152333	B+P_55-2	55	2	10647	10718	71	RT_first_100nt	1290	129.137583181	data/processed/p6_rnaseq/runs/SRR19152333/locus_coverage.tsv.gz
SRR19152333	B+P_55-2	55	2	10647	10719	72	RT_first_100nt	1294	129.538009796	data/processed/p6_rnaseq/runs/SRR19152333/locus_coverage.tsv.gz
SRR19152333	B+P_55-2	55	2	10647	10720	73	RT_first_100nt	1304	130.539076332	data/processed/p6_rnaseq/runs/SRR19152333/locus_coverage.tsv.gz
SRR19152333	B+P_55-2	55	2	10647	10721	74	RT_first_100nt	1308	130.939502946	data/processed/p6_rnaseq/runs/SRR19152333/locus_coverage.tsv.gz
SRR19152333	B+P_55-2	55	2	10647	10722	75	RT_first_100nt	1308	130.939502946	data/processed/p6_rnaseq/runs/SRR19152333/locus_coverage.tsv.gz
SRR19152333	B+P_55-2	55	2	10647	10723	76	RT_first_100nt	1337	133.842595902	data/processed/p6_rnaseq/runs/SRR19152333/locus_coverage.tsv.gz
SRR19152333	B+P_55-2	55	2	10647	10724	77	RT_first_100nt	1337	133.842595902	data/processed/p6_rnaseq/runs/SRR19152333/locus_coverage.tsv.gz
SRR19152333	B+P_55-2	55	2	10647	10725	78	RT_first_100nt	1344	134.543342477	data/processed/p6_rnaseq/runs/SRR19152333/locus_coverage.tsv.gz
SRR19152333	B+P_55-2	55	2	10647	10726	79	RT_first_100nt	1350	135.143982399	data/processed/p6_rnaseq/runs/SRR19152333/locus_coverage.tsv.gz
SRR19152333	B+P_55-2	55	2	10647	10727	80	RT_first_100nt	1364	136.54547555	data/processed/p6_rnaseq/runs/SRR19152333/locus_coverage.tsv.gz
SRR19152333	B+P_55-2	55	2	10647	10728	81	RT_first_100nt	1364	136.54547555	data/processed/p6_rnaseq/runs/SRR19152333/locus_coverage.tsv.gz
SRR19152333	B+P_55-2	55	2	10647	10729	82	RT_first_100nt	1368	136.945902164	data/processed/p6_rnaseq/runs/SRR19152333/locus_coverage.tsv.gz
SRR19152333	B+P_55-2	55	2	10647	10730	83	RT_first_100nt	1392	139.348461851	data/processed/p6_rnaseq/runs/SRR19152333/locus_coverage.tsv.gz
SRR19152333	B+P_55-2	55	2	10647	10731	84	RT_first_100nt	1415	141.650914885	data/processed/p6_rnaseq/runs/SRR19152333/locus_coverage.tsv.gz
SRR19152333	B+P_55-2	55	2	10647	10732	85	RT_first_100nt	1426	142.752088075	data/processed/p6_rnaseq/runs/SRR19152333/locus_coverage.tsv.gz
SRR19152333	B+P_55-2	55	2	10647	10733	86	RT_first_100nt	1428	142.952301382	data/processed/p6_rnaseq/runs/SRR19152333/locus_coverage.tsv.gz
SRR19152333	B+P_55-2	55	2	10647	10734	87	RT_first_100nt	1432	143.352727996	data/processed/p6_rnaseq/runs/SRR19152333/locus_coverage.tsv.gz
SRR19152333	B+P_55-2	55	2	10647	10735	88	RT_first_100nt	1432	143.352727996	data/processed/p6_rnaseq/runs/SRR19152333/locus_coverage.tsv.gz
SRR19152333	B+P_55-2	55	2	10647	10736	89	RT_first_100nt	1439	144.053474572	data/processed/p6_rnaseq/runs/SRR19152333/locus_coverage.tsv.gz
SRR19152333	B+P_55-2	55	2	10647	10737	90	RT_first_100nt	1439	144.053474572	data/processed/p6_rnaseq/runs/SRR19152333/locus_coverage.tsv.gz
SRR19152333	B+P_55-2	55	2	10647	10738	91	RT_first_100nt	1442	144.353794533	data/processed/p6_rnaseq/runs/SRR19152333/locus_coverage.tsv.gz
SRR19152333	B+P_55-2	55	2	10647	10739	92	RT_first_100nt	1443	144.453901186	data/processed/p6_rnaseq/runs/SRR19152333/locus_coverage.tsv.gz
SRR19152333	B+P_55-2	55	2	10647	10740	93	RT_first_100nt	1445	144.654114494	data/processed/p6_rnaseq/runs/SRR19152333/locus_coverage.tsv.gz
SRR19152333	B+P_55-2	55	2	10647	10741	94	RT_first_100nt	1445	144.654114494	data/processed/p6_rnaseq/runs/SRR19152333/locus_coverage.tsv.gz
SRR19152333	B+P_55-2	55	2	10647	10742	95	RT_first_100nt	1446	144.754221147	data/processed/p6_rnaseq/runs/SRR19152333/locus_coverage.tsv.gz
SRR19152333	B+P_55-2	55	2	10647	10743	96	RT_first_100nt	1447	144.854327801	data/processed/p6_rnaseq/runs/SRR19152333/locus_coverage.tsv.gz
SRR19152333	B+P_55-2	55	2	10647	10744	97	RT_first_100nt	1449	145.054541108	data/processed/p6_rnaseq/runs/SRR19152333/locus_coverage.tsv.gz
SRR19152333	B+P_55-2	55	2	10647	10745	98	RT_first_100nt	1449	145.054541108	data/processed/p6_rnaseq/runs/SRR19152333/locus_coverage.tsv.gz
SRR19152333	B+P_55-2	55	2	10647	10746	99	RT_first_100nt	1453	145.454967723	data/processed/p6_rnaseq/runs/SRR19152333/locus_coverage.tsv.gz
SRR19152332	B+P_55-3	55	3	10647	10547	-100	terminal_last_100nt	47426	5244.861581704	data/processed/p6_rnaseq/runs/SRR19152332/locus_coverage.tsv.gz
SRR19152332	B+P_55-3	55	3	10647	10548	-99	terminal_last_100nt	47409	5242.981544448	data/processed/p6_rnaseq/runs/SRR19152332/locus_coverage.tsv.gz
SRR19152332	B+P_55-3	55	3	10647	10549	-98	terminal_last_100nt	47395	5241.433278473	data/processed/p6_rnaseq/runs/SRR19152332/locus_coverage.tsv.gz
SRR19152332	B+P_55-3	55	3	10647	10550	-97	terminal_last_100nt	47386	5240.437964632	data/processed/p6_rnaseq/runs/SRR19152332/locus_coverage.tsv.gz
SRR19152332	B+P_55-3	55	3	10647	10551	-96	terminal_last_100nt	47328	5234.023719877	data/processed/p6_rnaseq/runs/SRR19152332/locus_coverage.tsv.gz
SRR19152332	B+P_55-3	55	3	10647	10552	-95	terminal_last_100nt	47324	5233.58135817	data/processed/p6_rnaseq/runs/SRR19152332/locus_coverage.tsv.gz
SRR19152332	B+P_55-3	55	3	10647	10553	-94	terminal_last_100nt	47278	5228.494198537	data/processed/p6_rnaseq/runs/SRR19152332/locus_coverage.tsv.gz
SRR19152332	B+P_55-3	55	3	10647	10554	-93	terminal_last_100nt	47276	5228.273017683	data/processed/p6_rnaseq/runs/SRR19152332/locus_coverage.tsv.gz
SRR19152332	B+P_55-3	55	3	10647	10555	-92	terminal_last_100nt	46458	5137.810048556	data/processed/p6_rnaseq/runs/SRR19152332/locus_coverage.tsv.gz
SRR19152332	B+P_55-3	55	3	10647	10556	-91	terminal_last_100nt	46210	5110.383622708	data/processed/p6_rnaseq/runs/SRR19152332/locus_coverage.tsv.gz
SRR19152332	B+P_55-3	55	3	10647	10557	-90	terminal_last_100nt	46102	5098.439856613	data/processed/p6_rnaseq/runs/SRR19152332/locus_coverage.tsv.gz
SRR19152332	B+P_55-3	55	3	10647	10558	-89	terminal_last_100nt	45213	5000.124967182	data/processed/p6_rnaseq/runs/SRR19152332/locus_coverage.tsv.gz
SRR19152332	B+P_55-3	55	3	10647	10559	-88	terminal_last_100nt	38965	4309.155980498	data/processed/p6_rnaseq/runs/SRR19152332/locus_coverage.tsv.gz
SRR19152332	B+P_55-3	55	3	10647	10560	-87	terminal_last_100nt	36908	4081.671472558	data/processed/p6_rnaseq/runs/SRR19152332/locus_coverage.tsv.gz
SRR19152332	B+P_55-3	55	3	10647	10561	-86	terminal_last_100nt	36755	4064.751137257	data/processed/p6_rnaseq/runs/SRR19152332/locus_coverage.tsv.gz
SRR19152332	B+P_55-3	55	3	10647	10562	-85	terminal_last_100nt	30152	3334.522549056	data/processed/p6_rnaseq/runs/SRR19152332/locus_coverage.tsv.gz
SRR19152332	B+P_55-3	55	3	10647	10563	-84	terminal_last_100nt	27640	3056.719396919	data/processed/p6_rnaseq/runs/SRR19152332/locus_coverage.tsv.gz
SRR19152332	B+P_55-3	55	3	10647	10564	-83	terminal_last_100nt	20626	2281.038143302	data/processed/p6_rnaseq/runs/SRR19152332/locus_coverage.tsv.gz
SRR19152332	B+P_55-3	55	3	10647	10565	-82	terminal_last_100nt	18202	2012.966948724	data/processed/p6_rnaseq/runs/SRR19152332/locus_coverage.tsv.gz
SRR19152332	B+P_55-3	55	3	10647	10566	-81	terminal_last_100nt	5008	553.836857445	data/processed/p6_rnaseq/runs/SRR19152332/locus_coverage.tsv.gz
SRR19152332	B+P_55-3	55	3	10647	10567	-80	terminal_last_100nt	4099	453.310159478	data/processed/p6_rnaseq/runs/SRR19152332/locus_coverage.tsv.gz
SRR19152332	B+P_55-3	55	3	10647	10568	-79	terminal_last_100nt	4021	444.684106187	data/processed/p6_rnaseq/runs/SRR19152332/locus_coverage.tsv.gz
SRR19152332	B+P_55-3	55	3	10647	10569	-78	terminal_last_100nt	3980	440.149898688	data/processed/p6_rnaseq/runs/SRR19152332/locus_coverage.tsv.gz
SRR19152332	B+P_55-3	55	3	10647	10570	-77	terminal_last_100nt	3917	433.182701799	data/processed/p6_rnaseq/runs/SRR19152332/locus_coverage.tsv.gz
SRR19152332	B+P_55-3	55	3	10647	10571	-76	terminal_last_100nt	3907	432.076797531	data/processed/p6_rnaseq/runs/SRR19152332/locus_coverage.tsv.gz
SRR19152332	B+P_55-3	55	3	10647	10572	-75	terminal_last_100nt	3906	431.966207104	data/processed/p6_rnaseq/runs/SRR19152332/locus_coverage.tsv.gz
SRR19152332	B+P_55-3	55	3	10647	10573	-74	terminal_last_100nt	3907	432.076797531	data/processed/p6_rnaseq/runs/SRR19152332/locus_coverage.tsv.gz
SRR19152332	B+P_55-3	55	3	10647	10574	-73	terminal_last_100nt	3906	431.966207104	data/processed/p6_rnaseq/runs/SRR19152332/locus_coverage.tsv.gz
SRR19152332	B+P_55-3	55	3	10647	10575	-72	terminal_last_100nt	3906	431.966207104	data/processed/p6_rnaseq/runs/SRR19152332/locus_coverage.tsv.gz
SRR19152332	B+P_55-3	55	3	10647	10576	-71	terminal_last_100nt	3900	431.302664544	data/processed/p6_rnaseq/runs/SRR19152332/locus_coverage.tsv.gz
SRR19152332	B+P_55-3	55	3	10647	10577	-70	terminal_last_100nt	3899	431.192074117	data/processed/p6_rnaseq/runs/SRR19152332/locus_coverage.tsv.gz
SRR19152332	B+P_55-3	55	3	10647	10578	-69	terminal_last_100nt	3898	431.08148369	data/processed/p6_rnaseq/runs/SRR19152332/locus_coverage.tsv.gz
SRR19152332	B+P_55-3	55	3	10647	10579	-68	terminal_last_100nt	3897	430.970893263	data/processed/p6_rnaseq/runs/SRR19152332/locus_coverage.tsv.gz
SRR19152332	B+P_55-3	55	3	10647	10580	-67	terminal_last_100nt	3895	430.74971241	data/processed/p6_rnaseq/runs/SRR19152332/locus_coverage.tsv.gz
SRR19152332	B+P_55-3	55	3	10647	10581	-66	terminal_last_100nt	3892	430.417941129	data/processed/p6_rnaseq/runs/SRR19152332/locus_coverage.tsv.gz
SRR19152332	B+P_55-3	55	3	10647	10582	-65	terminal_last_100nt	3891	430.307350702	data/processed/p6_rnaseq/runs/SRR19152332/locus_coverage.tsv.gz
SRR19152332	B+P_55-3	55	3	10647	10583	-64	terminal_last_100nt	3887	429.864988995	data/processed/p6_rnaseq/runs/SRR19152332/locus_coverage.tsv.gz
SRR19152332	B+P_55-3	55	3	10647	10584	-63	terminal_last_100nt	3883	429.422627288	data/processed/p6_rnaseq/runs/SRR19152332/locus_coverage.tsv.gz
SRR19152332	B+P_55-3	55	3	10647	10585	-62	terminal_last_100nt	3884	429.533217715	data/processed/p6_rnaseq/runs/SRR19152332/locus_coverage.tsv.gz
SRR19152332	B+P_55-3	55	3	10647	10586	-61	terminal_last_100nt	3884	429.533217715	data/processed/p6_rnaseq/runs/SRR19152332/locus_coverage.tsv.gz
SRR19152332	B+P_55-3	55	3	10647	10587	-60	terminal_last_100nt	3885	429.643808142	data/processed/p6_rnaseq/runs/SRR19152332/locus_coverage.tsv.gz
SRR19152332	B+P_55-3	55	3	10647	10588	-59	terminal_last_100nt	3885	429.643808142	data/processed/p6_rnaseq/runs/SRR19152332/locus_coverage.tsv.gz
SRR19152332	B+P_55-3	55	3	10647	10589	-58	terminal_last_100nt	3886	429.754398568	data/processed/p6_rnaseq/runs/SRR19152332/locus_coverage.tsv.gz
SRR19152332	B+P_55-3	55	3	10647	10590	-57	terminal_last_100nt	3887	429.864988995	data/processed/p6_rnaseq/runs/SRR19152332/locus_coverage.tsv.gz
SRR19152332	B+P_55-3	55	3	10647	10591	-56	terminal_last_100nt	3887	429.864988995	data/processed/p6_rnaseq/runs/SRR19152332/locus_coverage.tsv.gz
SRR19152332	B+P_55-3	55	3	10647	10592	-55	terminal_last_100nt	3887	429.864988995	data/processed/p6_rnaseq/runs/SRR19152332/locus_coverage.tsv.gz
SRR19152332	B+P_55-3	55	3	10647	10593	-54	terminal_last_100nt	3887	429.864988995	data/processed/p6_rnaseq/runs/SRR19152332/locus_coverage.tsv.gz
SRR19152332	B+P_55-3	55	3	10647	10594	-53	terminal_last_100nt	3889	430.086169849	data/processed/p6_rnaseq/runs/SRR19152332/locus_coverage.tsv.gz
SRR19152332	B+P_55-3	55	3	10647	10595	-52	terminal_last_100nt	3889	430.086169849	data/processed/p6_rnaseq/runs/SRR19152332/locus_coverage.tsv.gz
SRR19152332	B+P_55-3	55	3	10647	10596	-51	terminal_last_100nt	3889	430.086169849	data/processed/p6_rnaseq/runs/SRR19152332/locus_coverage.tsv.gz
SRR19152332	B+P_55-3	55	3	10647	10597	-50	terminal_last_100nt	3887	429.864988995	data/processed/p6_rnaseq/runs/SRR19152332/locus_coverage.tsv.gz
SRR19152332	B+P_55-3	55	3	10647	10598	-49	terminal_last_100nt	3897	430.970893263	data/processed/p6_rnaseq/runs/SRR19152332/locus_coverage.tsv.gz
SRR19152332	B+P_55-3	55	3	10647	10599	-48	terminal_last_100nt	3901	431.41325497	data/processed/p6_rnaseq/runs/SRR19152332/locus_coverage.tsv.gz
SRR19152332	B+P_55-3	55	3	10647	10600	-47	terminal_last_100nt	3910	432.408568812	data/processed/p6_rnaseq/runs/SRR19152332/locus_coverage.tsv.gz
SRR19152332	B+P_55-3	55	3	10647	10601	-46	terminal_last_100nt	3923	433.84624436	data/processed/p6_rnaseq/runs/SRR19152332/locus_coverage.tsv.gz
SRR19152332	B+P_55-3	55	3	10647	10602	-45	terminal_last_100nt	3923	433.84624436	data/processed/p6_rnaseq/runs/SRR19152332/locus_coverage.tsv.gz
SRR19152332	B+P_55-3	55	3	10647	10603	-44	terminal_last_100nt	3931	434.730967775	data/processed/p6_rnaseq/runs/SRR19152332/locus_coverage.tsv.gz
SRR19152332	B+P_55-3	55	3	10647	10604	-43	terminal_last_100nt	3927	434.288606067	data/processed/p6_rnaseq/runs/SRR19152332/locus_coverage.tsv.gz
SRR19152332	B+P_55-3	55	3	10647	10605	-42	terminal_last_100nt	3931	434.730967775	data/processed/p6_rnaseq/runs/SRR19152332/locus_coverage.tsv.gz
SRR19152332	B+P_55-3	55	3	10647	10606	-41	terminal_last_100nt	3939	435.615691189	data/processed/p6_rnaseq/runs/SRR19152332/locus_coverage.tsv.gz
SRR19152332	B+P_55-3	55	3	10647	10607	-40	terminal_last_100nt	3948	436.61100503	data/processed/p6_rnaseq/runs/SRR19152332/locus_coverage.tsv.gz
SRR19152332	B+P_55-3	55	3	10647	10608	-39	terminal_last_100nt	3948	436.61100503	data/processed/p6_rnaseq/runs/SRR19152332/locus_coverage.tsv.gz
SRR19152332	B+P_55-3	55	3	10647	10609	-38	terminal_last_100nt	3948	436.61100503	data/processed/p6_rnaseq/runs/SRR19152332/locus_coverage.tsv.gz
SRR19152332	B+P_55-3	55	3	10647	10610	-37	terminal_last_100nt	3951	436.942776311	data/processed/p6_rnaseq/runs/SRR19152332/locus_coverage.tsv.gz
SRR19152332	B+P_55-3	55	3	10647	10611	-36	terminal_last_100nt	3950	436.832185884	data/processed/p6_rnaseq/runs/SRR19152332/locus_coverage.tsv.gz
SRR19152332	B+P_55-3	55	3	10647	10612	-35	terminal_last_100nt	3950	436.832185884	data/processed/p6_rnaseq/runs/SRR19152332/locus_coverage.tsv.gz
SRR19152332	B+P_55-3	55	3	10647	10613	-34	terminal_last_100nt	3952	437.053366738	data/processed/p6_rnaseq/runs/SRR19152332/locus_coverage.tsv.gz
SRR19152332	B+P_55-3	55	3	10647	10614	-33	terminal_last_100nt	3951	436.942776311	data/processed/p6_rnaseq/runs/SRR19152332/locus_coverage.tsv.gz
SRR19152332	B+P_55-3	55	3	10647	10615	-32	terminal_last_100nt	3953	437.163957164	data/processed/p6_rnaseq/runs/SRR19152332/locus_coverage.tsv.gz
SRR19152332	B+P_55-3	55	3	10647	10616	-31	terminal_last_100nt	3953	437.163957164	data/processed/p6_rnaseq/runs/SRR19152332/locus_coverage.tsv.gz
SRR19152332	B+P_55-3	55	3	10647	10617	-30	terminal_last_100nt	3960	437.938090152	data/processed/p6_rnaseq/runs/SRR19152332/locus_coverage.tsv.gz
SRR19152332	B+P_55-3	55	3	10647	10618	-29	terminal_last_100nt	3962	438.159271006	data/processed/p6_rnaseq/runs/SRR19152332/locus_coverage.tsv.gz
SRR19152332	B+P_55-3	55	3	10647	10619	-28	terminal_last_100nt	3960	437.938090152	data/processed/p6_rnaseq/runs/SRR19152332/locus_coverage.tsv.gz
SRR19152332	B+P_55-3	55	3	10647	10620	-27	terminal_last_100nt	3959	437.827499725	data/processed/p6_rnaseq/runs/SRR19152332/locus_coverage.tsv.gz
SRR19152332	B+P_55-3	55	3	10647	10621	-26	terminal_last_100nt	3958	437.716909298	data/processed/p6_rnaseq/runs/SRR19152332/locus_coverage.tsv.gz
SRR19152332	B+P_55-3	55	3	10647	10622	-25	terminal_last_100nt	3953	437.163957164	data/processed/p6_rnaseq/runs/SRR19152332/locus_coverage.tsv.gz
SRR19152332	B+P_55-3	55	3	10647	10623	-24	terminal_last_100nt	3942	435.947462469	data/processed/p6_rnaseq/runs/SRR19152332/locus_coverage.tsv.gz
SRR19152332	B+P_55-3	55	3	10647	10624	-23	terminal_last_100nt	3880	429.090856008	data/processed/p6_rnaseq/runs/SRR19152332/locus_coverage.tsv.gz
SRR19152332	B+P_55-3	55	3	10647	10625	-22	terminal_last_100nt	3868	427.763770886	data/processed/p6_rnaseq/runs/SRR19152332/locus_coverage.tsv.gz
SRR19152332	B+P_55-3	55	3	10647	10626	-21	terminal_last_100nt	3865	427.431999605	data/processed/p6_rnaseq/runs/SRR19152332/locus_coverage.tsv.gz
SRR19152332	B+P_55-3	55	3	10647	10627	-20	terminal_last_100nt	3859	426.768457045	data/processed/p6_rnaseq/runs/SRR19152332/locus_coverage.tsv.gz
SRR19152332	B+P_55-3	55	3	10647	10628	-19	terminal_last_100nt	3831	423.671925094	data/processed/p6_rnaseq/runs/SRR19152332/locus_coverage.tsv.gz
SRR19152332	B+P_55-3	55	3	10647	10629	-18	terminal_last_100nt	3824	422.897792106	data/processed/p6_rnaseq/runs/SRR19152332/locus_coverage.tsv.gz
SRR19152332	B+P_55-3	55	3	10647	10630	-17	terminal_last_100nt	3645	403.102105708	data/processed/p6_rnaseq/runs/SRR19152332/locus_coverage.tsv.gz
SRR19152332	B+P_55-3	55	3	10647	10631	-16	terminal_last_100nt	3537	391.158339613	data/processed/p6_rnaseq/runs/SRR19152332/locus_coverage.tsv.gz
SRR19152332	B+P_55-3	55	3	10647	10632	-15	terminal_last_100nt	3394	375.34390858	data/processed/p6_rnaseq/runs/SRR19152332/locus_coverage.tsv.gz
SRR19152332	B+P_55-3	55	3	10647	10633	-14	terminal_last_100nt	2666	294.834077865	data/processed/p6_rnaseq/runs/SRR19152332/locus_coverage.tsv.gz
SRR19152332	B+P_55-3	55	3	10647	10634	-13	terminal_last_100nt	2527	279.462008539	data/processed/p6_rnaseq/runs/SRR19152332/locus_coverage.tsv.gz
SRR19152332	B+P_55-3	55	3	10647	10635	-12	terminal_last_100nt	1002	110.81160766	data/processed/p6_rnaseq/runs/SRR19152332/locus_coverage.tsv.gz
SRR19152332	B+P_55-3	55	3	10647	10636	-11	terminal_last_100nt	898	99.310203272	data/processed/p6_rnaseq/runs/SRR19152332/locus_coverage.tsv.gz
SRR19152332	B+P_55-3	55	3	10647	10637	-10	terminal_last_100nt	958	105.94562888	data/processed/p6_rnaseq/runs/SRR19152332/locus_coverage.tsv.gz
SRR19152332	B+P_55-3	55	3	10647	10638	-9	terminal_last_100nt	958	105.94562888	data/processed/p6_rnaseq/runs/SRR19152332/locus_coverage.tsv.gz
SRR19152332	B+P_55-3	55	3	10647	10639	-8	terminal_last_100nt	1002	110.81160766	data/processed/p6_rnaseq/runs/SRR19152332/locus_coverage.tsv.gz
SRR19152332	B+P_55-3	55	3	10647	10640	-7	terminal_last_100nt	1003	110.922198086	data/processed/p6_rnaseq/runs/SRR19152332/locus_coverage.tsv.gz
SRR19152332	B+P_55-3	55	3	10647	10641	-6	terminal_last_100nt	1007	111.364559794	data/processed/p6_rnaseq/runs/SRR19152332/locus_coverage.tsv.gz
SRR19152332	B+P_55-3	55	3	10647	10642	-5	terminal_last_100nt	1029	113.797549183	data/processed/p6_rnaseq/runs/SRR19152332/locus_coverage.tsv.gz
SRR19152332	B+P_55-3	55	3	10647	10643	-4	terminal_last_100nt	1012	111.917511928	data/processed/p6_rnaseq/runs/SRR19152332/locus_coverage.tsv.gz
SRR19152332	B+P_55-3	55	3	10647	10644	-3	terminal_last_100nt	1027	113.57636833	data/processed/p6_rnaseq/runs/SRR19152332/locus_coverage.tsv.gz
SRR19152332	B+P_55-3	55	3	10647	10645	-2	terminal_last_100nt	1021	112.912825769	data/processed/p6_rnaseq/runs/SRR19152332/locus_coverage.tsv.gz
SRR19152332	B+P_55-3	55	3	10647	10646	-1	terminal_last_100nt	1009	111.585740647	data/processed/p6_rnaseq/runs/SRR19152332/locus_coverage.tsv.gz
SRR19152332	B+P_55-3	55	3	10647	10647	0	RT_first_100nt	1008	111.475150221	data/processed/p6_rnaseq/runs/SRR19152332/locus_coverage.tsv.gz
SRR19152332	B+P_55-3	55	3	10647	10648	1	RT_first_100nt	1011	111.806921501	data/processed/p6_rnaseq/runs/SRR19152332/locus_coverage.tsv.gz
SRR19152332	B+P_55-3	55	3	10647	10649	2	RT_first_100nt	1025	113.355187476	data/processed/p6_rnaseq/runs/SRR19152332/locus_coverage.tsv.gz
SRR19152332	B+P_55-3	55	3	10647	10650	3	RT_first_100nt	1053	116.451719427	data/processed/p6_rnaseq/runs/SRR19152332/locus_coverage.tsv.gz
SRR19152332	B+P_55-3	55	3	10647	10651	4	RT_first_100nt	1056	116.783490707	data/processed/p6_rnaseq/runs/SRR19152332/locus_coverage.tsv.gz
SRR19152332	B+P_55-3	55	3	10647	10652	5	RT_first_100nt	1057	116.894081134	data/processed/p6_rnaseq/runs/SRR19152332/locus_coverage.tsv.gz
SRR19152332	B+P_55-3	55	3	10647	10653	6	RT_first_100nt	1060	117.225852414	data/processed/p6_rnaseq/runs/SRR19152332/locus_coverage.tsv.gz
SRR19152332	B+P_55-3	55	3	10647	10654	7	RT_first_100nt	1062	117.447033268	data/processed/p6_rnaseq/runs/SRR19152332/locus_coverage.tsv.gz
SRR19152332	B+P_55-3	55	3	10647	10655	8	RT_first_100nt	1068	118.110575829	data/processed/p6_rnaseq/runs/SRR19152332/locus_coverage.tsv.gz
SRR19152332	B+P_55-3	55	3	10647	10656	9	RT_first_100nt	1068	118.110575829	data/processed/p6_rnaseq/runs/SRR19152332/locus_coverage.tsv.gz
SRR19152332	B+P_55-3	55	3	10647	10657	10	RT_first_100nt	1068	118.110575829	data/processed/p6_rnaseq/runs/SRR19152332/locus_coverage.tsv.gz
SRR19152332	B+P_55-3	55	3	10647	10658	11	RT_first_100nt	1071	118.442347109	data/processed/p6_rnaseq/runs/SRR19152332/locus_coverage.tsv.gz
SRR19152332	B+P_55-3	55	3	10647	10659	12	RT_first_100nt	1077	119.10588967	data/processed/p6_rnaseq/runs/SRR19152332/locus_coverage.tsv.gz
SRR19152332	B+P_55-3	55	3	10647	10660	13	RT_first_100nt	1078	119.216480097	data/processed/p6_rnaseq/runs/SRR19152332/locus_coverage.tsv.gz
SRR19152332	B+P_55-3	55	3	10647	10661	14	RT_first_100nt	1081	119.548251377	data/processed/p6_rnaseq/runs/SRR19152332/locus_coverage.tsv.gz
SRR19152332	B+P_55-3	55	3	10647	10662	15	RT_first_100nt	1094	120.985926926	data/processed/p6_rnaseq/runs/SRR19152332/locus_coverage.tsv.gz
SRR19152332	B+P_55-3	55	3	10647	10663	16	RT_first_100nt	1104	122.091831194	data/processed/p6_rnaseq/runs/SRR19152332/locus_coverage.tsv.gz
SRR19152332	B+P_55-3	55	3	10647	10664	17	RT_first_100nt	1107	122.423602474	data/processed/p6_rnaseq/runs/SRR19152332/locus_coverage.tsv.gz
SRR19152332	B+P_55-3	55	3	10647	10665	18	RT_first_100nt	1115	123.308325889	data/processed/p6_rnaseq/runs/SRR19152332/locus_coverage.tsv.gz
SRR19152332	B+P_55-3	55	3	10647	10666	19	RT_first_100nt	1118	123.640097169	data/processed/p6_rnaseq/runs/SRR19152332/locus_coverage.tsv.gz
SRR19152332	B+P_55-3	55	3	10647	10667	20	RT_first_100nt	1156	127.842533388	data/processed/p6_rnaseq/runs/SRR19152332/locus_coverage.tsv.gz
SRR19152332	B+P_55-3	55	3	10647	10668	21	RT_first_100nt	1167	129.059028083	data/processed/p6_rnaseq/runs/SRR19152332/locus_coverage.tsv.gz
SRR19152332	B+P_55-3	55	3	10647	10669	22	RT_first_100nt	1179	130.386113204	data/processed/p6_rnaseq/runs/SRR19152332/locus_coverage.tsv.gz
SRR19152332	B+P_55-3	55	3	10647	10670	23	RT_first_100nt	1198	132.487331314	data/processed/p6_rnaseq/runs/SRR19152332/locus_coverage.tsv.gz
SRR19152332	B+P_55-3	55	3	10647	10671	24	RT_first_100nt	1200	132.708512167	data/processed/p6_rnaseq/runs/SRR19152332/locus_coverage.tsv.gz
SRR19152332	B+P_55-3	55	3	10647	10672	25	RT_first_100nt	1225	135.473272837	data/processed/p6_rnaseq/runs/SRR19152332/locus_coverage.tsv.gz
SRR19152332	B+P_55-3	55	3	10647	10673	26	RT_first_100nt	1252	138.459214361	data/processed/p6_rnaseq/runs/SRR19152332/locus_coverage.tsv.gz
SRR19152332	B+P_55-3	55	3	10647	10674	27	RT_first_100nt	1271	140.56043247	data/processed/p6_rnaseq/runs/SRR19152332/locus_coverage.tsv.gz
SRR19152332	B+P_55-3	55	3	10647	10675	28	RT_first_100nt	1278	141.334565458	data/processed/p6_rnaseq/runs/SRR19152332/locus_coverage.tsv.gz
SRR19152332	B+P_55-3	55	3	10647	10676	29	RT_first_100nt	1278	141.334565458	data/processed/p6_rnaseq/runs/SRR19152332/locus_coverage.tsv.gz
SRR19152332	B+P_55-3	55	3	10647	10677	30	RT_first_100nt	1289	142.551060153	data/processed/p6_rnaseq/runs/SRR19152332/locus_coverage.tsv.gz
SRR19152332	B+P_55-3	55	3	10647	10678	31	RT_first_100nt	1298	143.546373994	data/processed/p6_rnaseq/runs/SRR19152332/locus_coverage.tsv.gz
SRR19152332	B+P_55-3	55	3	10647	10679	32	RT_first_100nt	1294	143.104012287	data/processed/p6_rnaseq/runs/SRR19152332/locus_coverage.tsv.gz
SRR19152332	B+P_55-3	55	3	10647	10680	33	RT_first_100nt	1288	142.440469726	data/processed/p6_rnaseq/runs/SRR19152332/locus_coverage.tsv.gz
SRR19152332	B+P_55-3	55	3	10647	10681	34	RT_first_100nt	1287	142.329879299	data/processed/p6_rnaseq/runs/SRR19152332/locus_coverage.tsv.gz
SRR19152332	B+P_55-3	55	3	10647	10682	35	RT_first_100nt	1271	140.56043247	data/processed/p6_rnaseq/runs/SRR19152332/locus_coverage.tsv.gz
SRR19152332	B+P_55-3	55	3	10647	10683	36	RT_first_100nt	1246	137.7956718	data/processed/p6_rnaseq/runs/SRR19152332/locus_coverage.tsv.gz
SRR19152332	B+P_55-3	55	3	10647	10684	37	RT_first_100nt	1245	137.685081374	data/processed/p6_rnaseq/runs/SRR19152332/locus_coverage.tsv.gz
SRR19152332	B+P_55-3	55	3	10647	10685	38	RT_first_100nt	1211	133.925006862	data/processed/p6_rnaseq/runs/SRR19152332/locus_coverage.tsv.gz
SRR19152332	B+P_55-3	55	3	10647	10686	39	RT_first_100nt	1199	132.59792174	data/processed/p6_rnaseq/runs/SRR19152332/locus_coverage.tsv.gz
SRR19152332	B+P_55-3	55	3	10647	10687	40	RT_first_100nt	1211	133.925006862	data/processed/p6_rnaseq/runs/SRR19152332/locus_coverage.tsv.gz
SRR19152332	B+P_55-3	55	3	10647	10688	41	RT_first_100nt	1221	135.03091113	data/processed/p6_rnaseq/runs/SRR19152332/locus_coverage.tsv.gz
SRR19152332	B+P_55-3	55	3	10647	10689	42	RT_first_100nt	1206	133.372054728	data/processed/p6_rnaseq/runs/SRR19152332/locus_coverage.tsv.gz
SRR19152332	B+P_55-3	55	3	10647	10690	43	RT_first_100nt	1058	117.004671561	data/processed/p6_rnaseq/runs/SRR19152332/locus_coverage.tsv.gz
SRR19152332	B+P_55-3	55	3	10647	10691	44	RT_first_100nt	1058	117.004671561	data/processed/p6_rnaseq/runs/SRR19152332/locus_coverage.tsv.gz
SRR19152332	B+P_55-3	55	3	10647	10692	45	RT_first_100nt	1054	116.562309854	data/processed/p6_rnaseq/runs/SRR19152332/locus_coverage.tsv.gz
SRR19152332	B+P_55-3	55	3	10647	10693	46	RT_first_100nt	1072	118.552937536	data/processed/p6_rnaseq/runs/SRR19152332/locus_coverage.tsv.gz
SRR19152332	B+P_55-3	55	3	10647	10694	47	RT_first_100nt	1077	119.10588967	data/processed/p6_rnaseq/runs/SRR19152332/locus_coverage.tsv.gz
SRR19152332	B+P_55-3	55	3	10647	10695	48	RT_first_100nt	1091	120.654155645	data/processed/p6_rnaseq/runs/SRR19152332/locus_coverage.tsv.gz
SRR19152332	B+P_55-3	55	3	10647	10696	49	RT_first_100nt	1091	120.654155645	data/processed/p6_rnaseq/runs/SRR19152332/locus_coverage.tsv.gz
SRR19152332	B+P_55-3	55	3	10647	10697	50	RT_first_100nt	1112	122.976554608	data/processed/p6_rnaseq/runs/SRR19152332/locus_coverage.tsv.gz
SRR19152332	B+P_55-3	55	3	10647	10698	51	RT_first_100nt	1100	121.649469487	data/processed/p6_rnaseq/runs/SRR19152332/locus_coverage.tsv.gz
SRR19152332	B+P_55-3	55	3	10647	10699	52	RT_first_100nt	1107	122.423602474	data/processed/p6_rnaseq/runs/SRR19152332/locus_coverage.tsv.gz
SRR19152332	B+P_55-3	55	3	10647	10700	53	RT_first_100nt	1104	122.091831194	data/processed/p6_rnaseq/runs/SRR19152332/locus_coverage.tsv.gz
SRR19152332	B+P_55-3	55	3	10647	10701	54	RT_first_100nt	1109	122.644783328	data/processed/p6_rnaseq/runs/SRR19152332/locus_coverage.tsv.gz
SRR19152332	B+P_55-3	55	3	10647	10702	55	RT_first_100nt	1108	122.534192901	data/processed/p6_rnaseq/runs/SRR19152332/locus_coverage.tsv.gz
SRR19152332	B+P_55-3	55	3	10647	10703	56	RT_first_100nt	1152	127.400171681	data/processed/p6_rnaseq/runs/SRR19152332/locus_coverage.tsv.gz
SRR19152332	B+P_55-3	55	3	10647	10704	57	RT_first_100nt	1153	127.510762107	data/processed/p6_rnaseq/runs/SRR19152332/locus_coverage.tsv.gz
SRR19152332	B+P_55-3	55	3	10647	10705	58	RT_first_100nt	1154	127.621352534	data/processed/p6_rnaseq/runs/SRR19152332/locus_coverage.tsv.gz
SRR19152332	B+P_55-3	55	3	10647	10706	59	RT_first_100nt	1157	127.953123815	data/processed/p6_rnaseq/runs/SRR19152332/locus_coverage.tsv.gz
SRR19152332	B+P_55-3	55	3	10647	10707	60	RT_first_100nt	1161	128.395485522	data/processed/p6_rnaseq/runs/SRR19152332/locus_coverage.tsv.gz
SRR19152332	B+P_55-3	55	3	10647	10708	61	RT_first_100nt	1165	128.837847229	data/processed/p6_rnaseq/runs/SRR19152332/locus_coverage.tsv.gz
SRR19152332	B+P_55-3	55	3	10647	10709	62	RT_first_100nt	1166	128.948437656	data/processed/p6_rnaseq/runs/SRR19152332/locus_coverage.tsv.gz
SRR19152332	B+P_55-3	55	3	10647	10710	63	RT_first_100nt	1171	129.50138979	data/processed/p6_rnaseq/runs/SRR19152332/locus_coverage.tsv.gz
SRR19152332	B+P_55-3	55	3	10647	10711	64	RT_first_100nt	1173	129.722570644	data/processed/p6_rnaseq/runs/SRR19152332/locus_coverage.tsv.gz
SRR19152332	B+P_55-3	55	3	10647	10712	65	RT_first_100nt	1176	130.054341924	data/processed/p6_rnaseq/runs/SRR19152332/locus_coverage.tsv.gz
SRR19152332	B+P_55-3	55	3	10647	10713	66	RT_first_100nt	1177	130.164932351	data/processed/p6_rnaseq/runs/SRR19152332/locus_coverage.tsv.gz
SRR19152332	B+P_55-3	55	3	10647	10714	67	RT_first_100nt	1177	130.164932351	data/processed/p6_rnaseq/runs/SRR19152332/locus_coverage.tsv.gz
SRR19152332	B+P_55-3	55	3	10647	10715	68	RT_first_100nt	1185	131.049655765	data/processed/p6_rnaseq/runs/SRR19152332/locus_coverage.tsv.gz
SRR19152332	B+P_55-3	55	3	10647	10716	69	RT_first_100nt	1192	131.823788753	data/processed/p6_rnaseq/runs/SRR19152332/locus_coverage.tsv.gz
SRR19152332	B+P_55-3	55	3	10647	10717	70	RT_first_100nt	1194	132.044969606	data/processed/p6_rnaseq/runs/SRR19152332/locus_coverage.tsv.gz
SRR19152332	B+P_55-3	55	3	10647	10718	71	RT_first_100nt	1194	132.044969606	data/processed/p6_rnaseq/runs/SRR19152332/locus_coverage.tsv.gz
SRR19152332	B+P_55-3	55	3	10647	10719	72	RT_first_100nt	1202	132.929693021	data/processed/p6_rnaseq/runs/SRR19152332/locus_coverage.tsv.gz
SRR19152332	B+P_55-3	55	3	10647	10720	73	RT_first_100nt	1205	133.261464301	data/processed/p6_rnaseq/runs/SRR19152332/locus_coverage.tsv.gz
SRR19152332	B+P_55-3	55	3	10647	10721	74	RT_first_100nt	1209	133.703826009	data/processed/p6_rnaseq/runs/SRR19152332/locus_coverage.tsv.gz
SRR19152332	B+P_55-3	55	3	10647	10722	75	RT_first_100nt	1208	133.593235582	data/processed/p6_rnaseq/runs/SRR19152332/locus_coverage.tsv.gz
SRR19152332	B+P_55-3	55	3	10647	10723	76	RT_first_100nt	1235	136.579177105	data/processed/p6_rnaseq/runs/SRR19152332/locus_coverage.tsv.gz
SRR19152332	B+P_55-3	55	3	10647	10724	77	RT_first_100nt	1238	136.910948386	data/processed/p6_rnaseq/runs/SRR19152332/locus_coverage.tsv.gz
SRR19152332	B+P_55-3	55	3	10647	10725	78	RT_first_100nt	1240	137.13212924	data/processed/p6_rnaseq/runs/SRR19152332/locus_coverage.tsv.gz
SRR19152332	B+P_55-3	55	3	10647	10726	79	RT_first_100nt	1249	138.127443081	data/processed/p6_rnaseq/runs/SRR19152332/locus_coverage.tsv.gz
SRR19152332	B+P_55-3	55	3	10647	10727	80	RT_first_100nt	1254	138.680395215	data/processed/p6_rnaseq/runs/SRR19152332/locus_coverage.tsv.gz
SRR19152332	B+P_55-3	55	3	10647	10728	81	RT_first_100nt	1255	138.790985642	data/processed/p6_rnaseq/runs/SRR19152332/locus_coverage.tsv.gz
SRR19152332	B+P_55-3	55	3	10647	10729	82	RT_first_100nt	1262	139.565118629	data/processed/p6_rnaseq/runs/SRR19152332/locus_coverage.tsv.gz
SRR19152332	B+P_55-3	55	3	10647	10730	83	RT_first_100nt	1294	143.104012287	data/processed/p6_rnaseq/runs/SRR19152332/locus_coverage.tsv.gz
SRR19152332	B+P_55-3	55	3	10647	10731	84	RT_first_100nt	1308	144.652278262	data/processed/p6_rnaseq/runs/SRR19152332/locus_coverage.tsv.gz
SRR19152332	B+P_55-3	55	3	10647	10732	85	RT_first_100nt	1313	145.205230396	data/processed/p6_rnaseq/runs/SRR19152332/locus_coverage.tsv.gz
SRR19152332	B+P_55-3	55	3	10647	10733	86	RT_first_100nt	1314	145.315820823	data/processed/p6_rnaseq/runs/SRR19152332/locus_coverage.tsv.gz
SRR19152332	B+P_55-3	55	3	10647	10734	87	RT_first_100nt	1316	145.537001677	data/processed/p6_rnaseq/runs/SRR19152332/locus_coverage.tsv.gz
SRR19152332	B+P_55-3	55	3	10647	10735	88	RT_first_100nt	1318	145.75818253	data/processed/p6_rnaseq/runs/SRR19152332/locus_coverage.tsv.gz
SRR19152332	B+P_55-3	55	3	10647	10736	89	RT_first_100nt	1319	145.868772957	data/processed/p6_rnaseq/runs/SRR19152332/locus_coverage.tsv.gz
SRR19152332	B+P_55-3	55	3	10647	10737	90	RT_first_100nt	1320	145.979363384	data/processed/p6_rnaseq/runs/SRR19152332/locus_coverage.tsv.gz
SRR19152332	B+P_55-3	55	3	10647	10738	91	RT_first_100nt	1322	146.200544238	data/processed/p6_rnaseq/runs/SRR19152332/locus_coverage.tsv.gz
SRR19152332	B+P_55-3	55	3	10647	10739	92	RT_first_100nt	1325	146.532315518	data/processed/p6_rnaseq/runs/SRR19152332/locus_coverage.tsv.gz
SRR19152332	B+P_55-3	55	3	10647	10740	93	RT_first_100nt	1325	146.532315518	data/processed/p6_rnaseq/runs/SRR19152332/locus_coverage.tsv.gz
SRR19152332	B+P_55-3	55	3	10647	10741	94	RT_first_100nt	1330	147.085267652	data/processed/p6_rnaseq/runs/SRR19152332/locus_coverage.tsv.gz
SRR19152332	B+P_55-3	55	3	10647	10742	95	RT_first_100nt	1332	147.306448506	data/processed/p6_rnaseq/runs/SRR19152332/locus_coverage.tsv.gz
SRR19152332	B+P_55-3	55	3	10647	10743	96	RT_first_100nt	1334	147.527629359	data/processed/p6_rnaseq/runs/SRR19152332/locus_coverage.tsv.gz
SRR19152332	B+P_55-3	55	3	10647	10744	97	RT_first_100nt	1334	147.527629359	data/processed/p6_rnaseq/runs/SRR19152332/locus_coverage.tsv.gz
SRR19152332	B+P_55-3	55	3	10647	10745	98	RT_first_100nt	1337	147.85940064	data/processed/p6_rnaseq/runs/SRR19152332/locus_coverage.tsv.gz
SRR19152332	B+P_55-3	55	3	10647	10746	99	RT_first_100nt	1339	148.080581493	data/processed/p6_rnaseq/runs/SRR19152332/locus_coverage.tsv.gz
