left_unit_id	left_label	left_group	left_ordinal	right_unit_id	right_label	right_group	right_ordinal	p0_unit_id	p0_label	p0_ordinal	pb_unit_id	pb_label	pb_ordinal	locus_pair_id	context	supported_correspondence	same_ordinal	saved_core_to_core_global_identity	saved_trimmed_spacer_global_identity	context_global_identity	context_diagonal_identity	context_gap_columns	spacer_spacer_bpp_overlap	left_spacer_spacer_expected_pair_mass	right_spacer_spacer_expected_pair_mass	repeat_repeat_bpp_overlap	left_repeat_repeat_expected_pair_mass	right_repeat_repeat_expected_pair_mass	mixed_bpp_overlap	left_mixed_expected_pair_mass	right_mixed_expected_pair_mass	all_bpp_overlap	left_all_expected_pair_mass	right_all_expected_pair_mass
SA1|unit01	SA1	P0_seed7	1	AH12|unit01	AH12	PB50_near3	1	SA1|unit01	SA1	1	AH12|unit01	AH12	1	SA1__AH12	two_repeat	false	true	0.56621000	0.53378400	0.58158996	0.63470320	20	0.22021326	57.68306923	49.17050443	0.02352615	17.32691453	18.03963691	0.00338632	0.40979091	0.49392119	0.17024189	75.41977468	67.70406254
SA1|unit01	SA1	P0_seed7	1	AH12|unit01	AH12	PB50_near3	1	SA1|unit01	SA1	1	AH12|unit01	AH12	1	SA1__AH12	one_repeat	false	true	0.56621000	0.53378400	0.57142857	0.62944162	20	0.22610419	57.74035107	47.42019160	0.96835429	8.75968063	8.23204769	0.00196649	0.00790857	0.23393117	0.32870640	66.50794026	55.88617046
SA1|unit01	SA1	P0_seed7	1	AH12|unit02	AH12	PB50_near3	2	SA1|unit01	SA1	1	AH12|unit02	AH12	2	SA1__AH12	two_repeat	false	false	0.54260100	0.50000000	0.56734694	0.62895928	24	0.00487423	57.68306923	59.13144656	0.97257117	17.32691453	17.15647690	0.04298403	0.40979091	0.16061546	0.22474373	75.41977468	76.44853892
SA1|unit01	SA1	P0_seed7	1	AH12|unit02	AH12	PB50_near3	2	SA1|unit01	SA1	1	AH12|unit02	AH12	2	SA1__AH12	one_repeat	false	false	0.54260100	0.50000000	0.54260090	0.60804020	24	0.00473639	57.74035107	59.02851967	0.97345603	8.75968063	8.31688678	0.00551145	0.00790857	0.10546529	0.12822579	66.50794026	67.45087174
SA1|unit01	SA1	P0_seed7	1	AH12|unit03	AH12	PB50_near3	3	SA1|unit01	SA1	1	AH12|unit03	AH12	3	SA1__AH12	two_repeat	false	false	0.54794500	0.50000000	0.58333333	0.66350711	29	0.01893714	57.68306923	50.15891529	0.06135647	17.32691453	18.45043014	0.00927524	0.40979091	1.21477425	0.02929835	75.41977468	69.82411967
SA1|unit01	SA1	P0_seed7	1	AH12|unit03	AH12	PB50_near3	3	SA1|unit01	SA1	1	AH12|unit03	AH12	3	SA1__AH12	one_repeat	false	false	0.54794500	0.50000000	0.55963303	0.64550265	29	0.00850578	57.74035107	49.02445614	0.39859123	8.75968063	4.89408883	0.00004479	0.00790857	7.06413019	0.04981705	66.50794026	60.98267515
SA1|unit01	SA1	P0_seed7	1	Machias|unit01	Machias	PB50_near3	1	SA1|unit01	SA1	1	Machias|unit01	Machias	1	SA1__Machias	two_repeat	false	true	0.55454500	0.53020100	0.57083333	0.63133641	23	0.28651230	57.68306923	49.15348476	0.08974886	17.32691453	17.54533136	0.00206671	0.40979091	1.02907450	0.23571956	75.41977468	67.72789062
SA1|unit01	SA1	P0_seed7	1	Machias|unit01	Machias	PB50_near3	1	SA1|unit01	SA1	1	Machias|unit01	Machias	1	SA1__Machias	one_repeat	false	true	0.55454500	0.53020100	0.55963303	0.62564103	23	0.28873173	57.74035107	48.44818616	0.97548393	8.75968063	8.34973460	0.00526928	0.00790857	0.07404114	0.38377719	66.50794026	56.87196189
SA1|unit01	SA1	P0_seed7	1	Machias|unit02	Machias	PB50_near3	2	SA1|unit01	SA1	1	Machias|unit02	Machias	2	SA1__Machias	two_repeat	false	false	0.53603600	0.49350600	0.56147541	0.61434978	21	0.00686033	57.68306923	59.97731610	0.97346460	17.32691453	17.04317143	0.04767447	0.40979091	0.31958826	0.22453560	75.41977468	77.34007580
SA1|unit01	SA1	P0_seed7	1	Machias|unit02	Machias	PB50_near3	2	SA1|unit01	SA1	1	Machias|unit02	Machias	2	SA1__Machias	one_repeat	false	false	0.53603600	0.49350600	0.53603604	0.59203980	21	0.00667428	57.74035107	59.91045521	0.97033887	8.75968063	8.26517343	0.00379119	0.00790857	0.17739061	0.12832339	66.50794026	68.35301925
SA1|unit01	SA1	P0_seed7	1	Machias|unit03	Machias	PB50_near3	3	SA1|unit01	SA1	1	Machias|unit03	Machias	3	SA1__Machias	two_repeat	false	false	0.53424700	0.48684200	0.57083333	0.64622642	28	0.01646428	57.68306923	52.39122982	0.06945225	17.32691453	18.97405247	0.01353618	0.40979091	0.52063758	0.02950377	75.41977468	71.88591986
SA1|unit01	SA1	P0_seed7	1	Machias|unit03	Machias	PB50_near3	3	SA1|unit01	SA1	1	Machias|unit03	Machias	3	SA1__Machias	one_repeat	false	false	0.53424700	0.48684200	0.54587156	0.62631579	28	0.00738321	57.74035107	53.66354149	0.98246297	8.75968063	8.70822761	0.00270625	0.00790857	0.36647328	0.13915385	66.50794026	62.73824238
SA1|unit01	SA1	P0_seed7	1	PB50|unit01	PB50	PB50_near3	1	SA1|unit01	SA1	1	PB50|unit01	PB50	1	SA1__PB50	two_repeat	false	true	0.55454500	0.53020100	0.57083333	0.63133641	23	0.28651230	57.68306923	49.15348476	0.08974886	17.32691453	17.54533136	0.00206671	0.40979091	1.02907450	0.23571956	75.41977468	67.72789062
SA1|unit01	SA1	P0_seed7	1	PB50|unit01	PB50	PB50_near3	1	SA1|unit01	SA1	1	PB50|unit01	PB50	1	SA1__PB50	one_repeat	false	true	0.55454500	0.53020100	0.55963303	0.62564103	23	0.28873173	57.74035107	48.44818616	0.97548393	8.75968063	8.34973460	0.00526928	0.00790857	0.07404114	0.38377719	66.50794026	56.87196189
SA1|unit01	SA1	P0_seed7	1	PB50|unit02	PB50	PB50_near3	2	SA1|unit01	SA1	1	PB50|unit02	PB50	2	SA1__PB50	two_repeat	false	false	0.52054800	0.48701300	0.54393305	0.57017544	11	0.00867376	57.68306923	60.13697426	0.97275146	17.32691453	17.08704202	0.08544128	0.40979091	0.26412494	0.22599058	75.41977468	77.48814123
SA1|unit01	SA1	P0_seed7	1	PB50|unit02	PB50	PB50_near3	2	SA1|unit01	SA1	1	PB50|unit02	PB50	2	SA1__PB50	one_repeat	false	false	0.52054800	0.48701300	0.52073733	0.54854369	11	0.00775524	57.74035107	60.04281115	0.97050258	8.75968063	8.26788292	0.00247970	0.00790857	0.17409361	0.12918609	66.50794026	68.48478768
SA1|unit01	SA1	P0_seed7	1	PB50|unit03	PB50	PB50_near3	3	SA1|unit01	SA1	1	PB50|unit03	PB50	3	SA1__PB50	two_repeat	false	false	0.53424700	0.48684200	0.56666667	0.64150943	28	0.01646745	57.68306923	52.39370710	0.06925974	17.32691453	18.97728015	0.01361839	0.40979091	0.51404384	0.02946057	75.41977468	71.88503110
SA1|unit01	SA1	P0_seed7	1	PB50|unit03	PB50	PB50_near3	3	SA1|unit01	SA1	1	PB50|unit03	PB50	3	SA1__PB50	one_repeat	false	false	0.53424700	0.48684200	0.54128440	0.62105263	28	0.00736922	57.74035107	53.74611396	0.98623700	8.75968063	8.80223373	0.00494713	0.00790857	0.19204919	0.14037138	66.50794026	62.74039688
SA1|unit02	SA1	P0_seed7	2	AH12|unit01	AH12	PB50_near3	1	SA1|unit02	SA1	2	AH12|unit01	AH12	1	SA1__AH12	two_repeat	false	false	0.51674600	0.44117600	0.54585153	0.66489362	41	0.11226959	41.43120244	49.17050443	0.01121457	17.83767142	18.03963691	0.01742884	0.01762472	0.49392119	0.08333861	59.28649859	67.70406254
SA1|unit02	SA1	P0_seed7	2	AH12|unit01	AH12	PB50_near3	1	SA1|unit02	SA1	2	AH12|unit01	AH12	1	SA1__AH12	one_repeat	false	false	0.51674600	0.44117600	0.52173913	0.65060241	41	0.11527026	41.29727051	47.42019160	0.22443328	8.93778621	8.23204769	0.00872105	0.00542815	0.23393117	0.13269991	50.24048487	55.88617046
SA1|unit02	SA1	P0_seed7	2	AH12|unit02	AH12	PB50_near3	2	SA1|unit02	SA1	2	AH12|unit02	AH12	2	SA1__AH12	two_repeat	false	true	0.52803700	0.45890400	0.57264957	0.70157068	43	0.04374647	41.43120244	59.13144656	0.94211922	17.83767142	17.15647690	0.00696009	0.01762472	0.16061546	0.27532718	59.28649859	76.44853892
SA1|unit02	SA1	P0_seed7	2	AH12|unit02	AH12	PB50_near3	2	SA1|unit02	SA1	2	AH12|unit02	AH12	2	SA1__AH12	one_repeat	false	true	0.52803700	0.45890400	0.52830189	0.66272189	43	0.04102958	41.29727051	59.02851967	0.90084567	8.93778621	8.31688678	0.00072142	0.00542815	0.10546529	0.16706880	50.24048487	67.45087174
SA1|unit02	SA1	P0_seed7	2	AH12|unit03	AH12	PB50_near3	3	SA1|unit02	SA1	2	AH12|unit03	AH12	3	SA1__AH12	two_repeat	false	false	0.53846200	0.45864700	0.58771930	0.73626374	46	0.06056368	41.43120244	50.15891529	0.07148003	17.83767142	18.45043014	0.00912416	0.01762472	1.21477425	0.06314089	59.28649859	69.82411967
SA1|unit02	SA1	P0_seed7	2	AH12|unit03	AH12	PB50_near3	3	SA1|unit02	SA1	2	AH12|unit03	AH12	3	SA1__AH12	one_repeat	false	false	0.53846200	0.45864700	0.54368932	0.70000000	46	0.02607615	41.29727051	49.02445614	0.62975259	8.93778621	4.89408883	0.00026202	0.00542815	7.06413019	0.09950975	50.24048487	60.98267515
SA1|unit02	SA1	P0_seed7	2	Machias|unit01	Machias	PB50_near3	1	SA1|unit02	SA1	2	Machias|unit01	Machias	1	SA1__Machias	two_repeat	false	false	0.51674600	0.44444400	0.54585153	0.66844920	42	0.11729854	41.43120244	49.15348476	0.04331705	17.83767142	17.54533136	0.01183465	0.01762472	1.02907450	0.09582368	59.28649859	67.72789062
SA1|unit02	SA1	P0_seed7	2	Machias|unit01	Machias	PB50_near3	1	SA1|unit02	SA1	2	Machias|unit01	Machias	1	SA1__Machias	one_repeat	false	false	0.51674600	0.44444400	0.52173913	0.65454545	42	0.11868404	41.29727051	48.44818616	0.22579796	8.93778621	8.34973460	0.02400654	0.00542815	0.07404114	0.13592095	50.24048487	56.87196189
SA1|unit02	SA1	P0_seed7	2	Machias|unit02	Machias	PB50_near3	2	SA1|unit02	SA1	2	Machias|unit02	Machias	2	SA1__Machias	two_repeat	false	true	0.53917100	0.45637600	0.58227848	0.73015873	48	0.15159296	41.43120244	59.97731610	0.93665685	17.83767142	17.04317143	0.01122579	0.01762472	0.31958826	0.35169145	59.28649859	77.34007580
SA1|unit02	SA1	P0_seed7	2	Machias|unit02	Machias	PB50_near3	2	SA1|unit02	SA1	2	Machias|unit02	Machias	2	SA1__Machias	one_repeat	false	true	0.53917100	0.45637600	0.53953488	0.69461078	48	0.14920829	41.29727051	59.91045521	0.89786059	8.93778621	8.26517343	0.00098793	0.00542815	0.17739061	0.25759795	50.24048487	68.35301925
SA1|unit02	SA1	P0_seed7	2	Machias|unit03	Machias	PB50_near3	3	SA1|unit02	SA1	2	Machias|unit03	Machias	3	SA1__Machias	two_repeat	false	false	0.53846200	0.45384600	0.58771930	0.73224044	45	0.06707943	41.43120244	52.39122982	0.06187991	17.83767142	18.97405247	0.01889678	0.01762472	0.52063758	0.06542254	59.28649859	71.88591986
SA1|unit02	SA1	P0_seed7	2	Machias|unit03	Machias	PB50_near3	3	SA1|unit02	SA1	2	Machias|unit03	Machias	3	SA1__Machias	one_repeat	false	false	0.53846200	0.45384600	0.54368932	0.69565217	45	0.03211662	41.29727051	53.66354149	0.87795361	8.93778621	8.70822761	0.00494111	0.00542815	0.36647328	0.16413745	50.24048487	62.73824238
SA1|unit02	SA1	P0_seed7	2	PB50|unit01	PB50	PB50_near3	1	SA1|unit02	SA1	2	PB50|unit01	PB50	1	SA1__PB50	two_repeat	false	false	0.51674600	0.44444400	0.54585153	0.66844920	42	0.11729854	41.43120244	49.15348476	0.04331705	17.83767142	17.54533136	0.01183465	0.01762472	1.02907450	0.09582368	59.28649859	67.72789062
SA1|unit02	SA1	P0_seed7	2	PB50|unit01	PB50	PB50_near3	1	SA1|unit02	SA1	2	PB50|unit01	PB50	1	SA1__PB50	one_repeat	false	false	0.51674600	0.44444400	0.52173913	0.65454545	42	0.11868404	41.29727051	48.44818616	0.22579796	8.93778621	8.34973460	0.02400654	0.00542815	0.07404114	0.13592095	50.24048487	56.87196189
SA1|unit02	SA1	P0_seed7	2	PB50|unit02	PB50	PB50_near3	2	SA1|unit02	SA1	2	PB50|unit02	PB50	2	SA1__PB50	two_repeat	false	true	0.52558100	0.44594600	0.56595745	0.69633508	44	0.09688693	41.43120244	60.13697426	0.93912779	17.83767142	17.08704202	0.00551503	0.01762472	0.26412494	0.31177821	59.28649859	77.48814123
SA1|unit02	SA1	P0_seed7	2	PB50|unit02	PB50	PB50_near3	2	SA1|unit02	SA1	2	PB50|unit02	PB50	2	SA1__PB50	one_repeat	false	true	0.52558100	0.44594600	0.52582160	0.66272189	44	0.09444779	41.29727051	60.04281115	0.89801843	8.93778621	8.26788292	0.00095710	0.00542815	0.17409361	0.21077989	50.24048487	68.48478768
SA1|unit02	SA1	P0_seed7	2	PB50|unit03	PB50	PB50_near3	3	SA1|unit02	SA1	2	PB50|unit03	PB50	3	SA1__PB50	two_repeat	false	false	0.53846200	0.45384600	0.58333333	0.72677596	45	0.06710238	41.43120244	52.39370710	0.06170796	17.83767142	18.97728015	0.01903035	0.01762472	0.51404384	0.06539352	59.28649859	71.88503110
SA1|unit02	SA1	P0_seed7	2	PB50|unit03	PB50	PB50_near3	3	SA1|unit02	SA1	2	PB50|unit03	PB50	3	SA1__PB50	one_repeat	false	false	0.53846200	0.45384600	0.53883495	0.68944099	45	0.03235637	41.29727051	53.74611396	0.88267981	8.93778621	8.80223373	0.00687649	0.00542815	0.19204919	0.16582783	50.24048487	62.74039688
SA1|unit03	SA1	P0_seed7	3	AH12|unit01	AH12	PB50_near3	1	SA1|unit03	SA1	3	AH12|unit01	AH12	1	SA1__AH12	two_repeat	false	false	0.51339300	0.45454500	0.54098361	0.65024631	41	0.03314989	56.94631344	49.17050443	0.80368219	19.44631793	18.03963691	0.00104112	0.00159758	0.49392119	0.23349123	76.39422896	67.70406254
SA1|unit03	SA1	P0_seed7	3	AH12|unit01	AH12	PB50_near3	1	SA1|unit03	SA1	3	AH12|unit01	AH12	1	SA1__AH12	one_repeat	false	false	0.51339300	0.45454500	0.51801802	0.63535912	41	0.03458366	57.69884229	47.42019160	0.79250462	8.93082123	8.23204769	0.00876989	0.00611931	0.23393117	0.14070798	66.63578283	55.88617046
SA1|unit03	SA1	P0_seed7	3	AH12|unit02	AH12	PB50_near3	2	SA1|unit03	SA1	3	AH12|unit02	AH12	2	SA1__AH12	two_repeat	false	false	0.52272700	0.48684200	0.57083333	0.63720930	25	0.09555316	56.94631344	59.13144656	0.02411691	19.44631793	17.15647690	0.00362696	0.00159758	0.16061546	0.07834804	76.39422896	76.44853892
SA1|unit03	SA1	P0_seed7	3	AH12|unit02	AH12	PB50_near3	2	SA1|unit03	SA1	3	AH12|unit02	AH12	2	SA1__AH12	one_repeat	false	false	0.52272700	0.48684200	0.52752294	0.59585492	25	0.09356974	57.69884229	59.02851967	0.96379864	8.93082123	8.31688678	0.01331071	0.00611931	0.10546529	0.20544142	66.63578283	67.45087174
SA1|unit03	SA1	P0_seed7	3	AH12|unit03	AH12	PB50_near3	3	SA1|unit03	SA1	3	AH12|unit03	AH12	3	SA1__AH12	two_repeat	false	true	0.59808600	0.50714300	0.65065502	0.70616114	18	0.16697391	56.94631344	50.15891529	0.91814248	19.44631793	18.45043014	0.00161068	0.00159758	1.21477425	0.36028551	76.39422896	69.82411967
SA1|unit03	SA1	P0_seed7	3	AH12|unit03	AH12	PB50_near3	3	SA1|unit03	SA1	3	AH12|unit03	AH12	3	SA1__AH12	one_repeat	false	true	0.59808600	0.50714300	0.61352657	0.67195767	18	0.13940596	57.69884229	49.02445614	0.70778494	8.93082123	4.89408883	0.00084217	0.00611931	7.06413019	0.19330183	66.63578283	60.98267515
SA1|unit03	SA1	P0_seed7	3	Machias|unit01	Machias	PB50_near3	1	SA1|unit03	SA1	3	Machias|unit01	Machias	1	SA1__Machias	two_repeat	false	false	0.51401900	0.48611100	0.54273504	0.59905660	22	0.03534236	56.94631344	49.15348476	0.82394265	19.44631793	17.54533136	0.00095248	0.00159758	1.02907450	0.23750550	76.39422896	67.72789062
SA1|unit03	SA1	P0_seed7	3	Machias|unit01	Machias	PB50_near3	1	SA1|unit03	SA1	3	Machias|unit01	Machias	1	SA1__Machias	one_repeat	false	false	0.51401900	0.48611100	0.51886792	0.57894737	22	0.04185247	57.69884229	48.44818616	0.96582224	8.93082123	8.34973460	0.01166551	0.00611931	0.07404114	0.17110989	66.63578283	56.87196189
SA1|unit03	SA1	P0_seed7	3	Machias|unit02	Machias	PB50_near3	2	SA1|unit03	SA1	3	Machias|unit02	Machias	2	SA1__Machias	two_repeat	false	false	0.52293600	0.47333300	0.57142857	0.62385321	20	0.05881905	56.94631344	59.97731610	0.02550799	19.44631793	17.04317143	0.00258857	0.00159758	0.31958826	0.05079505	76.39422896	77.34007580
SA1|unit03	SA1	P0_seed7	3	Machias|unit02	Machias	PB50_near3	2	SA1|unit03	SA1	3	Machias|unit02	Machias	2	SA1__Machias	one_repeat	false	false	0.52293600	0.47333300	0.52777778	0.58163265	20	0.05667035	57.69884229	59.91045521	0.96068387	8.93082123	8.26517343	0.00884402	0.00611931	0.17739061	0.17176608	66.63578283	68.35301925
SA1|unit03	SA1	P0_seed7	3	Machias|unit03	Machias	PB50_near3	3	SA1|unit03	SA1	3	Machias|unit03	Machias	3	SA1__Machias	two_repeat	false	true	0.60952400	0.52482300	0.66086957	0.72037915	19	0.16963850	56.94631344	52.39122982	0.94185734	19.44631793	18.97405247	0.00350532	0.00159758	0.52063758	0.36914042	76.39422896	71.88591986
SA1|unit03	SA1	P0_seed7	3	Machias|unit03	Machias	PB50_near3	3	SA1|unit03	SA1	3	Machias|unit03	Machias	3	SA1__Machias	one_repeat	false	true	0.60952400	0.52482300	0.62500000	0.68783069	19	0.14238215	57.69884229	53.66354149	0.98731254	8.93082123	8.70822761	0.01581372	0.00611931	0.36647328	0.25721672	66.63578283	62.73824238
SA1|unit03	SA1	P0_seed7	3	PB50|unit01	PB50	PB50_near3	1	SA1|unit03	SA1	3	PB50|unit01	PB50	1	SA1__PB50	two_repeat	false	false	0.51401900	0.48611100	0.54273504	0.59905660	22	0.03534236	56.94631344	49.15348476	0.82394265	19.44631793	17.54533136	0.00095248	0.00159758	1.02907450	0.23750550	76.39422896	67.72789062
SA1|unit03	SA1	P0_seed7	3	PB50|unit01	PB50	PB50_near3	1	SA1|unit03	SA1	3	PB50|unit01	PB50	1	SA1__PB50	one_repeat	false	false	0.51401900	0.48611100	0.51886792	0.57894737	22	0.04185247	57.69884229	48.44818616	0.96582224	8.93082123	8.34973460	0.01166551	0.00611931	0.07404114	0.17110989	66.63578283	56.87196189
SA1|unit03	SA1	P0_seed7	3	PB50|unit02	PB50	PB50_near3	2	SA1|unit03	SA1	3	PB50|unit02	PB50	2	SA1__PB50	two_repeat	false	false	0.52293600	0.46621600	0.56722689	0.61926606	20	0.08259227	56.94631344	60.13697426	0.02523807	19.44631793	17.08704202	0.00274842	0.00159758	0.26412494	0.06883788	76.39422896	77.48814123
SA1|unit03	SA1	P0_seed7	3	PB50|unit02	PB50	PB50_near3	2	SA1|unit03	SA1	3	PB50|unit02	PB50	2	SA1__PB50	one_repeat	false	false	0.52293600	0.46621600	0.52777778	0.58163265	20	0.08030561	57.69884229	60.04281115	0.96084747	8.93082123	8.26788292	0.00900699	0.00611931	0.17409361	0.19228952	66.63578283	68.48478768
SA1|unit03	SA1	P0_seed7	3	PB50|unit03	PB50	PB50_near3	3	SA1|unit03	SA1	3	PB50|unit03	PB50	3	SA1__PB50	two_repeat	false	true	0.60952400	0.52482300	0.65652174	0.71563981	19	0.16964896	56.94631344	52.39370710	0.94212101	19.44631793	18.97728015	0.00354334	0.00159758	0.51404384	0.36924197	76.39422896	71.88503110
SA1|unit03	SA1	P0_seed7	3	PB50|unit03	PB50	PB50_near3	3	SA1|unit03	SA1	3	PB50|unit03	PB50	3	SA1__PB50	one_repeat	false	true	0.60952400	0.52482300	0.62019231	0.68253968	19	0.14243375	57.69884229	53.74611396	0.99261595	8.93082123	8.80223373	0.03054452	0.00611931	0.19204919	0.25879331	66.63578283	62.74039688
SA1|unit04	SA1	P0_seed7	4	AH12|unit01	AH12	PB50_near3	1	SA1|unit04	SA1	4	AH12|unit01	AH12	1	SA1__AH12	two_repeat	false	false	0.51442300	0.43382400	0.55458515	0.65803109	36	0.00153799	43.11762848	49.17050443	0.55778240	18.74293856	18.03963691	0.01901955	0.05050413	0.49392119	0.15950668	61.91107117	67.70406254
SA1|unit04	SA1	P0_seed7	4	AH12|unit01	AH12	PB50_near3	1	SA1|unit04	SA1	4	AH12|unit01	AH12	1	SA1__AH12	one_repeat	false	false	0.51442300	0.43382400	0.53140097	0.64327485	36	0.00303494	41.74545048	47.42019160	0.34067888	8.88306866	8.23204769	0.02699607	0.07223454	0.23393117	0.05744527	50.70075368	55.88617046
SA1|unit04	SA1	P0_seed7	4	AH12|unit02	AH12	PB50_near3	2	SA1|unit04	SA1	4	AH12|unit02	AH12	2	SA1__AH12	two_repeat	false	false	0.54587200	0.48666700	0.58823529	0.72916667	46	0.21752415	43.11762848	59.13144656	0.08027339	18.74293856	17.15647690	0.01488778	0.05050413	0.16061546	0.18160737	61.91107117	76.44853892
SA1|unit04	SA1	P0_seed7	4	AH12|unit02	AH12	PB50_near3	2	SA1|unit04	SA1	4	AH12|unit02	AH12	2	SA1__AH12	one_repeat	false	false	0.54587200	0.48666700	0.55092593	0.70000000	46	0.21605978	41.74545048	59.02851967	0.79846344	8.88306866	8.31688678	0.00961178	0.07223454	0.10546529	0.30053821	50.70075368	67.45087174
SA1|unit04	SA1	P0_seed7	4	AH12|unit03	AH12	PB50_near3	3	SA1|unit04	SA1	4	AH12|unit03	AH12	3	SA1__AH12	two_repeat	false	false	0.55940600	0.46564900	0.61261261	0.70466321	29	0.05976624	43.11762848	50.15891529	0.96516543	18.74293856	18.45043014	0.03331455	0.05050413	1.21477425	0.31513747	61.91107117	69.82411967
SA1|unit04	SA1	P0_seed7	4	AH12|unit03	AH12	PB50_near3	3	SA1|unit04	SA1	4	AH12|unit03	AH12	3	SA1__AH12	one_repeat	false	false	0.55940600	0.46564900	0.57500000	0.67251462	29	0.02528031	41.74545048	49.02445614	0.71026608	8.88306866	4.89408883	0.00508709	0.07223454	7.06413019	0.10848917	50.70075368	60.98267515
SA1|unit04	SA1	P0_seed7	4	Machias|unit01	Machias	PB50_near3	1	SA1|unit04	SA1	4	Machias|unit01	Machias	1	SA1__Machias	two_repeat	false	false	0.49753700	0.44444400	0.54017857	0.61421320	27	0.00172263	43.11762848	49.15348476	0.56375848	18.74293856	17.54533136	0.02377385	0.05050413	1.02907450	0.15927634	61.91107117	67.72789062
SA1|unit04	SA1	P0_seed7	4	Machias|unit01	Machias	PB50_near3	1	SA1|unit04	SA1	4	Machias|unit01	Machias	1	SA1__Machias	one_repeat	false	false	0.49753700	0.44444400	0.51485149	0.59428571	27	0.00315200	41.74545048	48.44818616	0.34165650	8.88306866	8.34973460	0.03877525	0.07223454	0.07404114	0.05754809	50.70075368	56.87196189
SA1|unit04	SA1	P0_seed7	4	Machias|unit02	Machias	PB50_near3	2	SA1|unit04	SA1	4	Machias|unit02	Machias	2	SA1__Machias	two_repeat	false	false	0.52777800	0.49315100	0.57203390	0.69230769	41	0.21017932	43.11762848	59.97731610	0.08185308	18.74293856	17.04317143	0.01211601	0.05050413	0.31958826	0.17667829	61.91107117	77.34007580
SA1|unit04	SA1	P0_seed7	4	Machias|unit02	Machias	PB50_near3	2	SA1|unit04	SA1	4	Machias|unit02	Machias	2	SA1__Machias	one_repeat	false	false	0.52777800	0.49315100	0.53271028	0.65895954	41	0.21225098	41.74545048	59.91045521	0.79583602	8.88306866	8.26517343	0.01951565	0.07223454	0.17739061	0.29591028	50.70075368	68.35301925
SA1|unit04	SA1	P0_seed7	4	Machias|unit03	Machias	PB50_near3	3	SA1|unit04	SA1	4	Machias|unit03	Machias	3	SA1__Machias	two_repeat	false	false	0.58128100	0.50000000	0.63228700	0.73056995	30	0.06253889	43.11762848	52.39122982	0.97247932	18.74293856	18.97405247	0.04937638	0.05050413	0.52063758	0.31899232	61.91107117	71.88591986
SA1|unit04	SA1	P0_seed7	4	Machias|unit03	Machias	PB50_near3	3	SA1|unit04	SA1	4	Machias|unit03	Machias	3	SA1__Machias	one_repeat	false	false	0.58128100	0.50000000	0.59701493	0.70175439	30	0.03188710	41.74545048	53.66354149	0.99001095	8.88306866	8.70822761	0.09209349	0.07223454	0.36647328	0.18069883	50.70075368	62.73824238
SA1|unit04	SA1	P0_seed7	4	PB50|unit01	PB50	PB50_near3	1	SA1|unit04	SA1	4	PB50|unit01	PB50	1	SA1__PB50	two_repeat	false	false	0.49753700	0.44444400	0.54017857	0.61421320	27	0.00172263	43.11762848	49.15348476	0.56375848	18.74293856	17.54533136	0.02377385	0.05050413	1.02907450	0.15927634	61.91107117	67.72789062
SA1|unit04	SA1	P0_seed7	4	PB50|unit01	PB50	PB50_near3	1	SA1|unit04	SA1	4	PB50|unit01	PB50	1	SA1__PB50	one_repeat	false	false	0.49753700	0.44444400	0.51485149	0.59428571	27	0.00315200	41.74545048	48.44818616	0.34165650	8.88306866	8.34973460	0.03877525	0.07223454	0.07404114	0.05754809	50.70075368	56.87196189
SA1|unit04	SA1	P0_seed7	4	PB50|unit02	PB50	PB50_near3	2	SA1|unit04	SA1	4	PB50|unit02	PB50	2	SA1__PB50	two_repeat	false	false	0.53240700	0.45945900	0.57203390	0.69230769	41	0.34147165	43.11762848	60.13697426	0.08146762	18.74293856	17.08704202	0.01327911	0.05050413	0.26412494	0.27390574	61.91107117	77.48814123
SA1|unit04	SA1	P0_seed7	4	PB50|unit02	PB50	PB50_near3	2	SA1|unit04	SA1	4	PB50|unit02	PB50	2	SA1__PB50	one_repeat	false	false	0.53240700	0.45945900	0.53738318	0.66473988	41	0.34369254	41.74545048	60.04281115	0.79597634	8.88306866	8.26788292	0.01893501	0.07223454	0.17409361	0.40811073	50.70075368	68.48478768
SA1|unit04	SA1	P0_seed7	4	PB50|unit03	PB50	PB50_near3	3	SA1|unit04	SA1	4	PB50|unit03	PB50	3	SA1__PB50	two_repeat	false	false	0.58128100	0.50000000	0.62780269	0.72538860	30	0.06256016	43.11762848	52.39370710	0.97242135	18.74293856	18.97728015	0.04935566	0.05050413	0.51404384	0.31901538	61.91107117	71.88503110
SA1|unit04	SA1	P0_seed7	4	PB50|unit03	PB50	PB50_near3	3	SA1|unit04	SA1	4	PB50|unit03	PB50	3	SA1__PB50	one_repeat	false	false	0.58128100	0.50000000	0.59203980	0.69590643	30	0.03209868	41.74545048	53.74611396	0.99530880	8.88306866	8.80223373	0.11661333	0.07223454	0.19204919	0.18245856	50.70075368	62.74039688
MarsHill|unit01	MarsHill	P0_seed7	1	AH12|unit01	AH12	PB50_near3	1	MarsHill|unit01	MarsHill	1	AH12|unit01	AH12	1	MarsHill__AH12	two_repeat	false	true	0.58666700	0.55414000	0.60408163	0.69158879	31	0.09243446	57.50119591	49.17050443	0.36463046	17.23721067	18.03963691	0.42705985	0.91774626	0.49392119	0.16270916	75.65615284	67.70406254
MarsHill|unit01	MarsHill	P0_seed7	1	AH12|unit01	AH12	PB50_near3	1	MarsHill|unit01	MarsHill	1	AH12|unit01	AH12	1	MarsHill__AH12	one_repeat	false	true	0.58666700	0.55414000	0.58744395	0.68229167	31	0.08635464	57.87139929	47.42019160	0.95811635	8.94124399	8.23204769	0.00513630	0.00622428	0.23393117	0.20820386	66.81886756	55.88617046
MarsHill|unit01	MarsHill	P0_seed7	1	AH12|unit02	AH12	PB50_near3	2	MarsHill|unit01	MarsHill	1	AH12|unit02	AH12	2	MarsHill__AH12	two_repeat	false	false	0.53744500	0.47133800	0.57085020	0.64090909	27	0.00181929	57.50119591	59.13144656	0.44785493	17.23721067	17.15647690	0.02798486	0.91774626	0.16061546	0.10288642	75.65615284	76.44853892
MarsHill|unit01	MarsHill	P0_seed7	1	AH12|unit02	AH12	PB50_near3	2	MarsHill|unit01	MarsHill	1	AH12|unit02	AH12	2	MarsHill__AH12	one_repeat	false	false	0.53744500	0.47133800	0.54666667	0.62121212	27	0.00141386	57.87139929	59.02851967	0.45573934	8.94124399	8.31688678	0.00184944	0.00622428	0.10546529	0.05982106	66.81886756	67.45087174
MarsHill|unit01	MarsHill	P0_seed7	1	AH12|unit03	AH12	PB50_near3	3	MarsHill|unit01	MarsHill	1	AH12|unit03	AH12	3	MarsHill__AH12	two_repeat	false	false	0.52212400	0.47798700	0.55465587	0.66829268	42	0.00688160	57.50119591	50.15891529	0.43204983	17.23721067	18.45043014	0.01758632	0.91774626	1.21477425	0.11135042	75.65615284	69.82411967
MarsHill|unit01	MarsHill	P0_seed7	1	AH12|unit03	AH12	PB50_near3	3	MarsHill|unit01	MarsHill	1	AH12|unit03	AH12	3	MarsHill__AH12	one_repeat	false	false	0.52212400	0.47798700	0.52888889	0.65027322	42	0.00493763	57.87139929	49.02445614	0.62958905	8.94124399	4.89408883	0.00012864	0.00622428	7.06413019	0.07230179	66.81886756	60.98267515
MarsHill|unit01	MarsHill	P0_seed7	1	Machias|unit01	Machias	PB50_near3	1	MarsHill|unit01	MarsHill	1	Machias|unit01	Machias	1	MarsHill__Machias	two_repeat	false	true	0.58222200	0.54777100	0.60000000	0.69014085	32	0.11679137	57.50119591	49.15348476	0.43592063	17.23721067	17.54533136	0.35157139	0.91774626	1.02907450	0.19739450	75.65615284	67.72789062
MarsHill|unit01	MarsHill	P0_seed7	1	Machias|unit01	Machias	PB50_near3	1	MarsHill|unit01	MarsHill	1	Machias|unit01	Machias	1	MarsHill__Machias	one_repeat	false	true	0.58222200	0.54777100	0.58295964	0.68062827	32	0.10387131	57.87139929	48.44818616	0.96524081	8.94124399	8.34973460	0.01208817	0.00622428	0.07404114	0.22422424	66.81886756	56.87196189
MarsHill|unit01	MarsHill	P0_seed7	1	Machias|unit02	Machias	PB50_near3	2	MarsHill|unit01	MarsHill	1	Machias|unit02	Machias	2	MarsHill__Machias	two_repeat	false	false	0.52654900	0.49367100	0.56097561	0.62162162	24	0.00204859	57.50119591	59.97731610	0.60109527	17.23721067	17.04317143	0.01059664	0.91774626	0.31958826	0.13635898	75.65615284	77.34007580
MarsHill|unit01	MarsHill	P0_seed7	1	Machias|unit02	Machias	PB50_near3	2	MarsHill|unit01	MarsHill	1	Machias|unit02	Machias	2	MarsHill__Machias	one_repeat	false	false	0.52654900	0.49367100	0.53571429	0.60000000	24	0.00151037	57.87139929	59.91045521	0.89767673	8.94124399	8.26517343	0.00083338	0.00622428	0.17739061	0.11559388	66.81886756	68.35301925
MarsHill|unit01	MarsHill	P0_seed7	1	Machias|unit03	Machias	PB50_near3	3	MarsHill|unit01	MarsHill	1	Machias|unit03	Machias	3	MarsHill__Machias	two_repeat	false	false	0.51801800	0.47096800	0.55967078	0.64761905	33	0.00530671	57.50119591	52.39122982	0.32609051	17.23721067	18.97405247	0.01231953	0.91774626	0.52063758	0.08429767	75.65615284	71.88591986
MarsHill|unit01	MarsHill	P0_seed7	1	Machias|unit03	Machias	PB50_near3	3	MarsHill|unit01	MarsHill	1	Machias|unit03	Machias	3	MarsHill__Machias	one_repeat	false	false	0.51801800	0.47096800	0.53393665	0.62765957	33	0.00382788	57.87139929	53.66354149	0.43702376	8.94124399	8.70822761	0.00066185	0.00622428	0.36647328	0.06301375	66.81886756	62.73824238
MarsHill|unit01	MarsHill	P0_seed7	1	PB50|unit01	PB50	PB50_near3	1	MarsHill|unit01	MarsHill	1	PB50|unit01	PB50	1	MarsHill__PB50	two_repeat	false	true	0.58222200	0.54777100	0.60000000	0.69014085	32	0.11679137	57.50119591	49.15348476	0.43592063	17.23721067	17.54533136	0.35157139	0.91774626	1.02907450	0.19739450	75.65615284	67.72789062
MarsHill|unit01	MarsHill	P0_seed7	1	PB50|unit01	PB50	PB50_near3	1	MarsHill|unit01	MarsHill	1	PB50|unit01	PB50	1	MarsHill__PB50	one_repeat	false	true	0.58222200	0.54777100	0.58295964	0.68062827	32	0.10387131	57.87139929	48.44818616	0.96524081	8.94124399	8.34973460	0.01208817	0.00622428	0.07404114	0.22422424	66.81886756	56.87196189
MarsHill|unit01	MarsHill	P0_seed7	1	PB50|unit02	PB50	PB50_near3	2	MarsHill|unit01	MarsHill	1	PB50|unit02	PB50	2	MarsHill__PB50	two_repeat	false	false	0.53539800	0.48750000	0.56504065	0.62612613	24	0.00207660	57.50119591	60.13697426	0.60007233	17.23721067	17.08704202	0.01023267	0.91774626	0.26412494	0.13618291	75.65615284	77.48814123
MarsHill|unit01	MarsHill	P0_seed7	1	PB50|unit02	PB50	PB50_near3	2	MarsHill|unit01	MarsHill	1	PB50|unit02	PB50	2	MarsHill__PB50	one_repeat	false	false	0.53539800	0.48750000	0.54464286	0.61000000	24	0.00154041	57.87139929	60.04281115	0.89783457	8.94124399	8.26788292	0.00084558	0.00622428	0.17409361	0.11554716	66.81886756	68.48478768
MarsHill|unit01	MarsHill	P0_seed7	1	PB50|unit03	PB50	PB50_near3	3	MarsHill|unit01	MarsHill	1	PB50|unit03	PB50	3	MarsHill__PB50	two_repeat	false	false	0.51801800	0.47096800	0.55555556	0.64285714	33	0.00530691	57.50119591	52.39370710	0.32588751	17.23721067	18.97728015	0.01230937	0.91774626	0.51404384	0.08425182	75.65615284	71.88503110
MarsHill|unit01	MarsHill	P0_seed7	1	PB50|unit03	PB50	PB50_near3	3	MarsHill|unit01	MarsHill	1	PB50|unit03	PB50	3	MarsHill__PB50	one_repeat	false	false	0.51801800	0.47096800	0.52941176	0.62234043	33	0.00381583	57.87139929	53.74611396	0.43948954	8.94124399	8.80223373	0.00121918	0.00622428	0.19204919	0.06358365	66.81886756	62.74039688
MarsHill|unit02	MarsHill	P0_seed7	2	AH12|unit01	AH12	PB50_near3	1	MarsHill|unit02	MarsHill	2	AH12|unit01	AH12	1	MarsHill__AH12	two_repeat	false	false	0.53738300	0.45454500	0.56410256	0.63157895	25	0.03412979	58.42750716	49.17050443	0.02167584	17.31542101	18.03963691	0.00602596	0.08628765	0.49392119	0.03094854	75.82921582	67.70406254
MarsHill|unit02	MarsHill	P0_seed7	2	AH12|unit01	AH12	PB50_near3	1	MarsHill|unit02	MarsHill	2	AH12|unit01	AH12	1	MarsHill__AH12	one_repeat	false	false	0.53738300	0.45454500	0.54245283	0.61497326	25	0.03637333	58.31135885	47.42019160	0.98866562	8.41895541	8.23204769	0.08017902	0.06738916	0.23393117	0.16572873	66.79770342	55.88617046
MarsHill|unit02	MarsHill	P0_seed7	2	AH12|unit02	AH12	PB50_near3	2	MarsHill|unit02	MarsHill	2	AH12|unit02	AH12	2	MarsHill__AH12	two_repeat	true	true	0.60930200	0.57047000	0.65106383	0.70833333	19	0.18624158	58.42750716	59.13144656	0.98781440	17.31542101	17.15647690	0.12788708	0.08628765	0.16061546	0.36760312	75.82921582	76.44853892
MarsHill|unit02	MarsHill	P0_seed7	2	AH12|unit02	AH12	PB50_near3	2	MarsHill|unit02	MarsHill	2	AH12|unit02	AH12	2	MarsHill__AH12	one_repeat	true	true	0.60930200	0.57047000	0.61502347	0.67525773	19	0.18357134	58.31135885	59.02851967	0.99376578	8.41895541	8.31688678	0.11314469	0.06738916	0.10546529	0.28448201	66.79770342	67.45087174
MarsHill|unit02	MarsHill	P0_seed7	2	AH12|unit03	AH12	PB50_near3	3	MarsHill|unit02	MarsHill	2	AH12|unit03	AH12	3	MarsHill__AH12	two_repeat	false	false	0.56521700	0.49264700	0.61233480	0.66507177	18	0.04919630	58.42750716	50.15891529	0.05904803	17.31542101	18.45043014	0.01398267	0.08628765	1.21477425	0.05139012	75.82921582	69.82411967
MarsHill|unit02	MarsHill	P0_seed7	2	AH12|unit03	AH12	PB50_near3	3	MarsHill|unit02	MarsHill	2	AH12|unit03	AH12	3	MarsHill__AH12	one_repeat	false	false	0.56521700	0.49264700	0.57073171	0.62566845	18	0.02658623	58.31135885	49.02445614	0.40936986	8.41895541	4.89408883	0.00133558	0.06738916	7.06413019	0.06515571	66.79770342	60.98267515
MarsHill|unit02	MarsHill	P0_seed7	2	Machias|unit01	Machias	PB50_near3	1	MarsHill|unit02	MarsHill	2	Machias|unit01	Machias	1	MarsHill__Machias	two_repeat	false	false	0.52777800	0.48965500	0.55508475	0.63592233	30	0.03562211	58.42750716	49.15348476	0.08795573	17.31542101	17.54533136	0.00922668	0.08628765	1.02907450	0.04812549	75.82921582	67.72789062
MarsHill|unit02	MarsHill	P0_seed7	2	Machias|unit01	Machias	PB50_near3	1	MarsHill|unit02	MarsHill	2	Machias|unit01	Machias	1	MarsHill__Machias	one_repeat	false	false	0.52777800	0.48965500	0.53271028	0.61956522	30	0.03796254	58.31135885	48.44818616	0.99559990	8.41895541	8.34973460	0.16445307	0.06738916	0.07404114	0.16795572	66.79770342	56.87196189
MarsHill|unit02	MarsHill	P0_seed7	2	Machias|unit02	Machias	PB50_near3	2	MarsHill|unit02	MarsHill	2	Machias|unit02	Machias	2	MarsHill__Machias	two_repeat	true	true	0.61467900	0.56375800	0.65546218	0.72897196	24	0.11633131	58.42750716	59.97731610	0.98215501	17.31542101	17.04317143	0.09301072	0.08628765	0.31958826	0.31048915	75.82921582	77.34007580
MarsHill|unit02	MarsHill	P0_seed7	2	Machias|unit02	Machias	PB50_near3	2	MarsHill|unit02	MarsHill	2	Machias|unit02	Machias	2	MarsHill__Machias	one_repeat	true	true	0.61467900	0.56375800	0.62037037	0.69791667	24	0.11358824	58.31135885	59.91045521	0.99064803	8.41895541	8.26517343	0.09278355	0.06738916	0.17739061	0.22182211	66.79770342	68.35301925
MarsHill|unit02	MarsHill	P0_seed7	2	Machias|unit03	Machias	PB50_near3	3	MarsHill|unit02	MarsHill	2	Machias|unit03	Machias	3	MarsHill__Machias	two_repeat	false	false	0.57894700	0.50359700	0.62445415	0.68750000	21	0.05453648	58.42750716	52.39122982	0.05065489	17.31542101	18.97405247	0.02816627	0.08628765	0.52063758	0.05356010	75.82921582	71.88591986
MarsHill|unit02	MarsHill	P0_seed7	2	Machias|unit03	Machias	PB50_near3	3	MarsHill|unit02	MarsHill	2	Machias|unit03	Machias	3	MarsHill__Machias	one_repeat	false	false	0.57894700	0.50359700	0.58454106	0.65053763	21	0.03036717	58.31135885	53.66354149	0.56454458	8.41895541	8.70822761	0.03104709	0.06738916	0.36647328	0.10109501	66.79770342	62.73824238
MarsHill|unit02	MarsHill	P0_seed7	2	PB50|unit01	PB50	PB50_near3	1	MarsHill|unit02	MarsHill	2	PB50|unit01	PB50	1	MarsHill__PB50	two_repeat	false	false	0.52777800	0.48965500	0.55508475	0.63592233	30	0.03562211	58.42750716	49.15348476	0.08795573	17.31542101	17.54533136	0.00922668	0.08628765	1.02907450	0.04812549	75.82921582	67.72789062
MarsHill|unit02	MarsHill	P0_seed7	2	PB50|unit01	PB50	PB50_near3	1	MarsHill|unit02	MarsHill	2	PB50|unit01	PB50	1	MarsHill__PB50	one_repeat	false	false	0.52777800	0.48965500	0.53271028	0.61956522	30	0.03796254	58.31135885	48.44818616	0.99559990	8.41895541	8.34973460	0.16445307	0.06738916	0.07404114	0.16795572	66.79770342	56.87196189
MarsHill|unit02	MarsHill	P0_seed7	2	PB50|unit02	PB50	PB50_near3	2	MarsHill|unit02	MarsHill	2	PB50|unit02	PB50	2	MarsHill__PB50	two_repeat	true	true	0.61926600	0.57047000	0.65546218	0.72897196	24	0.12087836	58.42750716	60.13697426	0.98470758	17.31542101	17.08704202	0.10436524	0.08628765	0.26412494	0.31467290	75.82921582	77.48814123
MarsHill|unit02	MarsHill	P0_seed7	2	PB50|unit02	PB50	PB50_near3	2	MarsHill|unit02	MarsHill	2	PB50|unit02	PB50	2	MarsHill__PB50	one_repeat	true	true	0.61926600	0.57047000	0.62500000	0.70312500	24	0.11806979	58.31135885	60.04281115	0.99081179	8.41895541	8.26788292	0.09398161	0.06738916	0.17409361	0.22567786	66.79770342	68.48478768
MarsHill|unit02	MarsHill	P0_seed7	2	PB50|unit03	PB50	PB50_near3	3	MarsHill|unit02	MarsHill	2	PB50|unit03	PB50	3	MarsHill__PB50	two_repeat	false	false	0.57894700	0.50359700	0.62008734	0.68269231	21	0.05454454	58.42750716	52.39370710	0.05047853	17.31542101	18.97728015	0.02796430	0.08628765	0.51404384	0.05352307	75.82921582	71.88503110
MarsHill|unit02	MarsHill	P0_seed7	2	PB50|unit03	PB50	PB50_near3	3	MarsHill|unit02	MarsHill	2	PB50|unit03	PB50	3	MarsHill__PB50	one_repeat	false	false	0.57894700	0.50359700	0.57971014	0.64516129	21	0.03049232	58.31135885	53.74611396	0.56762174	8.41895541	8.80223373	0.03682670	0.06738916	0.19204919	0.10200881	66.79770342	62.74039688
MarsHill|unit03	MarsHill	P0_seed7	3	AH12|unit01	AH12	PB50_near3	1	MarsHill|unit03	MarsHill	3	AH12|unit01	AH12	1	MarsHill__AH12	two_repeat	false	false	0.54017900	0.50000000	0.56557377	0.65094340	32	0.03329586	58.71982551	49.17050443	0.54122692	19.40931252	18.03963691	0.00194488	0.00734695	0.49392119	0.16365512	78.13648497	67.70406254
MarsHill|unit03	MarsHill	P0_seed7	3	AH12|unit01	AH12	PB50_near3	1	MarsHill|unit03	MarsHill	3	AH12|unit01	AH12	1	MarsHill__AH12	one_repeat	false	false	0.54017900	0.50000000	0.54504505	0.63684211	32	0.03407072	58.28455238	47.42019160	0.22462130	8.92348805	8.23204769	0.01116641	0.01484972	0.23393117	0.06063892	67.22289016	55.88617046
MarsHill|unit03	MarsHill	P0_seed7	3	AH12|unit02	AH12	PB50_near3	2	MarsHill|unit03	MarsHill	3	AH12|unit02	AH12	2	MarsHill__AH12	two_repeat	false	false	0.57013600	0.51612900	0.61410788	0.66367713	18	0.03382633	58.71982551	59.13144656	0.04256640	19.40931252	17.15647690	0.00699212	0.00734695	0.16061546	0.03586457	78.13648497	76.44853892
MarsHill|unit03	MarsHill	P0_seed7	3	AH12|unit02	AH12	PB50_near3	2	MarsHill|unit03	MarsHill	3	AH12|unit02	AH12	2	MarsHill__AH12	one_repeat	false	false	0.57013600	0.51612900	0.57534247	0.62686567	18	0.03165750	58.28455238	59.02851967	0.96420891	8.92348805	8.31688678	0.02533455	0.01484972	0.10546529	0.15103320	67.22289016	67.45087174
MarsHill|unit03	MarsHill	P0_seed7	3	AH12|unit03	AH12	PB50_near3	3	MarsHill|unit03	MarsHill	3	AH12|unit03	AH12	3	MarsHill__AH12	two_repeat	false	true	0.59641300	0.54054100	0.64609053	0.76213592	37	0.17305260	58.71982551	50.15891529	0.93683635	19.40931252	18.45043014	0.00480297	0.00734695	1.21477425	0.36709773	78.13648497	69.82411967
MarsHill|unit03	MarsHill	P0_seed7	3	AH12|unit03	AH12	PB50_near3	3	MarsHill|unit03	MarsHill	3	AH12|unit03	AH12	3	MarsHill__AH12	one_repeat	false	true	0.59641300	0.54054100	0.61085973	0.73369565	37	0.14968063	58.28455238	49.02445614	0.70817599	8.92348805	4.89408883	0.00125942	0.01484972	7.06413019	0.20167823	67.22289016	60.98267515
MarsHill|unit03	MarsHill	P0_seed7	3	Machias|unit01	Machias	PB50_near3	1	MarsHill|unit03	MarsHill	3	Machias|unit01	Machias	1	MarsHill__Machias	two_repeat	false	false	0.54222200	0.48684200	0.56734694	0.66190476	35	0.03246153	58.71982551	49.15348476	0.51821290	19.40931252	17.54533136	0.00108075	0.00734695	1.02907450	0.15534053	78.13648497	67.72789062
MarsHill|unit03	MarsHill	P0_seed7	3	Machias|unit01	Machias	PB50_near3	1	MarsHill|unit03	MarsHill	3	Machias|unit01	Machias	1	MarsHill__Machias	one_repeat	false	false	0.54222200	0.48684200	0.54708520	0.64893617	35	0.03375622	58.28455238	48.44818616	0.22598499	8.92348805	8.34973460	0.02170735	0.01484972	0.07404114	0.06055513	67.22289016	56.87196189
MarsHill|unit03	MarsHill	P0_seed7	3	Machias|unit02	Machias	PB50_near3	2	MarsHill|unit03	MarsHill	3	Machias|unit02	Machias	2	MarsHill__Machias	two_repeat	false	false	0.57589300	0.53164600	0.61885246	0.68325792	23	0.12726234	58.71982551	59.97731610	0.04401626	19.40931252	17.04317143	0.00377711	0.00734695	0.31958826	0.10748509	78.13648497	77.34007580
MarsHill|unit03	MarsHill	P0_seed7	3	Machias|unit02	Machias	PB50_near3	2	MarsHill|unit03	MarsHill	3	Machias|unit02	Machias	2	MarsHill__Machias	one_repeat	false	false	0.57589300	0.53164600	0.58108108	0.64824121	23	0.12024704	58.28455238	59.91045521	0.96109437	8.92348805	8.26517343	0.01712363	0.01484972	0.17739061	0.22670560	67.22289016	68.35301925
MarsHill|unit03	MarsHill	P0_seed7	3	Machias|unit03	Machias	PB50_near3	3	MarsHill|unit03	MarsHill	3	Machias|unit03	Machias	3	MarsHill__Machias	two_repeat	false	true	0.58744400	0.52702700	0.63786008	0.74879227	36	0.17461084	58.71982551	52.39122982	0.96031905	19.40931252	18.97405247	0.01083975	0.00734695	0.52063758	0.37505861	78.13648497	71.88591986
MarsHill|unit03	MarsHill	P0_seed7	3	Machias|unit03	Machias	PB50_near3	3	MarsHill|unit03	MarsHill	3	Machias|unit03	Machias	3	MarsHill__Machias	one_repeat	false	true	0.58744400	0.52702700	0.60180995	0.71891892	36	0.14884224	58.28455238	53.66354149	0.98773140	8.92348805	8.70822761	0.02334708	0.01484972	0.36647328	0.26228540	67.22289016	62.73824238
MarsHill|unit03	MarsHill	P0_seed7	3	PB50|unit01	PB50	PB50_near3	1	MarsHill|unit03	MarsHill	3	PB50|unit01	PB50	1	MarsHill__PB50	two_repeat	false	false	0.54222200	0.48684200	0.56734694	0.66190476	35	0.03246153	58.71982551	49.15348476	0.51821290	19.40931252	17.54533136	0.00108075	0.00734695	1.02907450	0.15534053	78.13648497	67.72789062
MarsHill|unit03	MarsHill	P0_seed7	3	PB50|unit01	PB50	PB50_near3	1	MarsHill|unit03	MarsHill	3	PB50|unit01	PB50	1	MarsHill__PB50	one_repeat	false	false	0.54222200	0.48684200	0.54708520	0.64893617	35	0.03375622	58.28455238	48.44818616	0.22598499	8.92348805	8.34973460	0.02170735	0.01484972	0.07404114	0.06055513	67.22289016	56.87196189
MarsHill|unit03	MarsHill	P0_seed7	3	PB50|unit02	PB50	PB50_near3	2	MarsHill|unit03	MarsHill	3	PB50|unit02	PB50	2	MarsHill__PB50	two_repeat	false	false	0.58482100	0.54430400	0.62295082	0.68778281	23	0.13552155	58.71982551	60.13697426	0.04372367	19.40931252	17.08704202	0.00475658	0.00734695	0.26412494	0.11376544	78.13648497	77.48814123
MarsHill|unit03	MarsHill	P0_seed7	3	PB50|unit02	PB50	PB50_near3	2	MarsHill|unit03	MarsHill	3	PB50|unit02	PB50	2	MarsHill__PB50	one_repeat	false	false	0.58482100	0.54430400	0.59009009	0.65829146	23	0.12832809	58.28455238	60.04281115	0.96125792	8.92348805	8.26788292	0.01742086	0.01484972	0.17409361	0.23368875	67.22289016	68.48478768
MarsHill|unit03	MarsHill	P0_seed7	3	PB50|unit03	PB50	PB50_near3	3	MarsHill|unit03	MarsHill	3	PB50|unit03	PB50	3	MarsHill__PB50	two_repeat	false	true	0.58744400	0.52702700	0.63374486	0.74396135	36	0.17462615	58.71982551	52.39370710	0.96058141	19.40931252	18.97728015	0.01096217	0.00734695	0.51404384	0.37516280	78.13648497	71.88503110
MarsHill|unit03	MarsHill	P0_seed7	3	PB50|unit03	PB50	PB50_near3	3	MarsHill|unit03	MarsHill	3	PB50|unit03	PB50	3	MarsHill__PB50	one_repeat	false	true	0.58744400	0.52702700	0.59728507	0.71351351	36	0.14894771	58.28455238	53.74611396	0.99302902	8.92348805	8.80223373	0.04083494	0.01484972	0.19204919	0.26390003	67.22289016	62.74039688
MarsHill|unit04	MarsHill	P0_seed7	4	AH12|unit01	AH12	PB50_near3	1	MarsHill|unit04	MarsHill	4	AH12|unit01	AH12	1	MarsHill__AH12	two_repeat	false	false	0.55122000	0.47445300	0.57777778	0.67010309	31	0.13246674	46.74647573	49.17050443	0.85764719	18.87618934	18.03963691	0.00127981	0.00148459	0.49392119	0.33276677	65.62414966	67.70406254
MarsHill|unit04	MarsHill	P0_seed7	4	AH12|unit01	AH12	PB50_near3	1	MarsHill|unit04	MarsHill	4	AH12|unit01	AH12	1	MarsHill__AH12	one_repeat	false	false	0.55122000	0.47445300	0.55665025	0.65697674	31	0.05528163	46.89871577	47.42019160	0.96064465	8.89607513	8.23204769	0.02380686	0.02323045	0.23393117	0.19403268	55.81802134	55.88617046
MarsHill|unit04	MarsHill	P0_seed7	4	AH12|unit02	AH12	PB50_near3	2	MarsHill|unit04	MarsHill	4	AH12|unit02	AH12	2	MarsHill__AH12	two_repeat	false	false	0.55607500	0.47260300	0.59829060	0.72538860	41	0.09983109	46.74647573	59.13144656	0.01302811	18.87618934	17.15647690	0.00371400	0.00148459	0.16061546	0.07770633	65.62414966	76.44853892
MarsHill|unit04	MarsHill	P0_seed7	4	AH12|unit02	AH12	PB50_near3	2	MarsHill|unit04	MarsHill	4	AH12|unit02	AH12	2	MarsHill__AH12	one_repeat	false	false	0.55607500	0.47260300	0.56132075	0.69590643	41	0.10939515	46.89871577	59.02851967	0.96574616	8.89607513	8.31688678	0.00998631	0.02323045	0.10546529	0.22887009	55.81802134	67.45087174
MarsHill|unit04	MarsHill	P0_seed7	4	AH12|unit03	AH12	PB50_near3	3	MarsHill|unit04	MarsHill	4	AH12|unit03	AH12	3	MarsHill__AH12	two_repeat	false	false	0.59113300	0.50375900	0.64125561	0.75661376	34	0.19490029	46.74647573	50.15891529	0.89954646	18.87618934	18.45043014	0.00170250	0.00148459	1.21477425	0.38735074	65.62414966	69.82411967
MarsHill|unit04	MarsHill	P0_seed7	4	AH12|unit03	AH12	PB50_near3	3	MarsHill|unit04	MarsHill	4	AH12|unit03	AH12	3	MarsHill__AH12	one_repeat	false	false	0.59113300	0.50375900	0.60696517	0.73053892	34	0.16796026	46.89871577	49.02445614	0.70958430	8.89607513	4.89408883	0.00228427	0.02323045	7.06413019	0.22185445	55.81802134	60.98267515
MarsHill|unit04	MarsHill	P0_seed7	4	Machias|unit01	Machias	PB50_near3	1	MarsHill|unit04	MarsHill	4	Machias|unit01	Machias	1	MarsHill__Machias	two_repeat	false	false	0.54411800	0.46323500	0.57142857	0.65979381	30	0.00750451	46.74647573	49.15348476	0.79427403	18.87618934	17.54533136	0.00050498	0.00148459	1.02907450	0.22233533	65.62414966	67.72789062
MarsHill|unit04	MarsHill	P0_seed7	4	Machias|unit01	Machias	PB50_near3	1	MarsHill|unit04	MarsHill	4	Machias|unit01	Machias	1	MarsHill__Machias	one_repeat	false	false	0.54411800	0.46323500	0.54950495	0.64534884	30	0.00458487	46.89871577	48.44818616	0.96776182	8.89607513	8.34973460	0.03843529	0.02323045	0.07404114	0.15201643	55.81802134	56.87196189
MarsHill|unit04	MarsHill	P0_seed7	4	Machias|unit02	Machias	PB50_near3	2	MarsHill|unit04	MarsHill	4	Machias|unit02	Machias	2	MarsHill__Machias	two_repeat	false	false	0.55555600	0.46621600	0.59745763	0.73437500	44	0.10060063	46.74647573	59.97731610	0.01440805	18.87618934	17.04317143	0.00253713	0.00148459	0.31958826	0.07872476	65.62414966	77.34007580
MarsHill|unit04	MarsHill	P0_seed7	4	Machias|unit02	Machias	PB50_near3	2	MarsHill|unit04	MarsHill	4	Machias|unit02	Machias	2	MarsHill__Machias	one_repeat	false	false	0.55555600	0.46621600	0.56074766	0.70588235	44	0.10995147	46.89871577	59.91045521	0.96263128	8.89607513	8.26517343	0.00743425	0.02323045	0.17739061	0.22763175	55.81802134	68.35301925
MarsHill|unit04	MarsHill	P0_seed7	4	Machias|unit03	Machias	PB50_near3	3	MarsHill|unit04	MarsHill	4	Machias|unit03	Machias	3	MarsHill__Machias	two_repeat	false	false	0.58823500	0.49253700	0.63839286	0.75661376	35	0.19499816	46.74647573	52.39122982	0.92074036	18.87618934	18.97405247	0.00239399	0.00148459	0.52063758	0.39403053	65.62414966	71.88591986
MarsHill|unit04	MarsHill	P0_seed7	4	Machias|unit03	Machias	PB50_near3	3	MarsHill|unit04	MarsHill	4	Machias|unit03	Machias	3	MarsHill__Machias	one_repeat	false	false	0.58823500	0.49253700	0.60396040	0.73053892	35	0.16729417	46.89871577	53.66354149	0.98927053	8.89607513	8.70822761	0.04546745	0.02323045	0.36647328	0.28894817	55.81802134	62.73824238
MarsHill|unit04	MarsHill	P0_seed7	4	PB50|unit01	PB50	PB50_near3	1	MarsHill|unit04	MarsHill	4	PB50|unit01	PB50	1	MarsHill__PB50	two_repeat	false	false	0.54411800	0.46323500	0.57142857	0.65979381	30	0.00750451	46.74647573	49.15348476	0.79427403	18.87618934	17.54533136	0.00050498	0.00148459	1.02907450	0.22233533	65.62414966	67.72789062
MarsHill|unit04	MarsHill	P0_seed7	4	PB50|unit01	PB50	PB50_near3	1	MarsHill|unit04	MarsHill	4	PB50|unit01	PB50	1	MarsHill__PB50	one_repeat	false	false	0.54411800	0.46323500	0.54950495	0.64534884	30	0.00458487	46.89871577	48.44818616	0.96776182	8.89607513	8.34973460	0.03843529	0.02323045	0.07404114	0.15201643	55.81802134	56.87196189
MarsHill|unit04	MarsHill	P0_seed7	4	PB50|unit02	PB50	PB50_near3	2	MarsHill|unit04	MarsHill	4	PB50|unit02	PB50	2	MarsHill__PB50	two_repeat	false	false	0.55555600	0.46621600	0.59322034	0.72916667	44	0.10359455	46.74647573	60.13697426	0.01414182	18.87618934	17.08704202	0.00254969	0.00148459	0.26412494	0.08092810	65.62414966	77.48814123
MarsHill|unit04	MarsHill	P0_seed7	4	PB50|unit02	PB50	PB50_near3	2	MarsHill|unit04	MarsHill	4	PB50|unit02	PB50	2	MarsHill__PB50	one_repeat	false	false	0.55555600	0.46621600	0.56074766	0.70588235	44	0.11297973	46.89871577	60.04281115	0.96279486	8.89607513	8.26788292	0.00755842	0.02323045	0.17409361	0.23015640	55.81802134	68.48478768
MarsHill|unit04	MarsHill	P0_seed7	4	PB50|unit03	PB50	PB50_near3	3	MarsHill|unit04	MarsHill	4	PB50|unit03	PB50	3	MarsHill__PB50	two_repeat	false	false	0.58823500	0.49253700	0.63392857	0.75132275	35	0.19501092	46.74647573	52.39370710	0.92097642	18.87618934	18.97728015	0.00241913	0.00148459	0.51404384	0.39413237	65.62414966	71.88503110
MarsHill|unit04	MarsHill	P0_seed7	4	PB50|unit03	PB50	PB50_near3	3	MarsHill|unit04	MarsHill	4	PB50|unit03	PB50	3	MarsHill__PB50	one_repeat	false	false	0.58823500	0.49253700	0.59900990	0.72455090	35	0.16735244	46.89871577	53.74611396	0.99365810	8.89607513	8.80223373	0.07289990	0.02323045	0.19204919	0.29053120	55.81802134	62.74039688
Madawaska|unit01	Madawaska	P0_seed7	1	AH12|unit01	AH12	PB50_near3	1	Madawaska|unit01	Madawaska	1	AH12|unit01	AH12	1	Madawaska__AH12	two_repeat	true	true	0.58666700	0.54362400	0.60408163	0.69158879	31	0.08040088	58.50197356	49.17050443	0.43899758	17.39041188	18.03963691	0.45779554	0.81828236	0.49392119	0.17180649	76.71066780	67.70406254
Madawaska|unit01	Madawaska	P0_seed7	1	AH12|unit01	AH12	PB50_near3	1	Madawaska|unit01	Madawaska	1	AH12|unit01	AH12	1	Madawaska__AH12	one_repeat	true	true	0.58666700	0.54362400	0.58744395	0.68229167	31	0.05881803	59.17962393	47.42019160	0.95832579	8.93749060	8.23204769	0.00303815	0.00923070	0.23393117	0.18324554	68.12634523	55.88617046
Madawaska|unit01	Madawaska	P0_seed7	1	AH12|unit02	AH12	PB50_near3	2	Madawaska|unit01	Madawaska	1	AH12|unit02	AH12	2	Madawaska__AH12	two_repeat	false	false	0.54386000	0.50314500	0.57661290	0.65296804	29	0.00188209	58.50197356	59.13144656	0.39538171	17.39041188	17.15647690	0.00082650	0.81828236	0.16061546	0.09064842	76.71066780	76.44853892
Madawaska|unit01	Madawaska	P0_seed7	1	AH12|unit02	AH12	PB50_near3	2	Madawaska|unit01	Madawaska	1	AH12|unit02	AH12	2	Madawaska__AH12	one_repeat	false	false	0.54386000	0.50314500	0.55309735	0.63451777	29	0.00114452	59.17962393	59.02851967	0.45583848	8.93749060	8.31688678	0.00061315	0.00923070	0.10546529	0.05902260	68.12634523	67.45087174
Madawaska|unit01	Madawaska	P0_seed7	1	AH12|unit03	AH12	PB50_near3	3	Madawaska|unit01	Madawaska	1	AH12|unit03	AH12	3	Madawaska__AH12	two_repeat	false	false	0.50684900	0.46052600	0.54166667	0.61320755	28	0.00510893	58.50197356	50.15891529	0.50981135	17.39041188	18.45043014	0.00702170	0.81828236	1.21477425	0.12858722	76.71066780	69.82411967
Madawaska|unit01	Madawaska	P0_seed7	1	AH12|unit03	AH12	PB50_near3	3	Madawaska|unit01	Madawaska	1	AH12|unit03	AH12	3	Madawaska__AH12	one_repeat	false	false	0.50684900	0.46052600	0.51376147	0.58947368	28	0.00259117	59.17962393	49.02445614	0.62975955	8.93749060	4.89408883	0.00007262	0.00923070	7.06413019	0.06964704	68.12634523	60.98267515
Madawaska|unit01	Madawaska	P0_seed7	1	Machias|unit01	Machias	PB50_near3	1	Madawaska|unit01	Madawaska	1	Machias|unit01	Machias	1	Madawaska__Machias	two_repeat	true	true	0.58222200	0.55414000	0.60000000	0.69014085	32	0.08355706	58.50197356	49.15348476	0.51102686	17.39041188	17.54533136	0.35891805	0.81828236	1.02907450	0.19047217	76.71066780	67.72789062
Madawaska|unit01	Madawaska	P0_seed7	1	Machias|unit01	Machias	PB50_near3	1	Madawaska|unit01	Madawaska	1	Machias|unit01	Machias	1	Madawaska__Machias	one_repeat	true	true	0.58222200	0.55414000	0.58295964	0.68062827	32	0.05826915	59.17962393	48.44818616	0.96545037	8.93749060	8.34973460	0.00640556	0.00923070	0.07404114	0.18369747	68.12634523	56.87196189
Madawaska|unit01	Madawaska	P0_seed7	1	Machias|unit02	Machias	PB50_near3	2	Madawaska|unit01	Madawaska	1	Machias|unit02	Machias	2	Madawaska__Machias	two_repeat	false	false	0.53097300	0.48734200	0.56504065	0.62612613	24	0.00185920	58.50197356	59.97731610	0.52915986	17.39041188	17.04317143	0.00131087	0.81828236	0.31958826	0.11973668	76.71066780	77.34007580
Madawaska|unit01	Madawaska	P0_seed7	1	Machias|unit02	Machias	PB50_near3	2	Madawaska|unit01	Madawaska	1	Machias|unit02	Machias	2	Madawaska__Machias	one_repeat	false	false	0.53097300	0.48734200	0.54017857	0.60500000	24	0.00116142	59.17962393	59.91045521	0.89787287	8.93749060	8.26517343	0.00061054	0.00923070	0.17739061	0.11419569	68.12634523	68.35301925
Madawaska|unit01	Madawaska	P0_seed7	1	Machias|unit03	Machias	PB50_near3	3	Madawaska|unit01	Madawaska	1	Machias|unit03	Machias	3	Madawaska__Machias	two_repeat	false	false	0.50900900	0.47096800	0.55144033	0.63809524	33	0.00382287	58.50197356	52.39122982	0.49377294	17.39041188	18.97405247	0.00516115	0.81828236	0.52063758	0.12375447	76.71066780	71.88591986
Madawaska|unit01	Madawaska	P0_seed7	1	Machias|unit03	Machias	PB50_near3	3	Madawaska|unit01	Madawaska	1	Machias|unit03	Machias	3	Madawaska__Machias	one_repeat	false	false	0.50900900	0.47096800	0.52488688	0.61702128	33	0.00201504	59.17962393	53.66354149	0.87796379	8.93749060	8.70822761	0.00025048	0.00923070	0.36647328	0.12012917	68.12634523	62.73824238
Madawaska|unit01	Madawaska	P0_seed7	1	PB50|unit01	PB50	PB50_near3	1	Madawaska|unit01	Madawaska	1	PB50|unit01	PB50	1	Madawaska__PB50	two_repeat	true	true	0.58222200	0.55414000	0.60000000	0.69014085	32	0.08355706	58.50197356	49.15348476	0.51102686	17.39041188	17.54533136	0.35891805	0.81828236	1.02907450	0.19047217	76.71066780	67.72789062
Madawaska|unit01	Madawaska	P0_seed7	1	PB50|unit01	PB50	PB50_near3	1	Madawaska|unit01	Madawaska	1	PB50|unit01	PB50	1	Madawaska__PB50	one_repeat	true	true	0.58222200	0.55414000	0.58295964	0.68062827	32	0.05826915	59.17962393	48.44818616	0.96545037	8.93749060	8.34973460	0.00640556	0.00923070	0.07404114	0.18369747	68.12634523	56.87196189
Madawaska|unit01	Madawaska	P0_seed7	1	PB50|unit02	PB50	PB50_near3	2	Madawaska|unit01	Madawaska	1	PB50|unit02	PB50	2	Madawaska__PB50	two_repeat	false	false	0.53744500	0.50625000	0.56680162	0.63348416	26	0.00202283	58.50197356	60.13697426	0.52823301	17.39041188	17.08704202	0.00126069	0.81828236	0.26412494	0.11968636	76.71066780	77.48814123
Madawaska|unit01	Madawaska	P0_seed7	1	PB50|unit02	PB50	PB50_near3	2	Madawaska|unit01	Madawaska	1	PB50|unit02	PB50	2	Madawaska__PB50	one_repeat	false	false	0.53744500	0.50625000	0.54666667	0.61809045	26	0.00123002	59.17962393	60.04281115	0.89803071	8.93749060	8.26788292	0.00062121	0.00923070	0.17409361	0.11418422	68.12634523	68.48478768
Madawaska|unit01	Madawaska	P0_seed7	1	PB50|unit03	PB50	PB50_near3	3	Madawaska|unit01	Madawaska	1	PB50|unit03	PB50	3	Madawaska__PB50	two_repeat	false	false	0.50900900	0.47096800	0.54732510	0.63333333	33	0.00382294	58.50197356	52.39370710	0.49355768	17.39041188	18.97728015	0.00519181	0.81828236	0.51404384	0.12371338	76.71066780	71.88503110
Madawaska|unit01	Madawaska	P0_seed7	1	PB50|unit03	PB50	PB50_near3	3	Madawaska|unit01	Madawaska	1	PB50|unit03	PB50	3	Madawaska__PB50	one_repeat	false	false	0.50900900	0.47096800	0.52036199	0.61170213	33	0.00200926	59.17962393	53.74611396	0.88269150	8.93749060	8.80223373	0.00059434	0.00923070	0.19204919	0.12139490	68.12634523	62.74039688
Madawaska|unit02	Madawaska	P0_seed7	2	AH12|unit01	AH12	PB50_near3	1	Madawaska|unit02	Madawaska	2	AH12|unit01	AH12	1	Madawaska__AH12	two_repeat	false	false	0.53051600	0.46206900	0.55793991	0.62200957	24	0.03419437	54.87889091	49.17050443	0.02335114	14.92690210	18.03963691	0.01575883	2.68126184	0.49392119	0.03122699	72.48705485	67.70406254
Madawaska|unit02	Madawaska	P0_seed7	2	AH12|unit01	AH12	PB50_near3	1	Madawaska|unit02	Madawaska	2	AH12|unit01	AH12	1	Madawaska__AH12	one_repeat	false	false	0.53051600	0.46206900	0.53554502	0.60427807	24	0.03836536	55.65779049	47.42019160	0.99224238	8.35911395	8.23204769	0.08675854	0.12976144	0.23393117	0.17035864	64.14666588	55.88617046
Madawaska|unit02	Madawaska	P0_seed7	2	AH12|unit02	AH12	PB50_near3	2	Madawaska|unit02	Madawaska	2	AH12|unit02	AH12	2	Madawaska__AH12	two_repeat	true	true	0.61643800	0.58000000	0.65690377	0.74407583	28	0.07390846	54.87889091	59.13144656	0.91212127	14.92690210	17.15647690	0.02157442	2.68126184	0.16061546	0.25347583	72.48705485	76.44853892
Madawaska|unit02	Madawaska	P0_seed7	2	AH12|unit02	AH12	PB50_near3	2	Madawaska|unit02	Madawaska	2	AH12|unit02	AH12	2	Madawaska__AH12	one_repeat	true	true	0.61643800	0.58000000	0.62211982	0.71428571	28	0.06822351	55.65779049	59.02851967	0.99513997	8.35911395	8.31688678	0.17529025	0.12976144	0.10546529	0.18587346	64.14666588	67.45087174
Madawaska|unit02	Madawaska	P0_seed7	2	AH12|unit03	AH12	PB50_near3	3	Madawaska|unit02	Madawaska	2	AH12|unit03	AH12	3	Madawaska__AH12	two_repeat	false	false	0.56459300	0.50000000	0.61135371	0.67961165	23	0.05330718	54.87889091	50.15891529	0.08330278	14.92690210	18.45043014	0.04135662	2.68126184	1.21477425	0.06001511	72.48705485	69.82411967
Madawaska|unit02	Madawaska	P0_seed7	2	AH12|unit03	AH12	PB50_near3	3	Madawaska|unit02	Madawaska	2	AH12|unit03	AH12	3	Madawaska__AH12	one_repeat	false	false	0.56459300	0.50000000	0.57004831	0.64130435	23	0.03170488	55.65779049	49.02445614	0.73831239	8.35911395	4.89408883	0.00437535	0.12976144	7.06413019	0.10497472	64.14666588	60.98267515
Madawaska|unit02	Madawaska	P0_seed7	2	Machias|unit01	Machias	PB50_near3	1	Madawaska|unit02	Madawaska	2	Machias|unit01	Machias	1	Madawaska__Machias	two_repeat	false	false	0.54418600	0.46896600	0.57021277	0.65048544	29	0.03787468	54.87889091	49.15348476	0.09449703	14.92690210	17.54533136	0.03491627	2.68126184	1.02907450	0.05090950	72.48705485	67.72789062
Madawaska|unit02	Madawaska	P0_seed7	2	Machias|unit01	Machias	PB50_near3	1	Madawaska|unit02	Madawaska	2	Machias|unit01	Machias	1	Madawaska__Machias	one_repeat	false	false	0.54418600	0.46896600	0.54929577	0.63586957	29	0.04116548	55.65779049	48.44818616	0.99479474	8.35911395	8.34973460	0.13466097	0.12976144	0.07404114	0.17298900	64.14666588	56.87196189
Madawaska|unit02	Madawaska	P0_seed7	2	Machias|unit02	Machias	PB50_near3	2	Madawaska|unit02	Madawaska	2	Machias|unit02	Machias	2	Madawaska__Machias	two_repeat	true	true	0.62385300	0.58666700	0.66386555	0.74178404	25	0.16401480	54.87889091	59.97731610	0.91062906	14.92690210	17.04317143	0.02335844	2.68126184	0.31958826	0.32050998	72.48705485	77.34007580
Madawaska|unit02	Madawaska	P0_seed7	2	Machias|unit02	Machias	PB50_near3	2	Madawaska|unit02	Madawaska	2	Machias|unit02	Machias	2	Madawaska__Machias	one_repeat	true	true	0.62385300	0.58666700	0.62962963	0.71204188	25	0.16161569	55.65779049	59.91045521	0.99422359	8.35911395	8.26517343	0.14867895	0.12976144	0.17739061	0.26605020	64.14666588	68.35301925
Madawaska|unit02	Madawaska	P0_seed7	2	Machias|unit03	Machias	PB50_near3	3	Madawaska|unit02	Madawaska	2	Machias|unit03	Machias	3	Madawaska__Machias	two_repeat	false	false	0.57416300	0.49645400	0.62008734	0.68599034	22	0.05737402	54.87889091	52.39122982	0.07225121	14.92690210	18.97405247	0.03414389	2.68126184	0.52063758	0.06035221	72.48705485	71.88591986
Madawaska|unit02	Madawaska	P0_seed7	2	Machias|unit03	Machias	PB50_near3	3	Madawaska|unit02	Madawaska	2	Machias|unit03	Machias	3	Madawaska__Machias	one_repeat	false	false	0.57416300	0.49645400	0.57971014	0.64864865	22	0.03450854	55.65779049	53.66354149	0.96767786	8.35911395	8.70822761	0.06142103	0.12976144	0.36647328	0.16013478	64.14666588	62.73824238
Madawaska|unit02	Madawaska	P0_seed7	2	PB50|unit01	PB50	PB50_near3	1	Madawaska|unit02	Madawaska	2	PB50|unit01	PB50	1	Madawaska__PB50	two_repeat	false	false	0.54418600	0.46896600	0.57021277	0.65048544	29	0.03787468	54.87889091	49.15348476	0.09449703	14.92690210	17.54533136	0.03491627	2.68126184	1.02907450	0.05090950	72.48705485	67.72789062
Madawaska|unit02	Madawaska	P0_seed7	2	PB50|unit01	PB50	PB50_near3	1	Madawaska|unit02	Madawaska	2	PB50|unit01	PB50	1	Madawaska__PB50	one_repeat	false	false	0.54418600	0.46896600	0.54929577	0.63586957	29	0.04116548	55.65779049	48.44818616	0.99479474	8.35911395	8.34973460	0.13466097	0.12976144	0.07404114	0.17298900	64.14666588	56.87196189
Madawaska|unit02	Madawaska	P0_seed7	2	PB50|unit02	PB50	PB50_near3	2	Madawaska|unit02	Madawaska	2	PB50|unit02	PB50	2	Madawaska__PB50	two_repeat	true	true	0.61751200	0.57718100	0.65400844	0.72429907	23	0.14735291	54.87889091	60.13697426	0.91112772	14.92690210	17.08704202	0.02188564	2.68126184	0.26412494	0.30792543	72.48705485	77.48814123
Madawaska|unit02	Madawaska	P0_seed7	2	PB50|unit02	PB50	PB50_near3	2	Madawaska|unit02	Madawaska	2	PB50|unit02	PB50	2	Madawaska__PB50	one_repeat	true	true	0.61751200	0.57718100	0.62325581	0.69791667	23	0.14434930	55.65779049	60.04281115	0.99438729	8.35911395	8.26788292	0.14695084	0.12976144	0.17409361	0.25091806	64.14666588	68.48478768
Madawaska|unit02	Madawaska	P0_seed7	2	PB50|unit03	PB50	PB50_near3	3	Madawaska|unit02	Madawaska	2	PB50|unit03	PB50	3	Madawaska__PB50	two_repeat	false	false	0.57416300	0.49645400	0.61572052	0.68115942	22	0.05738051	54.87889091	52.39370710	0.07206002	14.92690210	18.97728015	0.03401771	2.68126184	0.51404384	0.06031076	72.48705485	71.88503110
Madawaska|unit02	Madawaska	P0_seed7	2	PB50|unit03	PB50	PB50_near3	3	Madawaska|unit02	Madawaska	2	PB50|unit03	PB50	3	Madawaska__PB50	one_repeat	false	false	0.57416300	0.49645400	0.57487923	0.64324324	22	0.03439981	55.65779049	53.74611396	0.97045001	8.35911395	8.80223373	0.07169201	0.12976144	0.19204919	0.16109424	64.14666588	62.74039688
Madawaska|unit03	Madawaska	P0_seed7	3	AH12|unit01	AH12	PB50_near3	1	Madawaska|unit03	Madawaska	3	AH12|unit01	AH12	1	Madawaska__AH12	two_repeat	false	false	0.51785700	0.45033100	0.54508197	0.62149533	30	0.02626458	62.24329738	49.17050443	0.53959927	19.43946124	18.03963691	0.00847750	0.02707284	0.49392119	0.15503899	81.70983146	67.70406254
Madawaska|unit03	Madawaska	P0_seed7	3	AH12|unit01	AH12	PB50_near3	1	Madawaska|unit03	Madawaska	3	AH12|unit01	AH12	1	Madawaska__AH12	one_repeat	false	false	0.51785700	0.45033100	0.52252252	0.60416667	30	0.02015577	60.95702206	47.42019160	0.22605179	8.78539258	8.23204769	0.01628429	0.20567711	0.23393117	0.04848124	69.94809176	55.88617046
Madawaska|unit03	Madawaska	P0_seed7	3	AH12|unit02	AH12	PB50_near3	2	Madawaska|unit03	Madawaska	3	AH12|unit02	AH12	2	Madawaska__AH12	two_repeat	false	false	0.56250000	0.51898700	0.60655738	0.66666667	22	0.10122967	62.24329738	59.13144656	0.01530841	19.43946124	17.15647690	0.02515686	0.02707284	0.16061546	0.08125825	81.70983146	76.44853892
Madawaska|unit03	Madawaska	P0_seed7	3	AH12|unit02	AH12	PB50_near3	2	Madawaska|unit03	Madawaska	3	AH12|unit02	AH12	2	Madawaska__AH12	one_repeat	false	false	0.56250000	0.51898700	0.56756757	0.63000000	22	0.09583979	60.95702206	59.02851967	0.96555155	8.78539258	8.31688678	0.01029157	0.20567711	0.10546529	0.20390055	69.94809176	67.45087174
Madawaska|unit03	Madawaska	P0_seed7	3	AH12|unit03	AH12	PB50_near3	3	Madawaska|unit03	Madawaska	3	AH12|unit03	AH12	3	Madawaska__AH12	two_repeat	true	true	0.61883400	0.58278100	0.66666667	0.77884615	35	0.22151792	62.24329738	50.15891529	0.90980679	19.43946124	18.45043014	0.02131764	0.02707284	1.21477425	0.39197855	81.70983146	69.82411967
Madawaska|unit03	Madawaska	P0_seed7	3	AH12|unit03	AH12	PB50_near3	3	Madawaska|unit03	Madawaska	3	AH12|unit03	AH12	3	Madawaska__AH12	one_repeat	true	true	0.61883400	0.58278100	0.63348416	0.75268817	35	0.20065151	60.95702206	49.02445614	0.71550634	8.78539258	4.89408883	0.02863097	0.20567711	7.06413019	0.24489162	69.94809176	60.98267515
Madawaska|unit03	Madawaska	P0_seed7	3	Machias|unit01	Machias	PB50_near3	1	Madawaska|unit03	Madawaska	3	Machias|unit01	Machias	1	Madawaska__Machias	two_repeat	false	false	0.51121100	0.46000000	0.53909465	0.61214953	29	0.02690299	62.24329738	49.15348476	0.50436006	19.43946124	17.54533136	0.00510928	0.02707284	1.02907450	0.14498719	81.70983146	67.72789062
Madawaska|unit03	Madawaska	P0_seed7	3	Machias|unit01	Machias	PB50_near3	1	Madawaska|unit03	Madawaska	3	Machias|unit01	Machias	1	Madawaska__Machias	one_repeat	false	false	0.51121100	0.46000000	0.51583710	0.59375000	29	0.02006192	60.95702206	48.44818616	0.22448755	8.78539258	8.34973460	0.01838275	0.20567711	0.07404114	0.04817480	69.94809176	56.87196189
Madawaska|unit03	Madawaska	P0_seed7	3	Machias|unit02	Machias	PB50_near3	2	Madawaska|unit03	Madawaska	3	Machias|unit02	Machias	2	Madawaska__Machias	two_repeat	false	false	0.56502200	0.52866200	0.60905350	0.66071429	19	0.19787098	62.24329738	59.97731610	0.01667627	19.43946124	17.04317143	0.02063320	0.02707284	0.31958826	0.15592251	81.70983146	77.34007580
Madawaska|unit03	Madawaska	P0_seed7	3	Machias|unit02	Machias	PB50_near3	2	Madawaska|unit03	Madawaska	3	Machias|unit02	Machias	2	Madawaska__Machias	one_repeat	false	false	0.56502200	0.52866200	0.57013575	0.62376238	19	0.19369827	60.95702206	59.91045521	0.96634970	8.78539258	8.26517343	0.01164388	0.20567711	0.17739061	0.28845098	69.94809176	68.35301925
Madawaska|unit03	Madawaska	P0_seed7	3	Machias|unit03	Machias	PB50_near3	3	Madawaska|unit03	Madawaska	3	Machias|unit03	Machias	3	Madawaska__Machias	two_repeat	false	true	0.60810800	0.54966900	0.65702479	0.75714286	32	0.04821984	62.24329738	52.39122982	0.93363950	19.43946124	18.97405247	0.02471561	0.02707284	0.52063758	0.26957496	81.70983146	71.88591986
Madawaska|unit03	Madawaska	P0_seed7	3	Machias|unit03	Machias	PB50_near3	3	Madawaska|unit03	Madawaska	3	Machias|unit03	Machias	3	Madawaska__Machias	one_repeat	false	true	0.60810800	0.54966900	0.62272727	0.72872340	32	0.02442361	60.95702206	53.66354149	0.99558765	8.78539258	8.70822761	0.11937968	0.20567711	0.36647328	0.15287319	69.94809176	62.73824238
Madawaska|unit03	Madawaska	P0_seed7	3	PB50|unit01	PB50	PB50_near3	1	Madawaska|unit03	Madawaska	3	PB50|unit01	PB50	1	Madawaska__PB50	two_repeat	false	false	0.51121100	0.46000000	0.53909465	0.61214953	29	0.02690299	62.24329738	49.15348476	0.50436006	19.43946124	17.54533136	0.00510928	0.02707284	1.02907450	0.14498719	81.70983146	67.72789062
Madawaska|unit03	Madawaska	P0_seed7	3	PB50|unit01	PB50	PB50_near3	1	Madawaska|unit03	Madawaska	3	PB50|unit01	PB50	1	Madawaska__PB50	one_repeat	false	false	0.51121100	0.46000000	0.51583710	0.59375000	29	0.02006192	60.95702206	48.44818616	0.22448755	8.78539258	8.34973460	0.01838275	0.20567711	0.07404114	0.04817480	69.94809176	56.87196189
Madawaska|unit03	Madawaska	P0_seed7	3	PB50|unit02	PB50	PB50_near3	2	Madawaska|unit03	Madawaska	3	PB50|unit02	PB50	2	Madawaska__PB50	two_repeat	false	false	0.56502200	0.52866200	0.60493827	0.65625000	19	0.22163581	62.24329738	60.13697426	0.01641732	19.43946124	17.08704202	0.02089416	0.02707284	0.26412494	0.17418314	81.70983146	77.48814123
Madawaska|unit03	Madawaska	P0_seed7	3	PB50|unit02	PB50	PB50_near3	2	Madawaska|unit03	Madawaska	3	PB50|unit02	PB50	2	Madawaska__PB50	one_repeat	false	false	0.56502200	0.52866200	0.57013575	0.62376238	19	0.21762302	60.95702206	60.04281115	0.96632171	8.78539258	8.26788292	0.01160090	0.20567711	0.17409361	0.30928855	69.94809176	68.48478768
Madawaska|unit03	Madawaska	P0_seed7	3	PB50|unit03	PB50	PB50_near3	3	Madawaska|unit03	Madawaska	3	PB50|unit03	PB50	3	Madawaska__PB50	two_repeat	false	true	0.60810800	0.54966900	0.65289256	0.75238095	32	0.04823867	62.24329738	52.39370710	0.93390262	19.43946124	18.97728015	0.02475260	0.02707284	0.51404384	0.26967586	81.70983146	71.88503110
Madawaska|unit03	Madawaska	P0_seed7	3	PB50|unit03	PB50	PB50_near3	3	Madawaska|unit03	Madawaska	3	PB50|unit03	PB50	3	Madawaska__PB50	one_repeat	false	true	0.60810800	0.54966900	0.61818182	0.72340426	32	0.02464162	60.95702206	53.74611396	0.99884063	8.78539258	8.80223373	0.16486819	0.20567711	0.19204919	0.15419031	69.94809176	62.74039688
Madawaska|unit04	Madawaska	P0_seed7	4	AH12|unit01	AH12	PB50_near3	1	Madawaska|unit04	Madawaska	4	AH12|unit01	AH12	1	Madawaska__AH12	two_repeat	false	false	0.54634100	0.45985400	0.57333333	0.67187500	33	0.00189863	41.33982992	49.17050443	0.53835217	19.45948247	18.03963691	0.00220952	0.00713162	0.49392119	0.15844996	60.80644401	67.70406254
Madawaska|unit04	Madawaska	P0_seed7	4	AH12|unit01	AH12	PB50_near3	1	Madawaska|unit04	Madawaska	4	AH12|unit01	AH12	1	Madawaska__AH12	one_repeat	false	false	0.54634100	0.45985400	0.55172414	0.65882353	33	0.00224627	40.76427776	47.42019160	0.22588514	8.82769563	8.23204769	0.02449841	0.11003531	0.23393117	0.03865919	49.70200871	55.88617046
Madawaska|unit04	Madawaska	P0_seed7	4	AH12|unit02	AH12	PB50_near3	2	Madawaska|unit04	Madawaska	4	AH12|unit02	AH12	2	Madawaska__AH12	two_repeat	false	false	0.52830200	0.45138900	0.57758621	0.69430052	39	0.04174368	41.33982992	59.13144656	0.01263493	19.45948247	17.15647690	0.02862401	0.00713162	0.16061546	0.03396221	60.80644401	76.44853892
Madawaska|unit04	Madawaska	P0_seed7	4	AH12|unit02	AH12	PB50_near3	2	Madawaska|unit04	Madawaska	4	AH12|unit02	AH12	2	Madawaska__AH12	one_repeat	false	false	0.52830200	0.45138900	0.53333333	0.65497076	39	0.03906875	40.76427776	59.02851967	0.96959991	8.82769563	8.31688678	0.08236508	0.11003531	0.10546529	0.17532574	49.70200871	67.45087174
Madawaska|unit04	Madawaska	P0_seed7	4	AH12|unit03	AH12	PB50_near3	3	Madawaska|unit04	Madawaska	4	AH12|unit03	AH12	3	Madawaska__AH12	two_repeat	false	false	0.58333300	0.50735300	0.63839286	0.76881720	38	0.23636245	41.33982992	50.15891529	0.90674307	19.45948247	18.45043014	0.00182842	0.00713162	1.21477425	0.42871783	60.80644401	69.82411967
Madawaska|unit04	Madawaska	P0_seed7	4	AH12|unit03	AH12	PB50_near3	3	Madawaska|unit04	Madawaska	4	AH12|unit03	AH12	3	Madawaska__AH12	one_repeat	false	false	0.58333300	0.50735300	0.59900990	0.73780488	38	0.21263379	40.76427776	49.02445614	0.71314436	8.82769563	4.89408883	0.00459325	0.11003531	7.06413019	0.26119860	49.70200871	60.98267515
Madawaska|unit04	Madawaska	P0_seed7	4	Machias|unit01	Machias	PB50_near3	1	Madawaska|unit04	Madawaska	4	Machias|unit01	Machias	1	Madawaska__Machias	two_repeat	false	false	0.54411800	0.44852900	0.57142857	0.66666667	32	0.00186002	41.33982992	49.15348476	0.55104555	19.45948247	17.54533136	0.00149689	0.00713162	1.02907450	0.16001226	60.80644401	67.72789062
Madawaska|unit04	Madawaska	P0_seed7	4	Machias|unit01	Machias	PB50_near3	1	Madawaska|unit04	Madawaska	4	Machias|unit01	Machias	1	Madawaska__Machias	one_repeat	false	false	0.54411800	0.44852900	0.54950495	0.65294118	32	0.00204742	40.76427776	48.44818616	0.34331130	8.82769563	8.34973460	0.05372454	0.11003531	0.07404114	0.05726569	49.70200871	56.87196189
Madawaska|unit04	Madawaska	P0_seed7	4	Machias|unit02	Machias	PB50_near3	2	Madawaska|unit04	Madawaska	4	Machias|unit02	Machias	2	Madawaska__Machias	two_repeat	false	false	0.54205600	0.46896600	0.58974359	0.71875000	42	0.11189147	41.33982992	59.97731610	0.01398989	19.45948247	17.04317143	0.01911517	0.00713162	0.31958826	0.08580337	60.80644401	77.34007580
Madawaska|unit04	Madawaska	P0_seed7	4	Machias|unit02	Machias	PB50_near3	2	Madawaska|unit04	Madawaska	4	Machias|unit02	Machias	2	Madawaska__Machias	one_repeat	false	false	0.54205600	0.46896600	0.54716981	0.68235294	42	0.10936453	40.76427776	59.91045521	0.96648446	8.82769563	8.26517343	0.06897534	0.11003531	0.17739061	0.23336628	49.70200871	68.35301925
Madawaska|unit04	Madawaska	P0_seed7	4	Machias|unit03	Machias	PB50_near3	3	Madawaska|unit04	Madawaska	4	Machias|unit03	Machias	3	Madawaska__Machias	two_repeat	false	false	0.58823500	0.50370400	0.64285714	0.77005348	37	0.23349000	41.33982992	52.39122982	0.93060511	19.45948247	18.97405247	0.00449882	0.00713162	0.52063758	0.43449436	60.80644401	71.88591986
Madawaska|unit04	Madawaska	P0_seed7	4	Machias|unit03	Machias	PB50_near3	3	Madawaska|unit04	Madawaska	4	Machias|unit03	Machias	3	Madawaska__Machias	one_repeat	false	false	0.58823500	0.50370400	0.60396040	0.73939394	37	0.21063323	40.76427776	53.66354149	0.99111254	8.82769563	8.70822761	0.06796184	0.11003531	0.36647328	0.33175036	49.70200871	62.73824238
Madawaska|unit04	Madawaska	P0_seed7	4	PB50|unit01	PB50	PB50_near3	1	Madawaska|unit04	Madawaska	4	PB50|unit01	PB50	1	Madawaska__PB50	two_repeat	false	false	0.54411800	0.44852900	0.57142857	0.66666667	32	0.00186002	41.33982992	49.15348476	0.55104555	19.45948247	17.54533136	0.00149689	0.00713162	1.02907450	0.16001226	60.80644401	67.72789062
Madawaska|unit04	Madawaska	P0_seed7	4	PB50|unit01	PB50	PB50_near3	1	Madawaska|unit04	Madawaska	4	PB50|unit01	PB50	1	Madawaska__PB50	one_repeat	false	false	0.54411800	0.44852900	0.54950495	0.65294118	32	0.00204742	40.76427776	48.44818616	0.34331130	8.82769563	8.34973460	0.05372454	0.11003531	0.07404114	0.05726569	49.70200871	56.87196189
Madawaska|unit04	Madawaska	P0_seed7	4	PB50|unit02	PB50	PB50_near3	2	Madawaska|unit04	Madawaska	4	PB50|unit02	PB50	2	Madawaska__PB50	two_repeat	false	false	0.52582200	0.45517200	0.57081545	0.68911917	40	0.04089306	41.33982992	60.13697426	0.01373375	19.45948247	17.08704202	0.02256490	0.00713162	0.26412494	0.03367984	60.80644401	77.48814123
Madawaska|unit04	Madawaska	P0_seed7	4	PB50|unit02	PB50	PB50_near3	2	Madawaska|unit04	Madawaska	4	PB50|unit02	PB50	2	Madawaska__PB50	one_repeat	false	false	0.52582200	0.45517200	0.53080569	0.65497076	40	0.03850023	40.76427776	60.04281115	0.96664808	8.82769563	8.26788292	0.06995186	0.11003531	0.17409361	0.17283132	49.70200871	68.48478768
Madawaska|unit04	Madawaska	P0_seed7	4	PB50|unit03	PB50	PB50_near3	3	Madawaska|unit04	Madawaska	4	PB50|unit03	PB50	3	Madawaska__PB50	two_repeat	false	false	0.58823500	0.50370400	0.63839286	0.76470588	37	0.23350130	41.33982992	52.39370710	0.93086963	19.45948247	18.97728015	0.00455330	0.00713162	0.51404384	0.43460886	60.80644401	71.88503110
Madawaska|unit04	Madawaska	P0_seed7	4	PB50|unit03	PB50	PB50_near3	3	Madawaska|unit04	Madawaska	4	PB50|unit03	PB50	3	Madawaska__PB50	one_repeat	false	false	0.58823500	0.50370400	0.59900990	0.73333333	37	0.21064606	40.76427776	53.74611396	0.99455097	8.82769563	8.80223373	0.10161886	0.11003531	0.19204919	0.33326219	49.70200871	62.74039688
LY01|unit01	LY01	P0_seed7	1	AH12|unit01	AH12	PB50_near3	1	LY01|unit01	LY01	1	AH12|unit01	AH12	1	LY01__AH12	two_repeat	true	true	0.58904100	0.56756800	0.60669456	0.66210046	20	0.13663958	60.18399846	49.17050443	0.66857144	17.27657318	18.03963691	0.01272794	1.28968700	0.49392119	0.26344384	78.75025864	67.70406254
LY01|unit01	LY01	P0_seed7	1	AH12|unit01	AH12	PB50_near3	1	LY01|unit01	LY01	1	AH12|unit01	AH12	1	LY01__AH12	one_repeat	true	true	0.58904100	0.56756800	0.58986175	0.64974619	20	0.14831654	59.43870942	47.42019160	0.89909569	8.87866455	8.23204769	0.01329989	0.06956726	0.23393117	0.25164397	68.38694123	55.88617046
LY01|unit01	LY01	P0_seed7	1	AH12|unit02	AH12	PB50_near3	2	LY01|unit01	LY01	1	AH12|unit02	AH12	2	LY01__AH12	two_repeat	false	false	0.54625600	0.50632900	0.57894737	0.65296804	28	0.01108777	60.18399846	59.13144656	0.29116176	17.27657318	17.15647690	0.00093661	1.28968700	0.16061546	0.07313217	78.75025864	76.44853892
LY01|unit01	LY01	P0_seed7	1	AH12|unit02	AH12	PB50_near3	2	LY01|unit01	LY01	1	AH12|unit02	AH12	2	LY01__AH12	one_repeat	false	false	0.54625600	0.50632900	0.55111111	0.62944162	28	0.01506854	59.43870942	59.02851967	0.96672158	8.87866455	8.31688678	0.00349760	0.06956726	0.10546529	0.13552229	68.38694123	67.45087174
LY01|unit01	LY01	P0_seed7	1	AH12|unit03	AH12	PB50_near3	3	LY01|unit01	LY01	1	AH12|unit03	AH12	3	LY01__AH12	two_repeat	false	false	0.53211000	0.49333300	0.56666667	0.64454976	29	0.04761839	60.18399846	50.15891529	0.75453288	17.27657318	18.45043014	0.01162203	1.28968700	1.21477425	0.21701916	78.75025864	69.82411967
LY01|unit01	LY01	P0_seed7	1	AH12|unit03	AH12	PB50_near3	3	LY01|unit01	LY01	1	AH12|unit03	AH12	3	LY01__AH12	one_repeat	false	false	0.53211000	0.49333300	0.54128440	0.62433862	29	0.02289464	59.43870942	49.02445614	0.63245044	8.87866455	4.89408883	0.00026910	0.06956726	7.06413019	0.08654522	68.38694123	60.98267515
LY01|unit01	LY01	P0_seed7	1	Machias|unit01	Machias	PB50_near3	1	LY01|unit01	LY01	1	Machias|unit01	Machias	1	LY01__Machias	two_repeat	true	true	0.58256900	0.55102000	0.60084034	0.65296804	19	0.13796615	60.18399846	49.15348476	0.73809013	17.27657318	17.54533136	0.01274486	1.28968700	1.02907450	0.27870004	78.75025864	67.72789062
LY01|unit01	LY01	P0_seed7	1	Machias|unit01	Machias	PB50_near3	1	LY01|unit01	LY01	1	Machias|unit01	Machias	1	LY01__Machias	one_repeat	true	true	0.58256900	0.55102000	0.58333333	0.63959391	19	0.14464123	59.43870942	48.44818616	0.90503426	8.87866455	8.34973460	0.03383432	0.06956726	0.07404114	0.24923919	68.38694123	56.87196189
LY01|unit01	LY01	P0_seed7	1	Machias|unit02	Machias	PB50_near3	2	LY01|unit01	LY01	1	Machias|unit02	Machias	2	LY01__Machias	two_repeat	false	false	0.56277100	0.53086400	0.59362550	0.68981481	35	0.00609515	60.18399846	59.97731610	0.29352375	17.27657318	17.04317143	0.00266390	1.28968700	0.31958826	0.06925830	78.75025864	77.34007580
LY01|unit01	LY01	P0_seed7	1	Machias|unit02	Machias	PB50_near3	2	LY01|unit01	LY01	1	Machias|unit02	Machias	2	LY01__Machias	one_repeat	false	false	0.56277100	0.53086400	0.56768559	0.67010309	35	0.00993452	59.43870942	59.91045521	0.96360586	8.87866455	8.26517343	0.00494233	0.06956726	0.17739061	0.12949250	68.38694123	68.35301925
LY01|unit01	LY01	P0_seed7	1	Machias|unit03	Machias	PB50_near3	3	LY01|unit01	LY01	1	Machias|unit03	Machias	3	LY01__Machias	two_repeat	false	false	0.53424700	0.49044600	0.56147541	0.65865385	36	0.01446494	60.18399846	52.39122982	0.73208701	17.27657318	18.97405247	0.05491632	1.28968700	0.52063758	0.18770509	78.75025864	71.88591986
LY01|unit01	LY01	P0_seed7	1	Machias|unit03	Machias	PB50_near3	3	LY01|unit01	LY01	1	Machias|unit03	Machias	3	LY01__Machias	one_repeat	false	false	0.53424700	0.49044600	0.53211009	0.61052632	28	0.02452705	59.43870942	53.66354149	0.99023266	8.87866455	8.70822761	0.00126726	0.06956726	0.36647328	0.15397296	68.38694123	62.73824238
LY01|unit01	LY01	P0_seed7	1	PB50|unit01	PB50	PB50_near3	1	LY01|unit01	LY01	1	PB50|unit01	PB50	1	LY01__PB50	two_repeat	true	true	0.58256900	0.55102000	0.60084034	0.65296804	19	0.13796615	60.18399846	49.15348476	0.73809013	17.27657318	17.54533136	0.01274486	1.28968700	1.02907450	0.27870004	78.75025864	67.72789062
LY01|unit01	LY01	P0_seed7	1	PB50|unit01	PB50	PB50_near3	1	LY01|unit01	LY01	1	PB50|unit01	PB50	1	LY01__PB50	one_repeat	true	true	0.58256900	0.55102000	0.58333333	0.63959391	19	0.14464123	59.43870942	48.44818616	0.90503426	8.87866455	8.34973460	0.03383432	0.06956726	0.07404114	0.24923919	68.38694123	56.87196189
LY01|unit01	LY01	P0_seed7	1	PB50|unit02	PB50	PB50_near3	2	LY01|unit01	LY01	1	PB50|unit02	PB50	2	LY01__PB50	two_repeat	false	false	0.55021800	0.51250000	0.57831325	0.66055046	31	0.00711855	60.18399846	60.13697426	0.29289569	17.27657318	17.08704202	0.00147292	1.28968700	0.26412494	0.06991898	78.75025864	77.48814123
LY01|unit01	LY01	P0_seed7	1	PB50|unit02	PB50	PB50_near3	2	LY01|unit01	LY01	1	PB50|unit02	PB50	2	LY01__PB50	one_repeat	false	false	0.55021800	0.51250000	0.55506608	0.64285714	31	0.01101045	59.43870942	60.04281115	0.96376950	8.87866455	8.26788292	0.00490448	0.06956726	0.17409361	0.13035606	68.38694123	68.48478768
LY01|unit01	LY01	P0_seed7	1	PB50|unit03	PB50	PB50_near3	3	LY01|unit01	LY01	1	PB50|unit03	PB50	3	LY01__PB50	two_repeat	false	false	0.53424700	0.49044600	0.55737705	0.65384615	36	0.01446823	60.18399846	52.39370710	0.73186956	17.27657318	18.97728015	0.05511865	1.28968700	0.51404384	0.18767090	78.75025864	71.88503110
LY01|unit01	LY01	P0_seed7	1	PB50|unit03	PB50	PB50_near3	3	LY01|unit01	LY01	1	PB50|unit03	PB50	3	LY01__PB50	one_repeat	false	false	0.53424700	0.49044600	0.52752294	0.60526316	28	0.02471714	59.43870942	53.74611396	0.99411555	8.87866455	8.80223373	0.00202116	0.06956726	0.19204919	0.15538324	68.38694123	62.74039688
LY01|unit02	LY01	P0_seed7	2	AH12|unit01	AH12	PB50_near3	1	LY01|unit02	LY01	2	AH12|unit01	AH12	1	LY01__AH12	two_repeat	false	false	0.54502400	0.48611100	0.57510730	0.64734300	26	0.00198100	62.11196075	49.17050443	0.02187541	17.20398977	18.03963691	0.02342773	0.20490258	0.49392119	0.00684525	79.52085311	67.70406254
LY01|unit02	LY01	P0_seed7	2	AH12|unit01	AH12	PB50_near3	1	LY01|unit02	LY01	2	AH12|unit01	AH12	1	LY01__AH12	one_repeat	false	false	0.54502400	0.48611100	0.55450237	0.63243243	26	0.00234684	62.06544437	47.42019160	0.98744693	8.43981371	8.23204769	0.08297314	0.03275138	0.23393117	0.13242444	70.53800946	55.88617046
LY01|unit02	LY01	P0_seed7	2	AH12|unit02	AH12	PB50_near3	2	LY01|unit02	LY01	2	AH12|unit02	AH12	2	LY01__AH12	two_repeat	true	true	0.59259300	0.54421800	0.63559322	0.70754717	24	0.05791869	62.11196075	59.13144656	0.98936507	17.20398977	17.15647690	0.07509581	0.20490258	0.16061546	0.26315903	79.52085311	76.44853892
LY01|unit02	LY01	P0_seed7	2	AH12|unit02	AH12	PB50_near3	2	LY01|unit02	LY01	2	AH12|unit02	AH12	2	LY01__AH12	one_repeat	true	true	0.59259300	0.54421800	0.59813084	0.67368421	24	0.05436118	62.06544437	59.02851967	0.99254592	8.43981371	8.31688678	0.11080620	0.03275138	0.10546529	0.16834633	70.53800946	67.45087174
LY01|unit02	LY01	P0_seed7	2	AH12|unit03	AH12	PB50_near3	3	LY01|unit02	LY01	2	AH12|unit03	AH12	3	LY01__AH12	two_repeat	false	false	0.56459300	0.48227000	0.61135371	0.68627451	25	0.03943665	62.11196075	50.15891529	0.07799651	17.20398977	18.45043014	0.04149584	0.20490258	1.21477425	0.04866195	79.52085311	69.82411967
LY01|unit02	LY01	P0_seed7	2	AH12|unit03	AH12	PB50_near3	3	LY01|unit02	LY01	2	AH12|unit03	AH12	3	LY01__AH12	one_repeat	false	false	0.56459300	0.48227000	0.57004831	0.64835165	25	0.01776015	62.06544437	49.02445614	0.73384098	8.43981371	4.89408883	0.00092654	0.03275138	7.06413019	0.08944991	70.53800946	60.98267515
LY01|unit02	LY01	P0_seed7	2	Machias|unit01	Machias	PB50_near3	1	LY01|unit02	LY01	2	Machias|unit01	Machias	1	LY01__Machias	two_repeat	false	false	0.54929600	0.47945200	0.57872340	0.66666667	31	0.00267652	62.11196075	49.15348476	0.08833259	17.20398977	17.54533136	0.01531788	0.20490258	1.02907450	0.02299649	79.52085311	67.72789062
LY01|unit02	LY01	P0_seed7	2	Machias|unit01	Machias	PB50_near3	1	LY01|unit02	LY01	2	Machias|unit01	Machias	1	LY01__Machias	one_repeat	false	false	0.54929600	0.47945200	0.55868545	0.65384615	31	0.00438986	62.06544437	48.44818616	0.99457684	8.43981371	8.34973460	0.17465001	0.03275138	0.07404114	0.13501523	70.53800946	56.87196189
LY01|unit02	LY01	P0_seed7	2	Machias|unit02	Machias	PB50_near3	2	LY01|unit02	LY01	2	Machias|unit02	Machias	2	LY01__Machias	two_repeat	true	true	0.60000000	0.55921100	0.64166667	0.73684211	31	0.05484411	62.11196075	59.97731610	0.98575268	17.20398977	17.04317143	0.05191527	0.20490258	0.31958826	0.25807790	79.52085311	77.34007580
LY01|unit02	LY01	P0_seed7	2	Machias|unit02	Machias	PB50_near3	2	LY01|unit02	LY01	2	Machias|unit02	Machias	2	LY01__Machias	one_repeat	true	true	0.60000000	0.55921100	0.60550459	0.70588235	31	0.05178430	62.06544437	59.91045521	0.98942829	8.43981371	8.26517343	0.08124196	0.03275138	0.17739061	0.16460311	70.53800946	68.35301925
LY01|unit02	LY01	P0_seed7	2	Machias|unit03	Machias	PB50_near3	3	LY01|unit02	LY01	2	Machias|unit03	Machias	3	LY01__Machias	two_repeat	false	false	0.57894700	0.49645400	0.62445415	0.69756098	24	0.04377491	62.11196075	52.39122982	0.06774025	17.20398977	18.97405247	0.05417535	0.20490258	0.52063758	0.04955117	79.52085311	71.88591986
LY01|unit02	LY01	P0_seed7	2	Machias|unit03	Machias	PB50_near3	3	LY01|unit02	LY01	2	Machias|unit03	Machias	3	LY01__Machias	one_repeat	false	false	0.57894700	0.49645400	0.58454106	0.66120219	24	0.02203839	62.06544437	53.66354149	0.96511158	8.43981371	8.70822761	0.02502468	0.03275138	0.36647328	0.14338822	70.53800946	62.73824238
LY01|unit02	LY01	P0_seed7	2	PB50|unit01	PB50	PB50_near3	1	LY01|unit02	LY01	2	PB50|unit01	PB50	1	LY01__PB50	two_repeat	false	false	0.54929600	0.47945200	0.57872340	0.66666667	31	0.00267652	62.11196075	49.15348476	0.08833259	17.20398977	17.54533136	0.01531788	0.20490258	1.02907450	0.02299649	79.52085311	67.72789062
LY01|unit02	LY01	P0_seed7	2	PB50|unit01	PB50	PB50_near3	1	LY01|unit02	LY01	2	PB50|unit01	PB50	1	LY01__PB50	one_repeat	false	false	0.54929600	0.47945200	0.55868545	0.65384615	31	0.00438986	62.06544437	48.44818616	0.99457684	8.43981371	8.34973460	0.17465001	0.03275138	0.07404114	0.13501523	70.53800946	56.87196189
LY01|unit02	LY01	P0_seed7	2	PB50|unit02	PB50	PB50_near3	2	LY01|unit02	LY01	2	PB50|unit02	PB50	2	LY01__PB50	two_repeat	true	true	0.58333300	0.53378400	0.62288136	0.69014085	23	0.05914177	62.11196075	60.13697426	0.98814720	17.20398977	17.08704202	0.05889683	0.20490258	0.26412494	0.26203741	79.52085311	77.48814123
LY01|unit02	LY01	P0_seed7	2	PB50|unit02	PB50	PB50_near3	2	LY01|unit02	LY01	2	PB50|unit02	PB50	2	LY01__PB50	one_repeat	true	true	0.58333300	0.53378400	0.58878505	0.65968586	23	0.05545572	62.06544437	60.04281115	0.98959204	8.43981371	8.26788292	0.08225173	0.03275138	0.17409361	0.16775967	70.53800946	68.48478768
LY01|unit02	LY01	P0_seed7	2	PB50|unit03	PB50	PB50_near3	3	LY01|unit02	LY01	2	PB50|unit03	PB50	3	LY01__PB50	two_repeat	false	false	0.57894700	0.49645400	0.62008734	0.69268293	24	0.04378080	62.11196075	52.39370710	0.06756254	17.20398977	18.97728015	0.05432213	0.20490258	0.51404384	0.04951395	79.52085311	71.88503110
LY01|unit02	LY01	P0_seed7	2	PB50|unit03	PB50	PB50_near3	3	LY01|unit02	LY01	2	PB50|unit03	PB50	3	LY01__PB50	one_repeat	false	false	0.57894700	0.49645400	0.57971014	0.65573770	24	0.02220123	62.06544437	53.74611396	0.96830043	8.43981371	8.80223373	0.04138331	0.03275138	0.19204919	0.14462916	70.53800946	62.74039688
LY01|unit03	LY01	P0_seed7	3	AH12|unit01	AH12	PB50_near3	1	LY01|unit03	LY01	3	AH12|unit01	AH12	1	LY01__AH12	two_repeat	false	false	0.55605400	0.50967700	0.57786885	0.65277778	28	0.06583316	60.65345298	49.17050443	0.84465113	19.38124223	18.03963691	0.00303888	0.00629299	0.49392119	0.26290846	80.04098820	67.70406254
LY01|unit03	LY01	P0_seed7	3	AH12|unit01	AH12	PB50_near3	1	LY01|unit03	LY01	3	AH12|unit01	AH12	1	LY01__AH12	one_repeat	false	false	0.55605400	0.50967700	0.55855856	0.63917526	28	0.05644346	60.62526923	47.42019160	0.89634656	8.93111111	8.23204769	0.01300948	0.00488273	0.23393117	0.17130203	69.56126307	55.88617046
LY01|unit03	LY01	P0_seed7	3	AH12|unit02	AH12	PB50_near3	2	LY01|unit03	LY01	3	AH12|unit02	AH12	2	LY01__AH12	two_repeat	false	false	0.54464300	0.52287600	0.59016393	0.64285714	20	0.03217253	60.65345298	59.13144656	0.06013784	19.38124223	17.15647690	0.00820210	0.00629299	0.16061546	0.03867640	80.04098820	76.44853892
LY01|unit03	LY01	P0_seed7	3	AH12|unit02	AH12	PB50_near3	2	LY01|unit03	LY01	3	AH12|unit02	AH12	2	LY01__AH12	one_repeat	false	false	0.54464300	0.52287600	0.54954955	0.60396040	20	0.02975199	60.62526923	59.02851967	0.96378249	8.93111111	8.31688678	0.02395624	0.00488273	0.10546529	0.14732928	69.56126307	67.45087174
LY01|unit03	LY01	P0_seed7	3	AH12|unit03	AH12	PB50_near3	3	LY01|unit03	LY01	3	AH12|unit03	AH12	3	LY01__AH12	two_repeat	false	true	0.57077600	0.48344400	0.62343096	0.69626168	25	0.15893656	60.65345298	50.15891529	0.95447034	19.38124223	18.45043014	0.00458838	0.00629299	1.21477425	0.35850206	80.04098820	69.82411967
LY01|unit03	LY01	P0_seed7	3	AH12|unit03	AH12	PB50_near3	3	LY01|unit03	LY01	3	AH12|unit03	AH12	3	LY01__AH12	one_repeat	false	true	0.57077600	0.48344400	0.58525346	0.66145833	25	0.13471362	60.62526923	49.02445614	0.70778164	8.93111111	4.89408883	0.00042359	0.00488273	7.06413019	0.18813228	69.56126307	60.98267515
LY01|unit03	LY01	P0_seed7	3	Machias|unit01	Machias	PB50_near3	1	LY01|unit03	LY01	3	Machias|unit01	Machias	1	LY01__Machias	two_repeat	false	false	0.55803600	0.51612900	0.57959184	0.66355140	31	0.03289809	60.65345298	49.15348476	0.57747905	19.38124223	17.54533136	0.00334088	0.00629299	1.02907450	0.16883948	80.04098820	67.72789062
LY01|unit03	LY01	P0_seed7	3	Machias|unit01	Machias	PB50_near3	1	LY01|unit03	LY01	3	Machias|unit01	Machias	1	LY01__Machias	one_repeat	false	false	0.55803600	0.51612900	0.56053812	0.65104167	31	0.03259828	60.62526923	48.44818616	0.34177996	8.93111111	8.34973460	0.02842085	0.00488273	0.07404114	0.07496886	69.56126307	56.87196189
LY01|unit03	LY01	P0_seed7	3	Machias|unit02	Machias	PB50_near3	2	LY01|unit03	LY01	3	Machias|unit02	Machias	2	LY01__Machias	two_repeat	false	false	0.57456100	0.53548400	0.61693548	0.69230769	27	0.11478921	60.65345298	59.97731610	0.06164347	19.38124223	17.04317143	0.00480653	0.00629299	0.31958826	0.10226137	80.04098820	77.34007580
LY01|unit03	LY01	P0_seed7	3	Machias|unit02	Machias	PB50_near3	2	LY01|unit03	LY01	3	Machias|unit02	Machias	2	LY01__Machias	one_repeat	false	false	0.57456100	0.53548400	0.57964602	0.65829146	27	0.11239115	60.62526923	59.91045521	0.96066769	8.93111111	8.26517343	0.01523760	0.00488273	0.17739061	0.21803283	69.56126307	68.35301925
LY01|unit03	LY01	P0_seed7	3	Machias|unit03	Machias	PB50_near3	3	LY01|unit03	LY01	3	Machias|unit03	Machias	3	LY01__Machias	two_repeat	false	true	0.55251100	0.48366000	0.60669456	0.67441860	24	0.15171416	60.65345298	52.39122982	0.97755171	19.38124223	18.97405247	0.00990951	0.00629299	0.52063758	0.35971235	80.04098820	71.88591986
LY01|unit03	LY01	P0_seed7	3	Machias|unit03	Machias	PB50_near3	3	LY01|unit03	LY01	3	Machias|unit03	Machias	3	LY01__Machias	one_repeat	false	true	0.55251100	0.48366000	0.56682028	0.63730570	24	0.12578047	60.62526923	53.66354149	0.98730153	8.93111111	8.70822761	0.00729347	0.00488273	0.36647328	0.24031348	69.56126307	62.73824238
LY01|unit03	LY01	P0_seed7	3	PB50|unit01	PB50	PB50_near3	1	LY01|unit03	LY01	3	PB50|unit01	PB50	1	LY01__PB50	two_repeat	false	false	0.55803600	0.51612900	0.57959184	0.66355140	31	0.03289809	60.65345298	49.15348476	0.57747905	19.38124223	17.54533136	0.00334088	0.00629299	1.02907450	0.16883948	80.04098820	67.72789062
LY01|unit03	LY01	P0_seed7	3	PB50|unit01	PB50	PB50_near3	1	LY01|unit03	LY01	3	PB50|unit01	PB50	1	LY01__PB50	one_repeat	false	false	0.55803600	0.51612900	0.56053812	0.65104167	31	0.03259828	60.62526923	48.44818616	0.34177996	8.93111111	8.34973460	0.02842085	0.00488273	0.07404114	0.07496886	69.56126307	56.87196189
LY01|unit03	LY01	P0_seed7	3	PB50|unit02	PB50	PB50_near3	2	LY01|unit03	LY01	3	PB50|unit02	PB50	2	LY01__PB50	two_repeat	false	false	0.56578900	0.54838700	0.60483871	0.67873303	27	0.13727452	60.65345298	60.13697426	0.06132946	19.38124223	17.08704202	0.00567908	0.00629299	0.26412494	0.11946720	80.04098820	77.48814123
LY01|unit03	LY01	P0_seed7	3	PB50|unit02	PB50	PB50_near3	2	LY01|unit03	LY01	3	PB50|unit02	PB50	2	LY01__PB50	one_repeat	false	false	0.56578900	0.54838700	0.57079646	0.64824121	27	0.13495479	60.62526923	60.04281115	0.96083130	8.93111111	8.26788292	0.01549449	0.00488273	0.17409361	0.23769488	69.56126307	68.48478768
LY01|unit03	LY01	P0_seed7	3	PB50|unit03	PB50	PB50_near3	3	LY01|unit03	LY01	3	PB50|unit03	PB50	3	LY01__PB50	two_repeat	false	true	0.55251100	0.48366000	0.60251046	0.66976744	24	0.15173038	60.65345298	52.39370710	0.97779419	19.38124223	18.97728015	0.01002878	0.00629299	0.51404384	0.35981097	80.04098820	71.88503110
LY01|unit03	LY01	P0_seed7	3	PB50|unit03	PB50	PB50_near3	3	LY01|unit03	LY01	3	PB50|unit03	PB50	3	LY01__PB50	one_repeat	false	true	0.55251100	0.48366000	0.56221198	0.63212435	24	0.12591851	60.62526923	53.74611396	0.99259918	8.93111111	8.80223373	0.01287979	0.00488273	0.19204919	0.24191771	69.56126307	62.74039688
LY01|unit04	LY01	P0_seed7	4	AH12|unit01	AH12	PB50_near3	1	LY01|unit04	LY01	4	AH12|unit01	AH12	1	LY01__AH12	two_repeat	false	false	0.56796100	0.46715300	0.59292035	0.68020305	29	0.00671276	50.45745065	49.17050443	0.88938005	18.89891657	18.03963691	0.00012794	0.47470994	0.49392119	0.24372910	69.83107715	67.70406254
LY01|unit04	LY01	P0_seed7	4	AH12|unit01	AH12	PB50_near3	1	LY01|unit04	LY01	4	AH12|unit01	AH12	1	LY01__AH12	one_repeat	false	false	0.56796100	0.46715300	0.57352941	0.66857143	29	0.00343634	49.92094601	47.42019160	0.97677123	7.97346652	8.23204769	0.01060738	0.82137477	0.23393117	0.14113870	58.71578730	55.88617046
LY01|unit04	LY01	P0_seed7	4	AH12|unit02	AH12	PB50_near3	2	LY01|unit04	LY01	4	AH12|unit02	AH12	2	LY01__AH12	two_repeat	false	false	0.52358500	0.46621600	0.57327586	0.66834171	33	0.01842857	50.45745065	59.13144656	0.01734884	18.89891657	17.15647690	0.00416948	0.47470994	0.16061546	0.01810051	69.83107715	76.44853892
LY01|unit04	LY01	P0_seed7	4	AH12|unit02	AH12	PB50_near3	2	LY01|unit04	LY01	4	AH12|unit02	AH12	2	LY01__AH12	one_repeat	false	false	0.52358500	0.46621600	0.52857143	0.62711864	33	0.01640284	49.92094601	59.02851967	0.97811172	7.97346652	8.31688678	0.00388339	0.82137477	0.10546529	0.14048454	58.71578730	67.45087174
LY01|unit04	LY01	P0_seed7	4	AH12|unit03	AH12	PB50_near3	3	LY01|unit04	LY01	4	AH12|unit03	AH12	3	LY01__AH12	two_repeat	false	false	0.61576400	0.51879700	0.66816143	0.77202073	30	0.07145074	50.45745065	50.15891529	0.91156727	18.89891657	18.45043014	0.00754279	0.47470994	1.21477425	0.29535814	69.83107715	69.82411967
LY01|unit04	LY01	P0_seed7	4	AH12|unit03	AH12	PB50_near3	3	LY01|unit04	LY01	4	AH12|unit03	AH12	3	LY01__AH12	one_repeat	false	false	0.61576400	0.51879700	0.63184080	0.74269006	30	0.03332999	49.92094601	49.02445614	0.71419984	7.97346652	4.89408883	0.00862833	0.82137477	7.06413019	0.10489603	58.71578730	60.98267515
LY01|unit04	LY01	P0_seed7	4	Machias|unit01	Machias	PB50_near3	1	LY01|unit04	LY01	4	Machias|unit01	Machias	1	LY01__Machias	two_repeat	false	false	0.57073200	0.47482000	0.59555556	0.68020305	28	0.00706396	50.45745065	49.15348476	0.82954576	18.89891657	17.54533136	0.00016136	0.47470994	1.02907450	0.22489309	69.83107715	67.72789062
LY01|unit04	LY01	P0_seed7	4	Machias|unit01	Machias	PB50_near3	1	LY01|unit04	LY01	4	Machias|unit01	Machias	1	LY01__Machias	one_repeat	false	false	0.57073200	0.47482000	0.57635468	0.66857143	28	0.00305734	49.92094601	48.44818616	0.97675033	7.97346652	8.34973460	0.00797585	0.82137477	0.07404114	0.14059952	58.71578730	56.87196189
LY01|unit04	LY01	P0_seed7	4	Machias|unit02	Machias	PB50_near3	2	LY01|unit04	LY01	4	Machias|unit02	Machias	2	LY01__Machias	two_repeat	false	false	0.53953500	0.46052600	0.58723404	0.70050761	38	0.01700557	50.45745065	59.97731610	0.01874038	18.89891657	17.04317143	0.00373800	0.47470994	0.31958826	0.01735764	69.83107715	77.34007580
LY01|unit04	LY01	P0_seed7	4	Machias|unit02	Machias	PB50_near3	2	LY01|unit04	LY01	4	Machias|unit02	Machias	2	LY01__Machias	one_repeat	false	false	0.53953500	0.46052600	0.54460094	0.66285714	38	0.01496607	49.92094601	59.91045521	0.97717765	7.97346652	8.26517343	0.00450121	0.82137477	0.17739061	0.13784875	58.71578730	68.35301925
LY01|unit04	LY01	P0_seed7	4	Machias|unit03	Machias	PB50_near3	3	LY01|unit04	LY01	4	Machias|unit03	Machias	3	LY01__Machias	two_repeat	false	false	0.61576400	0.50375900	0.66816143	0.76804124	29	0.07144353	50.45745065	52.39122982	0.93161833	18.89891657	18.97405247	0.01103910	0.47470994	0.52063758	0.30089554	69.83107715	71.88591986
LY01|unit04	LY01	P0_seed7	4	Machias|unit03	Machias	PB50_near3	3	LY01|unit04	LY01	4	Machias|unit03	Machias	3	LY01__Machias	one_repeat	false	false	0.61576400	0.50375900	0.63184080	0.73837209	29	0.03857337	49.92094601	53.66354149	0.94342772	7.97346652	8.70822761	0.04843541	0.82137477	0.36647328	0.16295144	58.71578730	62.73824238
LY01|unit04	LY01	P0_seed7	4	PB50|unit01	PB50	PB50_near3	1	LY01|unit04	LY01	4	PB50|unit01	PB50	1	LY01__PB50	two_repeat	false	false	0.57073200	0.47482000	0.59555556	0.68020305	28	0.00706396	50.45745065	49.15348476	0.82954576	18.89891657	17.54533136	0.00016136	0.47470994	1.02907450	0.22489309	69.83107715	67.72789062
LY01|unit04	LY01	P0_seed7	4	PB50|unit01	PB50	PB50_near3	1	LY01|unit04	LY01	4	PB50|unit01	PB50	1	LY01__PB50	one_repeat	false	false	0.57073200	0.47482000	0.57635468	0.66857143	28	0.00305734	49.92094601	48.44818616	0.97675033	7.97346652	8.34973460	0.00797585	0.82137477	0.07404114	0.14059952	58.71578730	56.87196189
LY01|unit04	LY01	P0_seed7	4	PB50|unit02	PB50	PB50_near3	2	LY01|unit04	LY01	4	PB50|unit02	PB50	2	LY01__PB50	two_repeat	false	false	0.52803700	0.44827600	0.57264957	0.67676768	36	0.02048324	50.45745065	60.13697426	0.01847560	18.89891657	17.08704202	0.00418791	0.47470994	0.26412494	0.01991111	69.83107715	77.48814123
LY01|unit04	LY01	P0_seed7	4	PB50|unit02	PB50	PB50_near3	2	LY01|unit04	LY01	4	PB50|unit02	PB50	2	LY01__PB50	one_repeat	false	false	0.52803700	0.44827600	0.53301887	0.64204545	36	0.01946486	49.92094601	60.04281115	0.97725660	7.97346652	8.26788292	0.00447284	0.82137477	0.17409361	0.14164124	58.71578730	68.48478768
LY01|unit04	LY01	P0_seed7	4	PB50|unit03	PB50	PB50_near3	3	LY01|unit04	LY01	4	PB50|unit03	PB50	3	LY01__PB50	two_repeat	false	false	0.61576400	0.50375900	0.66367713	0.76288660	29	0.07146354	50.45745065	52.39370710	0.93186702	18.89891657	18.97728015	0.01111324	0.47470994	0.51404384	0.30100089	69.83107715	71.88503110
LY01|unit04	LY01	P0_seed7	4	PB50|unit03	PB50	PB50_near3	3	LY01|unit04	LY01	4	PB50|unit03	PB50	3	LY01__PB50	one_repeat	false	false	0.61576400	0.50375900	0.62686567	0.73255814	29	0.03882315	49.92094601	53.74611396	0.94559362	7.97346652	8.80223373	0.04959133	0.82137477	0.19204919	0.16415742	58.71578730	62.74039688
S6|unit01	S6	P0_seed7	1	AH12|unit01	AH12	PB50_near3	1	S6|unit01	S6	1	AH12|unit01	AH12	1	S6__AH12	two_repeat	true	true	0.58108100	0.55704700	0.59917355	0.67441860	27	0.19375717	57.74978004	49.17050443	0.19843749	17.19051225	18.03963691	0.43890424	0.86952232	0.49392119	0.19736416	75.80981461	67.70406254
S6|unit01	S6	P0_seed7	1	AH12|unit01	AH12	PB50_near3	1	S6|unit01	S6	1	AH12|unit01	AH12	1	S6__AH12	one_repeat	true	true	0.58108100	0.55704700	0.58181818	0.66321244	27	0.16532495	60.34116813	47.42019160	0.22454965	8.92898177	8.23204769	0.01113313	0.02950200	0.23393117	0.17315994	69.29965190	55.88617046
S6|unit01	S6	P0_seed7	1	AH12|unit02	AH12	PB50_near3	2	S6|unit01	S6	1	AH12|unit02	AH12	2	S6__AH12	two_repeat	false	false	0.55263200	0.52201300	0.58467742	0.66820276	31	0.00286290	57.74978004	59.13144656	0.67854680	17.19051225	17.15647690	0.00173877	0.86952232	0.16061546	0.15527937	75.80981461	76.44853892
S6|unit01	S6	P0_seed7	1	AH12|unit02	AH12	PB50_near3	2	S6|unit01	S6	1	AH12|unit02	AH12	2	S6__AH12	one_repeat	false	false	0.55263200	0.52201300	0.55752212	0.64615385	31	0.00090881	60.34116813	59.02851967	0.96389920	8.92898177	8.31688678	0.00511740	0.02950200	0.10546529	0.12235751	69.29965190	67.45087174
S6|unit01	S6	P0_seed7	1	AH12|unit03	AH12	PB50_near3	3	S6|unit01	S6	1	AH12|unit03	AH12	3	S6__AH12	two_repeat	false	false	0.50691200	0.45333300	0.53781513	0.60377358	26	0.04482312	57.74978004	50.15891529	0.34858389	17.19051225	18.45043014	0.02823136	0.86952232	1.21477425	0.11896541	75.80981461	69.82411967
S6|unit01	S6	P0_seed7	1	AH12|unit03	AH12	PB50_near3	3	S6|unit01	S6	1	AH12|unit03	AH12	3	S6__AH12	one_repeat	false	false	0.50691200	0.45333300	0.50925926	0.57894737	26	0.01653650	60.34116813	49.02445614	0.55154354	8.92898177	4.89408883	0.00044343	0.02950200	7.06413019	0.07243415	69.29965190	60.98267515
S6|unit01	S6	P0_seed7	1	Machias|unit01	Machias	PB50_near3	1	S6|unit01	S6	1	Machias|unit01	Machias	1	S6__Machias	two_repeat	true	true	0.56888900	0.53691300	0.58775510	0.68246445	34	0.09382563	57.74978004	49.15348476	0.37063884	17.19051225	17.54533136	0.34878193	0.86952232	1.02907450	0.16418623	75.80981461	67.72789062
S6|unit01	S6	P0_seed7	1	Machias|unit01	Machias	PB50_near3	1	S6|unit01	S6	1	Machias|unit01	Machias	1	S6__Machias	one_repeat	true	true	0.56888900	0.53691300	0.56950673	0.67195767	34	0.06171609	60.34116813	48.44818616	0.96586498	8.92898177	8.34973460	0.05961412	0.02950200	0.07404114	0.18553407	69.29965190	56.87196189
S6|unit01	S6	P0_seed7	1	Machias|unit02	Machias	PB50_near3	2	S6|unit01	S6	1	Machias|unit02	Machias	2	S6__Machias	two_repeat	false	false	0.52914800	0.49681500	0.56378601	0.61434978	20	0.00250607	57.74978004	59.97731610	0.65099852	17.19051225	17.04317143	0.00953473	0.86952232	0.31958826	0.14753377	75.80981461	77.34007580
S6|unit01	S6	P0_seed7	1	Machias|unit02	Machias	PB50_near3	2	S6|unit01	S6	1	Machias|unit02	Machias	2	S6__Machias	one_repeat	false	false	0.52914800	0.49681500	0.53393665	0.58706468	20	0.00092033	60.34116813	59.91045521	0.89831673	8.92898177	8.26517343	0.00607159	0.02950200	0.17739061	0.11302728	69.29965190	68.35301925
S6|unit01	S6	P0_seed7	1	Machias|unit03	Machias	PB50_near3	3	S6|unit01	S6	1	Machias|unit03	Machias	3	S6__Machias	two_repeat	false	false	0.52017900	0.48076900	0.55737705	0.65700483	37	0.04468784	57.74978004	52.39122982	0.35105341	17.19051225	18.97405247	0.01425677	0.86952232	0.52063758	0.11943000	75.80981461	71.88591986
S6|unit01	S6	P0_seed7	1	Machias|unit03	Machias	PB50_near3	3	S6|unit01	S6	1	Machias|unit03	Machias	3	S6__Machias	one_repeat	false	false	0.52017900	0.48076900	0.53153153	0.63783784	37	0.01551503	60.34116813	53.66354149	0.87838839	8.92898177	8.70822761	0.00413255	0.02950200	0.36647328	0.13074724	69.29965190	62.73824238
S6|unit01	S6	P0_seed7	1	PB50|unit01	PB50	PB50_near3	1	S6|unit01	S6	1	PB50|unit01	PB50	1	S6__PB50	two_repeat	true	true	0.56888900	0.53691300	0.58775510	0.68246445	34	0.09382563	57.74978004	49.15348476	0.37063884	17.19051225	17.54533136	0.34878193	0.86952232	1.02907450	0.16418623	75.80981461	67.72789062
S6|unit01	S6	P0_seed7	1	PB50|unit01	PB50	PB50_near3	1	S6|unit01	S6	1	PB50|unit01	PB50	1	S6__PB50	one_repeat	true	true	0.56888900	0.53691300	0.56950673	0.67195767	34	0.06171609	60.34116813	48.44818616	0.96586498	8.92898177	8.34973460	0.05961412	0.02950200	0.07404114	0.18553407	69.29965190	56.87196189
S6|unit01	S6	P0_seed7	1	PB50|unit02	PB50	PB50_near3	2	S6|unit01	S6	1	PB50|unit02	PB50	2	S6__PB50	two_repeat	false	false	0.53017200	0.48407600	0.55952381	0.65887850	38	0.00278902	57.74978004	60.13697426	0.64991071	17.19051225	17.08704202	0.00969294	0.86952232	0.26412494	0.14755210	75.80981461	77.48814123
S6|unit01	S6	P0_seed7	1	PB50|unit02	PB50	PB50_near3	2	S6|unit01	S6	1	PB50|unit02	PB50	2	S6__PB50	one_repeat	false	false	0.53017200	0.48407600	0.53478261	0.64062500	38	0.00097374	60.34116813	60.04281115	0.89847458	8.92898177	8.26788292	0.00600193	0.02950200	0.17409361	0.11300398	69.29965190	68.48478768
S6|unit01	S6	P0_seed7	1	PB50|unit03	PB50	PB50_near3	3	S6|unit01	S6	1	PB50|unit03	PB50	3	S6__PB50	two_repeat	false	false	0.52017900	0.48076900	0.55327869	0.65217391	37	0.04470445	57.74978004	52.39370710	0.35084987	17.19051225	18.97728015	0.01420649	0.86952232	0.51404384	0.11940053	75.80981461	71.88503110
S6|unit01	S6	P0_seed7	1	PB50|unit03	PB50	PB50_near3	3	S6|unit01	S6	1	PB50|unit03	PB50	3	S6__PB50	one_repeat	false	false	0.52017900	0.48076900	0.52702703	0.63243243	37	0.01549651	60.34116813	53.74611396	0.88311612	8.92898177	8.80223373	0.00719015	0.02950200	0.19204919	0.13199871	69.29965190	62.74039688
S6|unit02	S6	P0_seed7	2	AH12|unit01	AH12	PB50_near3	1	S6|unit02	S6	2	AH12|unit01	AH12	1	S6__AH12	two_repeat	false	false	0.53488400	0.47183100	0.55555556	0.62500000	26	0.01970364	53.86409018	49.17050443	0.02703539	10.35970889	18.03963691	0.00380565	11.31081574	0.49392119	0.01984707	75.53461481	67.70406254
S6|unit02	S6	P0_seed7	2	AH12|unit01	AH12	PB50_near3	1	S6|unit02	S6	2	AH12|unit01	AH12	1	S6__AH12	one_repeat	false	false	0.53488400	0.47183100	0.53301887	0.60752688	26	0.03572292	56.86864243	47.42019160	0.99456198	8.27467063	8.23204769	0.05629175	0.26397862	0.23393117	0.16629490	65.40729168	55.88617046
S6|unit02	S6	P0_seed7	2	AH12|unit02	AH12	PB50_near3	2	S6|unit02	S6	2	AH12|unit02	AH12	2	S6__AH12	two_repeat	true	true	0.61187200	0.58000000	0.65271967	0.73933649	28	0.04804999	53.86409018	59.13144656	0.73457556	10.35970889	17.15647690	0.00437413	11.31081574	0.16061546	0.16904722	75.53461481	76.44853892
S6|unit02	S6	P0_seed7	2	AH12|unit02	AH12	PB50_near3	2	S6|unit02	S6	2	AH12|unit02	AH12	2	S6__AH12	one_repeat	true	true	0.61187200	0.58000000	0.61751152	0.70899471	28	0.07076411	56.86864243	59.02851967	0.99394872	8.27467063	8.31688678	0.10587498	0.26397862	0.10546529	0.18615063	65.40729168	67.45087174
S6|unit02	S6	P0_seed7	2	AH12|unit03	AH12	PB50_near3	3	S6|unit02	S6	2	AH12|unit03	AH12	3	S6__AH12	two_repeat	false	false	0.57407400	0.50684900	0.61864407	0.73366834	37	0.04323532	53.86409018	50.15891529	0.08531484	10.35970889	18.45043014	0.02942783	11.31081574	1.21477425	0.05045112	75.53461481	69.82411967
S6|unit02	S6	P0_seed7	2	AH12|unit03	AH12	PB50_near3	3	S6|unit02	S6	2	AH12|unit03	AH12	3	S6__AH12	one_repeat	false	false	0.57407400	0.50684900	0.57943925	0.70056497	37	0.02756612	56.86864243	49.02445614	0.57895183	8.27467063	4.89408883	0.01576890	0.26397862	7.06413019	0.08451135	65.40729168	60.98267515
S6|unit02	S6	P0_seed7	2	Machias|unit01	Machias	PB50_near3	1	S6|unit02	S6	2	Machias|unit01	Machias	1	S6__Machias	two_repeat	false	false	0.53917100	0.47887300	0.55932203	0.64390244	31	0.01368567	53.86409018	49.15348476	0.10989067	10.35970889	17.54533136	0.01112698	11.31081574	1.02907450	0.03220433	75.53461481	67.72789062
S6|unit02	S6	P0_seed7	2	Machias|unit01	Machias	PB50_near3	1	S6|unit02	S6	2	Machias|unit01	Machias	1	S6__Machias	one_repeat	false	false	0.53917100	0.47887300	0.53738318	0.62841530	31	0.03485806	56.86864243	48.44818616	0.99321991	8.27467063	8.34973460	0.06897481	0.26397862	0.07404114	0.16524590	65.40729168	56.87196189
S6|unit02	S6	P0_seed7	2	Machias|unit02	Machias	PB50_near3	2	S6|unit02	S6	2	Machias|unit02	Machias	2	S6__Machias	two_repeat	true	true	0.61467900	0.58000000	0.65546218	0.73239437	25	0.08542279	53.86409018	59.97731610	0.73174982	10.35970889	17.04317143	0.00506362	11.31081574	0.31958826	0.19516373	75.53461481	77.34007580
S6|unit02	S6	P0_seed7	2	Machias|unit02	Machias	PB50_near3	2	S6|unit02	S6	2	Machias|unit02	Machias	2	S6__Machias	one_repeat	true	true	0.61467900	0.58000000	0.62037037	0.70157068	25	0.09684547	56.86864243	59.91045521	0.99500995	8.27467063	8.26517343	0.09847952	0.26397862	0.17739061	0.20791146	65.40729168	68.35301925
S6|unit02	S6	P0_seed7	2	Machias|unit03	Machias	PB50_near3	3	S6|unit02	S6	2	Machias|unit03	Machias	3	S6__Machias	two_repeat	false	false	0.56807500	0.51049000	0.61373391	0.70443350	30	0.04574384	53.86409018	52.39122982	0.08357873	10.35970889	18.97405247	0.00836823	11.31081574	0.52063758	0.05027260	75.53461481	71.88591986
S6|unit02	S6	P0_seed7	2	Machias|unit03	Machias	PB50_near3	3	S6|unit02	S6	2	Machias|unit03	Machias	3	S6__Machias	one_repeat	false	false	0.56807500	0.51049000	0.57345972	0.66850829	30	0.03507255	56.86864243	53.66354149	0.97014172	8.27467063	8.70822761	0.05631977	0.26397862	0.36647328	0.15910012	65.40729168	62.73824238
S6|unit02	S6	P0_seed7	2	PB50|unit01	PB50	PB50_near3	1	S6|unit02	S6	2	PB50|unit01	PB50	1	S6__PB50	two_repeat	false	false	0.53917100	0.47887300	0.55932203	0.64390244	31	0.01368567	53.86409018	49.15348476	0.10989067	10.35970889	17.54533136	0.01112698	11.31081574	1.02907450	0.03220433	75.53461481	67.72789062
S6|unit02	S6	P0_seed7	2	PB50|unit01	PB50	PB50_near3	1	S6|unit02	S6	2	PB50|unit01	PB50	1	S6__PB50	one_repeat	false	false	0.53917100	0.47887300	0.53738318	0.62841530	31	0.03485806	56.86864243	48.44818616	0.99321991	8.27467063	8.34973460	0.06897481	0.26397862	0.07404114	0.16524590	65.40729168	56.87196189
S6|unit02	S6	P0_seed7	2	PB50|unit02	PB50	PB50_near3	2	S6|unit02	S6	2	PB50|unit02	PB50	2	S6__PB50	two_repeat	true	true	0.61290300	0.57718100	0.64978903	0.71962617	23	0.08469877	53.86409018	60.13697426	0.73261367	10.35970889	17.08704202	0.00476332	11.31081574	0.26412494	0.19486481	75.53461481	77.48814123
S6|unit02	S6	P0_seed7	2	PB50|unit02	PB50	PB50_near3	2	S6|unit02	S6	2	PB50|unit02	PB50	2	S6__PB50	one_repeat	true	true	0.61290300	0.57718100	0.61860465	0.69270833	23	0.09621392	56.86864243	60.04281115	0.99497641	8.27467063	8.26788292	0.09674971	0.26397862	0.17409361	0.20725903	65.40729168	68.48478768
S6|unit02	S6	P0_seed7	2	PB50|unit03	PB50	PB50_near3	3	S6|unit02	S6	2	PB50|unit03	PB50	3	S6__PB50	two_repeat	false	false	0.56807500	0.51049000	0.60944206	0.69950739	30	0.04573033	53.86409018	52.39370710	0.08333937	10.35970889	18.97728015	0.00833530	11.31081574	0.51404384	0.05021511	75.53461481	71.88503110
S6|unit02	S6	P0_seed7	2	PB50|unit03	PB50	PB50_near3	3	S6|unit02	S6	2	PB50|unit03	PB50	3	S6__PB50	one_repeat	false	false	0.56807500	0.51049000	0.56872038	0.66298343	30	0.03499195	56.86864243	53.74611396	0.96864369	8.27467063	8.80223373	0.05713342	0.26397862	0.19204919	0.15948876	65.40729168	62.74039688
S6|unit03	S6	P0_seed7	3	AH12|unit01	AH12	PB50_near3	1	S6|unit03	S6	3	AH12|unit01	AH12	1	S6__AH12	two_repeat	false	false	0.55656100	0.47973000	0.58091286	0.65116279	26	0.03409926	59.94134246	49.17050443	0.85147468	18.88020212	18.03963691	0.03483376	0.73362934	0.49392119	0.23906986	79.55517392	67.70406254
S6|unit03	S6	P0_seed7	3	AH12|unit01	AH12	PB50_near3	1	S6|unit03	S6	3	AH12|unit01	AH12	1	S6__AH12	one_repeat	false	false	0.55656100	0.47973000	0.56164384	0.63730570	26	0.03475324	59.49549591	47.42019160	0.80386090	6.82748627	8.23204769	0.00475562	2.91101774	0.23393117	0.12679151	69.23399992	55.88617046
S6|unit03	S6	P0_seed7	3	AH12|unit02	AH12	PB50_near3	2	S6|unit03	S6	3	AH12|unit02	AH12	2	S6__AH12	two_repeat	false	false	0.58108100	0.53020100	0.62396694	0.68018018	20	0.03741174	59.94134246	59.13144656	0.03119409	18.88020212	17.15647690	0.02342893	0.73362934	0.16061546	0.03589532	79.55517392	76.44853892
S6|unit03	S6	P0_seed7	3	AH12|unit02	AH12	PB50_near3	2	S6|unit03	S6	3	AH12|unit02	AH12	2	S6__AH12	one_repeat	false	false	0.58108100	0.53020100	0.58636364	0.64500000	20	0.03662558	59.49549591	59.02851967	0.87062788	6.82748627	8.31688678	0.00974958	2.91101774	0.10546529	0.12843802	69.23399992	67.45087174
S6|unit03	S6	P0_seed7	3	AH12|unit03	AH12	PB50_near3	3	S6|unit03	S6	3	AH12|unit03	AH12	3	S6__AH12	two_repeat	false	true	0.61009200	0.54421800	0.65966387	0.74407583	27	0.05406353	59.94134246	50.15891529	0.93865919	18.88020212	18.45043014	0.11139264	0.73362934	1.21477425	0.27587617	79.55517392	69.82411967
S6|unit03	S6	P0_seed7	3	AH12|unit03	AH12	PB50_near3	3	S6|unit03	S6	3	AH12|unit03	AH12	3	S6__AH12	one_repeat	false	true	0.61009200	0.54421800	0.62500000	0.71428571	27	0.02539223	59.49549591	49.02445614	0.83501724	6.82748627	4.89408883	0.02256950	2.91101774	7.06413019	0.09805515	69.23399992	60.98267515
S6|unit03	S6	P0_seed7	3	Machias|unit01	Machias	PB50_near3	1	S6|unit03	S6	3	Machias|unit01	Machias	1	S6__Machias	two_repeat	false	false	0.55000000	0.48648600	0.57500000	0.64186047	25	0.03568472	59.94134246	49.15348476	0.80772612	18.88020212	17.54533136	0.03074077	0.73362934	1.02907450	0.22671284	79.55517392	67.72789062
S6|unit03	S6	P0_seed7	3	Machias|unit01	Machias	PB50_near3	1	S6|unit03	S6	3	Machias|unit01	Machias	1	S6__Machias	one_repeat	false	false	0.55000000	0.48648600	0.55504587	0.62694301	25	0.03431824	59.49549591	48.44818616	0.79761109	6.82748627	8.34973460	0.00269192	2.91101774	0.07404114	0.12559380	69.23399992	56.87196189
S6|unit03	S6	P0_seed7	3	Machias|unit02	Machias	PB50_near3	2	S6|unit03	S6	3	Machias|unit02	Machias	2	S6__Machias	two_repeat	false	false	0.57522100	0.51333300	0.61788618	0.69406393	27	0.25858937	59.94134246	59.97731610	0.03066773	18.88020212	17.04317143	0.07469590	0.73362934	0.31958826	0.20519388	79.55517392	77.34007580
S6|unit03	S6	P0_seed7	3	Machias|unit02	Machias	PB50_near3	2	S6|unit03	S6	3	Machias|unit02	Machias	2	S6__Machias	one_repeat	false	false	0.57522100	0.51333300	0.58035714	0.65989848	27	0.25904761	59.49549591	59.91045521	0.80208393	6.82748627	8.26517343	0.02962140	2.91101774	0.17739061	0.31360838	69.23399992	68.35301925
S6|unit03	S6	P0_seed7	3	Machias|unit03	Machias	PB50_near3	3	S6|unit03	S6	3	Machias|unit03	Machias	3	S6__Machias	two_repeat	false	true	0.60274000	0.51700700	0.65271967	0.73933649	28	0.24637751	59.94134246	52.39122982	0.96236148	18.88020212	18.97405247	0.09726299	0.73362934	0.52063758	0.42411005	79.55517392	71.88591986
S6|unit03	S6	P0_seed7	3	Machias|unit03	Machias	PB50_near3	3	S6|unit03	S6	3	Machias|unit03	Machias	3	S6__Machias	one_repeat	false	true	0.60274000	0.51700700	0.61751152	0.70899471	28	0.21881572	59.49549591	53.66354149	0.87597674	6.82748627	8.70822761	0.02988530	2.91101774	0.36647328	0.29148440	69.23399992	62.73824238
S6|unit03	S6	P0_seed7	3	PB50|unit01	PB50	PB50_near3	1	S6|unit03	S6	3	PB50|unit01	PB50	1	S6__PB50	two_repeat	false	false	0.55000000	0.48648600	0.57500000	0.64186047	25	0.03568472	59.94134246	49.15348476	0.80772612	18.88020212	17.54533136	0.03074077	0.73362934	1.02907450	0.22671284	79.55517392	67.72789062
S6|unit03	S6	P0_seed7	3	PB50|unit01	PB50	PB50_near3	1	S6|unit03	S6	3	PB50|unit01	PB50	1	S6__PB50	one_repeat	false	false	0.55000000	0.48648600	0.55504587	0.62694301	25	0.03431824	59.49549591	48.44818616	0.79761109	6.82748627	8.34973460	0.00269192	2.91101774	0.07404114	0.12559380	69.23399992	56.87196189
S6|unit03	S6	P0_seed7	3	PB50|unit02	PB50	PB50_near3	2	S6|unit03	S6	3	PB50|unit02	PB50	2	S6__PB50	two_repeat	false	false	0.58407100	0.52666700	0.62195122	0.69863014	27	0.03808355	59.94134246	60.13697426	0.03040952	18.88020212	17.08704202	0.06708391	0.73362934	0.26412494	0.03652953	79.55517392	77.48814123
S6|unit03	S6	P0_seed7	3	PB50|unit02	PB50	PB50_near3	2	S6|unit03	S6	3	PB50|unit02	PB50	2	S6__PB50	one_repeat	false	false	0.58407100	0.52666700	0.58928571	0.67005076	27	0.03772811	59.49549591	60.04281115	0.80193987	6.82748627	8.26788292	0.02880667	2.91101774	0.17409361	0.12143562	69.23399992	68.48478768
S6|unit03	S6	P0_seed7	3	PB50|unit03	PB50	PB50_near3	3	S6|unit03	S6	3	PB50|unit03	PB50	3	S6__PB50	two_repeat	false	true	0.60274000	0.51700700	0.64853556	0.73459716	28	0.24639234	59.94134246	52.39370710	0.96262439	18.88020212	18.97728015	0.09749728	0.73362934	0.51404384	0.42421150	79.55517392	71.88503110
S6|unit03	S6	P0_seed7	3	PB50|unit03	PB50	PB50_near3	3	S6|unit03	S6	3	PB50|unit03	PB50	3	S6__PB50	one_repeat	false	true	0.60274000	0.51700700	0.61290323	0.70370370	28	0.21888689	59.49549591	53.74611396	0.87071031	6.82748627	8.80223373	0.02716841	2.91101774	0.19204919	0.29157449	69.23399992	62.74039688
S6|unit04	S6	P0_seed7	4	AH12|unit01	AH12	PB50_near3	1	S6|unit04	S6	4	AH12|unit01	AH12	1	S6__AH12	two_repeat	false	false	0.53398100	0.45652200	0.56637168	0.66321244	33	0.08820099	42.72205681	49.17050443	0.87966170	19.37780583	18.03963691	0.00239599	0.01824199	0.49392119	0.31597788	62.11810463	67.70406254
S6|unit04	S6	P0_seed7	4	AH12|unit01	AH12	PB50_near3	1	S6|unit04	S6	4	AH12|unit01	AH12	1	S6__AH12	one_repeat	false	false	0.53398100	0.45652200	0.54411765	0.64912281	33	0.02280264	45.48160744	47.42019160	0.96193588	8.87309122	8.23204769	0.04536857	0.07694301	0.23393117	0.16848192	54.43164167	55.88617046
S6|unit04	S6	P0_seed7	4	AH12|unit02	AH12	PB50_near3	2	S6|unit04	S6	4	AH12|unit02	AH12	2	S6__AH12	two_repeat	false	false	0.52558100	0.45890400	0.57446809	0.70312500	43	0.02006520	42.72205681	59.13144656	0.05461272	19.37780583	17.15647690	0.00568828	0.01824199	0.16061546	0.02915539	62.11810463	76.44853892
S6|unit04	S6	P0_seed7	4	AH12|unit02	AH12	PB50_near3	2	S6|unit04	S6	4	AH12|unit02	AH12	2	S6__AH12	one_repeat	false	false	0.52558100	0.45890400	0.53051643	0.66470588	43	0.02020613	45.48160744	59.02851967	0.96703665	8.87309122	8.31688678	0.00734052	0.07694301	0.10546529	0.15372527	54.43164167	67.45087174
S6|unit04	S6	P0_seed7	4	AH12|unit03	AH12	PB50_near3	3	S6|unit04	S6	4	AH12|unit03	AH12	3	S6__AH12	two_repeat	false	false	0.60294100	0.50000000	0.65625000	0.78191489	36	0.10888827	42.72205681	50.15891529	0.94921860	19.37780583	18.45043014	0.00600389	0.01824199	1.21477425	0.34885206	62.11810463	69.82411967
S6|unit04	S6	P0_seed7	4	AH12|unit03	AH12	PB50_near3	3	S6|unit04	S6	4	AH12|unit03	AH12	3	S6__AH12	one_repeat	false	false	0.60294100	0.50000000	0.61881188	0.75301205	36	0.10033141	45.48160744	49.02445614	0.71076805	8.87309122	4.89408883	0.01353904	0.07694301	7.06413019	0.16777712	54.43164167	60.98267515
S6|unit04	S6	P0_seed7	4	Machias|unit01	Machias	PB50_near3	1	S6|unit04	S6	4	Machias|unit01	Machias	1	S6__Machias	two_repeat	false	false	0.53170700	0.47058800	0.56444444	0.65803109	32	0.00451719	42.72205681	49.15348476	0.85139422	19.37780583	17.54533136	0.00185690	0.01824199	1.02907450	0.24531453	62.11810463	67.72789062
S6|unit04	S6	P0_seed7	4	Machias|unit01	Machias	PB50_near3	1	S6|unit04	S6	4	Machias|unit01	Machias	1	S6__Machias	one_repeat	false	false	0.53170700	0.47058800	0.54187192	0.64327485	32	0.00528252	45.48160744	48.44818616	0.96762401	8.87309122	8.34973460	0.06426349	0.07694301	0.07404114	0.15427271	54.43164167	56.87196189
S6|unit04	S6	P0_seed7	4	Machias|unit02	Machias	PB50_near3	2	S6|unit04	S6	4	Machias|unit02	Machias	2	S6__Machias	two_repeat	false	false	0.54418600	0.46258500	0.59148936	0.72020725	42	0.04779774	42.72205681	59.97731610	0.05610145	19.37780583	17.04317143	0.00519402	0.01824199	0.31958826	0.04986313	62.11810463	77.34007580
S6|unit04	S6	P0_seed7	4	Machias|unit02	Machias	PB50_near3	2	S6|unit04	S6	4	Machias|unit02	Machias	2	S6__Machias	one_repeat	false	false	0.54418600	0.46258500	0.54929577	0.68421053	42	0.02615086	45.48160744	59.91045521	0.96392149	8.87309122	8.26517343	0.01334225	0.07694301	0.17739061	0.15701822	54.43164167	68.35301925
S6|unit04	S6	P0_seed7	4	Machias|unit03	Machias	PB50_near3	3	S6|unit04	S6	4	Machias|unit03	Machias	3	S6__Machias	two_repeat	false	false	0.61274500	0.50746300	0.66517857	0.78835979	35	0.10530083	42.72205681	52.39122982	0.97255154	19.37780583	18.97405247	0.01099088	0.01824199	0.52063758	0.35312812	62.11810463	71.88591986
S6|unit04	S6	P0_seed7	4	Machias|unit03	Machias	PB50_near3	3	S6|unit04	S6	4	Machias|unit03	Machias	3	S6__Machias	one_repeat	false	false	0.61274500	0.50746300	0.62871287	0.76047904	35	0.07987955	45.48160744	53.66354149	0.99056620	8.87309122	8.70822761	0.14428410	0.07694301	0.36647328	0.21677164	54.43164167	62.73824238
S6|unit04	S6	P0_seed7	4	PB50|unit01	PB50	PB50_near3	1	S6|unit04	S6	4	PB50|unit01	PB50	1	S6__PB50	two_repeat	false	false	0.53170700	0.47058800	0.56444444	0.65803109	32	0.00451719	42.72205681	49.15348476	0.85139422	19.37780583	17.54533136	0.00185690	0.01824199	1.02907450	0.24531453	62.11810463	67.72789062
S6|unit04	S6	P0_seed7	4	PB50|unit01	PB50	PB50_near3	1	S6|unit04	S6	4	PB50|unit01	PB50	1	S6__PB50	one_repeat	false	false	0.53170700	0.47058800	0.54187192	0.64327485	32	0.00528252	45.48160744	48.44818616	0.96762401	8.87309122	8.34973460	0.06426349	0.07694301	0.07404114	0.15427271	54.43164167	56.87196189
S6|unit04	S6	P0_seed7	4	PB50|unit02	PB50	PB50_near3	2	S6|unit04	S6	4	PB50|unit02	PB50	2	S6__PB50	two_repeat	false	false	0.53953500	0.45578200	0.58297872	0.70984456	42	0.04958992	42.72205681	60.13697426	0.05579407	19.37780583	17.08704202	0.00664016	0.01824199	0.26412494	0.05112356	62.11810463	77.48814123
S6|unit04	S6	P0_seed7	4	PB50|unit02	PB50	PB50_near3	2	S6|unit04	S6	4	PB50|unit02	PB50	2	S6__PB50	one_repeat	false	false	0.53953500	0.45578200	0.54460094	0.67836257	42	0.02622847	45.48160744	60.04281115	0.96408508	8.87309122	8.26788292	0.01348723	0.07694301	0.17409361	0.15698867	54.43164167	68.48478768
S6|unit04	S6	P0_seed7	4	PB50|unit03	PB50	PB50_near3	3	S6|unit04	S6	4	PB50|unit03	PB50	3	S6__PB50	two_repeat	false	false	0.61274500	0.50746300	0.66071429	0.78306878	35	0.10529445	42.72205681	52.39370710	0.97281308	19.37780583	18.97728015	0.01031098	0.01824199	0.51404384	0.35322293	62.11810463	71.88503110
S6|unit04	S6	P0_seed7	4	PB50|unit03	PB50	PB50_near3	3	S6|unit04	S6	4	PB50|unit03	PB50	3	S6__PB50	one_repeat	false	false	0.61274500	0.50746300	0.62376238	0.75449102	35	0.07994871	45.48160744	53.74611396	0.99545504	8.87309122	8.80223373	0.17910208	0.07694301	0.19204919	0.21827987	54.43164167	62.74039688
PALS_2|unit01	PALS_2	P0_seed7	1	AH12|unit01	AH12	PB50_near3	1	PALS_2|unit01	PALS_2	1	AH12|unit01	AH12	1	PALS_2__AH12	two_repeat	true	true	0.58108100	0.55704700	0.59917355	0.67441860	27	0.19375717	57.74978004	49.17050443	0.19843749	17.19051225	18.03963691	0.43890424	0.86952232	0.49392119	0.19736416	75.80981461	67.70406254
PALS_2|unit01	PALS_2	P0_seed7	1	AH12|unit01	AH12	PB50_near3	1	PALS_2|unit01	PALS_2	1	AH12|unit01	AH12	1	PALS_2__AH12	one_repeat	true	true	0.58108100	0.55704700	0.58181818	0.66321244	27	0.16532495	60.34116813	47.42019160	0.22454965	8.92898177	8.23204769	0.01113313	0.02950200	0.23393117	0.17315994	69.29965190	55.88617046
PALS_2|unit01	PALS_2	P0_seed7	1	AH12|unit02	AH12	PB50_near3	2	PALS_2|unit01	PALS_2	1	AH12|unit02	AH12	2	PALS_2__AH12	two_repeat	false	false	0.55263200	0.52201300	0.58467742	0.66820276	31	0.00286290	57.74978004	59.13144656	0.67854680	17.19051225	17.15647690	0.00173877	0.86952232	0.16061546	0.15527937	75.80981461	76.44853892
PALS_2|unit01	PALS_2	P0_seed7	1	AH12|unit02	AH12	PB50_near3	2	PALS_2|unit01	PALS_2	1	AH12|unit02	AH12	2	PALS_2__AH12	one_repeat	false	false	0.55263200	0.52201300	0.55752212	0.64615385	31	0.00090881	60.34116813	59.02851967	0.96389920	8.92898177	8.31688678	0.00511740	0.02950200	0.10546529	0.12235751	69.29965190	67.45087174
PALS_2|unit01	PALS_2	P0_seed7	1	AH12|unit03	AH12	PB50_near3	3	PALS_2|unit01	PALS_2	1	AH12|unit03	AH12	3	PALS_2__AH12	two_repeat	false	false	0.50691200	0.45333300	0.53781513	0.60377358	26	0.04482312	57.74978004	50.15891529	0.34858389	17.19051225	18.45043014	0.02823136	0.86952232	1.21477425	0.11896541	75.80981461	69.82411967
PALS_2|unit01	PALS_2	P0_seed7	1	AH12|unit03	AH12	PB50_near3	3	PALS_2|unit01	PALS_2	1	AH12|unit03	AH12	3	PALS_2__AH12	one_repeat	false	false	0.50691200	0.45333300	0.50925926	0.57894737	26	0.01653650	60.34116813	49.02445614	0.55154354	8.92898177	4.89408883	0.00044343	0.02950200	7.06413019	0.07243415	69.29965190	60.98267515
PALS_2|unit01	PALS_2	P0_seed7	1	Machias|unit01	Machias	PB50_near3	1	PALS_2|unit01	PALS_2	1	Machias|unit01	Machias	1	PALS_2__Machias	two_repeat	true	true	0.56888900	0.53691300	0.58775510	0.68246445	34	0.09382563	57.74978004	49.15348476	0.37063884	17.19051225	17.54533136	0.34878193	0.86952232	1.02907450	0.16418623	75.80981461	67.72789062
PALS_2|unit01	PALS_2	P0_seed7	1	Machias|unit01	Machias	PB50_near3	1	PALS_2|unit01	PALS_2	1	Machias|unit01	Machias	1	PALS_2__Machias	one_repeat	true	true	0.56888900	0.53691300	0.56950673	0.67195767	34	0.06171609	60.34116813	48.44818616	0.96586498	8.92898177	8.34973460	0.05961412	0.02950200	0.07404114	0.18553407	69.29965190	56.87196189
PALS_2|unit01	PALS_2	P0_seed7	1	Machias|unit02	Machias	PB50_near3	2	PALS_2|unit01	PALS_2	1	Machias|unit02	Machias	2	PALS_2__Machias	two_repeat	false	false	0.52914800	0.49681500	0.56378601	0.61434978	20	0.00250607	57.74978004	59.97731610	0.65099852	17.19051225	17.04317143	0.00953473	0.86952232	0.31958826	0.14753377	75.80981461	77.34007580
PALS_2|unit01	PALS_2	P0_seed7	1	Machias|unit02	Machias	PB50_near3	2	PALS_2|unit01	PALS_2	1	Machias|unit02	Machias	2	PALS_2__Machias	one_repeat	false	false	0.52914800	0.49681500	0.53393665	0.58706468	20	0.00092033	60.34116813	59.91045521	0.89831673	8.92898177	8.26517343	0.00607159	0.02950200	0.17739061	0.11302728	69.29965190	68.35301925
PALS_2|unit01	PALS_2	P0_seed7	1	Machias|unit03	Machias	PB50_near3	3	PALS_2|unit01	PALS_2	1	Machias|unit03	Machias	3	PALS_2__Machias	two_repeat	false	false	0.52017900	0.48076900	0.55737705	0.65700483	37	0.04468784	57.74978004	52.39122982	0.35105341	17.19051225	18.97405247	0.01425677	0.86952232	0.52063758	0.11943000	75.80981461	71.88591986
PALS_2|unit01	PALS_2	P0_seed7	1	Machias|unit03	Machias	PB50_near3	3	PALS_2|unit01	PALS_2	1	Machias|unit03	Machias	3	PALS_2__Machias	one_repeat	false	false	0.52017900	0.48076900	0.53153153	0.63783784	37	0.01551503	60.34116813	53.66354149	0.87838839	8.92898177	8.70822761	0.00413255	0.02950200	0.36647328	0.13074724	69.29965190	62.73824238
PALS_2|unit01	PALS_2	P0_seed7	1	PB50|unit01	PB50	PB50_near3	1	PALS_2|unit01	PALS_2	1	PB50|unit01	PB50	1	PALS_2__PB50	two_repeat	true	true	0.56888900	0.53691300	0.58775510	0.68246445	34	0.09382563	57.74978004	49.15348476	0.37063884	17.19051225	17.54533136	0.34878193	0.86952232	1.02907450	0.16418623	75.80981461	67.72789062
PALS_2|unit01	PALS_2	P0_seed7	1	PB50|unit01	PB50	PB50_near3	1	PALS_2|unit01	PALS_2	1	PB50|unit01	PB50	1	PALS_2__PB50	one_repeat	true	true	0.56888900	0.53691300	0.56950673	0.67195767	34	0.06171609	60.34116813	48.44818616	0.96586498	8.92898177	8.34973460	0.05961412	0.02950200	0.07404114	0.18553407	69.29965190	56.87196189
PALS_2|unit01	PALS_2	P0_seed7	1	PB50|unit02	PB50	PB50_near3	2	PALS_2|unit01	PALS_2	1	PB50|unit02	PB50	2	PALS_2__PB50	two_repeat	false	false	0.53017200	0.48407600	0.55952381	0.65887850	38	0.00278902	57.74978004	60.13697426	0.64991071	17.19051225	17.08704202	0.00969294	0.86952232	0.26412494	0.14755210	75.80981461	77.48814123
PALS_2|unit01	PALS_2	P0_seed7	1	PB50|unit02	PB50	PB50_near3	2	PALS_2|unit01	PALS_2	1	PB50|unit02	PB50	2	PALS_2__PB50	one_repeat	false	false	0.53017200	0.48407600	0.53478261	0.64062500	38	0.00097374	60.34116813	60.04281115	0.89847458	8.92898177	8.26788292	0.00600193	0.02950200	0.17409361	0.11300398	69.29965190	68.48478768
PALS_2|unit01	PALS_2	P0_seed7	1	PB50|unit03	PB50	PB50_near3	3	PALS_2|unit01	PALS_2	1	PB50|unit03	PB50	3	PALS_2__PB50	two_repeat	false	false	0.52017900	0.48076900	0.55327869	0.65217391	37	0.04470445	57.74978004	52.39370710	0.35084987	17.19051225	18.97728015	0.01420649	0.86952232	0.51404384	0.11940053	75.80981461	71.88503110
PALS_2|unit01	PALS_2	P0_seed7	1	PB50|unit03	PB50	PB50_near3	3	PALS_2|unit01	PALS_2	1	PB50|unit03	PB50	3	PALS_2__PB50	one_repeat	false	false	0.52017900	0.48076900	0.52702703	0.63243243	37	0.01549651	60.34116813	53.74611396	0.88311612	8.92898177	8.80223373	0.00719015	0.02950200	0.19204919	0.13199871	69.29965190	62.74039688
PALS_2|unit02	PALS_2	P0_seed7	2	AH12|unit01	AH12	PB50_near3	1	PALS_2|unit02	PALS_2	2	AH12|unit01	AH12	1	PALS_2__AH12	two_repeat	false	false	0.53023300	0.46808500	0.55128205	0.62019231	26	0.03619273	49.88331306	49.17050443	0.02488062	13.19955562	18.03963691	0.00928544	5.31000276	0.49392119	0.03244871	68.39287144	67.70406254
PALS_2|unit02	PALS_2	P0_seed7	2	AH12|unit01	AH12	PB50_near3	1	PALS_2|unit02	PALS_2	2	AH12|unit01	AH12	1	PALS_2__AH12	one_repeat	false	false	0.53023300	0.46808500	0.52830189	0.60215054	26	0.03935941	51.48025931	47.42019160	0.99356766	8.33656602	8.23204769	0.07393744	0.15865865	0.23393117	0.17593163	59.97548398	55.88617046
PALS_2|unit02	PALS_2	P0_seed7	2	AH12|unit02	AH12	PB50_near3	2	PALS_2|unit02	PALS_2	2	AH12|unit02	AH12	2	PALS_2__AH12	two_repeat	true	true	0.60648100	0.57142900	0.64830508	0.71495327	22	0.05755096	49.88331306	59.13144656	0.84942655	13.19955562	17.15647690	0.01091253	5.31000276	0.16061546	0.22175165	68.39287144	76.44853892
PALS_2|unit02	PALS_2	P0_seed7	2	AH12|unit02	AH12	PB50_near3	2	PALS_2|unit02	PALS_2	2	AH12|unit02	AH12	2	PALS_2__AH12	one_repeat	true	true	0.60648100	0.57142900	0.61214953	0.68229167	22	0.05927289	51.48025931	59.02851967	0.99568327	8.33656602	8.31688678	0.15203357	0.15865865	0.10546529	0.18184539	59.97548398	67.45087174
PALS_2|unit02	PALS_2	P0_seed7	2	AH12|unit03	AH12	PB50_near3	3	PALS_2|unit02	PALS_2	2	AH12|unit03	AH12	3	PALS_2__AH12	two_repeat	false	false	0.55924200	0.49285700	0.60606061	0.68627451	27	0.06504689	49.88331306	50.15891529	0.06784416	13.19955562	18.45043014	0.01429350	5.31000276	1.21477425	0.06338613	68.39287144	69.82411967
PALS_2|unit02	PALS_2	P0_seed7	2	AH12|unit03	AH12	PB50_near3	3	PALS_2|unit02	PALS_2	2	AH12|unit03	AH12	3	PALS_2__AH12	one_repeat	false	false	0.55924200	0.49285700	0.56459330	0.64835165	27	0.03987769	51.48025931	49.02445614	0.41190227	8.33656602	4.89408883	0.00253188	0.15865865	7.06413019	0.07843970	59.97548398	60.98267515
PALS_2|unit02	PALS_2	P0_seed7	2	Machias|unit01	Machias	PB50_near3	1	PALS_2|unit02	PALS_2	2	Machias|unit01	Machias	1	PALS_2__Machias	two_repeat	false	false	0.52232100	0.47517700	0.54320988	0.66666667	45	0.00491688	49.88331306	49.15348476	0.10004955	13.19955562	17.54533136	0.02174541	5.31000276	1.02907450	0.02718770	68.39287144	67.72789062
PALS_2|unit02	PALS_2	P0_seed7	2	Machias|unit01	Machias	PB50_near3	1	PALS_2|unit02	PALS_2	2	Machias|unit01	Machias	1	PALS_2__Machias	one_repeat	false	false	0.52232100	0.47517700	0.52036199	0.65340909	45	0.00728858	51.48025931	48.44818616	0.99533646	8.33656602	8.34973460	0.17004252	0.15865865	0.07404114	0.14871004	59.97548398	56.87196189
PALS_2|unit02	PALS_2	P0_seed7	2	Machias|unit02	Machias	PB50_near3	2	PALS_2|unit02	PALS_2	2	Machias|unit02	Machias	2	PALS_2__Machias	two_repeat	true	true	0.61926600	0.58666700	0.65966387	0.73708920	25	0.03705824	49.88331306	59.97731610	0.84759003	13.19955562	17.04317143	0.01199635	5.31000276	0.31958826	0.20429293	68.39287144	77.34007580
PALS_2|unit02	PALS_2	P0_seed7	2	Machias|unit02	Machias	PB50_near3	2	PALS_2|unit02	PALS_2	2	Machias|unit02	Machias	2	PALS_2__Machias	one_repeat	true	true	0.61926600	0.58666700	0.62500000	0.70680628	25	0.03876615	51.48025931	59.91045521	0.99554897	8.33656602	8.26517343	0.13307376	0.15865865	0.17739061	0.16279122	59.97548398	68.35301925
PALS_2|unit02	PALS_2	P0_seed7	2	Machias|unit03	Machias	PB50_near3	3	PALS_2|unit02	PALS_2	2	Machias|unit03	Machias	3	PALS_2__Machias	two_repeat	false	false	0.58216000	0.52112700	0.62660944	0.71921182	30	0.07679517	49.88331306	52.39122982	0.05790398	13.19955562	18.97405247	0.01129235	5.31000276	0.52063758	0.06983147	68.39287144	71.88591986
PALS_2|unit02	PALS_2	P0_seed7	2	Machias|unit03	Machias	PB50_near3	3	PALS_2|unit02	PALS_2	2	Machias|unit03	Machias	3	PALS_2__Machias	one_repeat	false	false	0.58216000	0.52112700	0.58767773	0.68508287	30	0.04867716	51.48025931	53.66354149	0.56725859	8.33656602	8.70822761	0.03592164	0.15865865	0.36647328	0.12075128	59.97548398	62.73824238
PALS_2|unit02	PALS_2	P0_seed7	2	PB50|unit01	PB50	PB50_near3	1	PALS_2|unit02	PALS_2	2	PB50|unit01	PB50	1	PALS_2__PB50	two_repeat	false	false	0.52232100	0.47517700	0.54320988	0.66666667	45	0.00491688	49.88331306	49.15348476	0.10004955	13.19955562	17.54533136	0.02174541	5.31000276	1.02907450	0.02718770	68.39287144	67.72789062
PALS_2|unit02	PALS_2	P0_seed7	2	PB50|unit01	PB50	PB50_near3	1	PALS_2|unit02	PALS_2	2	PB50|unit01	PB50	1	PALS_2__PB50	one_repeat	false	false	0.52232100	0.47517700	0.52036199	0.65340909	45	0.00728858	51.48025931	48.44818616	0.99533646	8.33656602	8.34973460	0.17004252	0.15865865	0.07404114	0.14871004	59.97548398	56.87196189
PALS_2|unit02	PALS_2	P0_seed7	2	PB50|unit02	PB50	PB50_near3	2	PALS_2|unit02	PALS_2	2	PB50|unit02	PB50	2	PALS_2__PB50	two_repeat	true	true	0.61751200	0.58389300	0.65400844	0.72429907	23	0.04589321	49.88331306	60.13697426	0.84792379	13.19955562	17.08704202	0.01075313	5.31000276	0.26412494	0.21106140	68.39287144	77.48814123
PALS_2|unit02	PALS_2	P0_seed7	2	PB50|unit02	PB50	PB50_near3	2	PALS_2|unit02	PALS_2	2	PB50|unit02	PB50	2	PALS_2__PB50	one_repeat	true	true	0.61751200	0.58389300	0.62325581	0.69791667	23	0.04734261	51.48025931	60.04281115	0.99570443	8.33656602	8.26788292	0.13106866	0.15865865	0.17409361	0.17014233	59.97548398	68.48478768
PALS_2|unit02	PALS_2	P0_seed7	2	PB50|unit03	PB50	PB50_near3	3	PALS_2|unit02	PALS_2	2	PB50|unit03	PB50	3	PALS_2__PB50	two_repeat	false	false	0.58216000	0.52112700	0.62231760	0.71428571	30	0.07680228	49.88331306	52.39370710	0.05768547	13.19955562	18.97728015	0.01124472	5.31000276	0.51404384	0.06978714	68.39287144	71.88503110
PALS_2|unit02	PALS_2	P0_seed7	2	PB50|unit03	PB50	PB50_near3	3	PALS_2|unit02	PALS_2	2	PB50|unit03	PB50	3	PALS_2__PB50	one_repeat	false	false	0.58216000	0.52112700	0.58293839	0.67955801	30	0.04878226	51.48025931	53.74611396	0.57033567	8.33656602	8.80223373	0.04665400	0.15865865	0.19204919	0.12171523	59.97548398	62.74039688
PALS_2|unit03	PALS_2	P0_seed7	3	AH12|unit01	AH12	PB50_near3	1	PALS_2|unit03	PALS_2	3	AH12|unit01	AH12	1	PALS_2__AH12	two_repeat	false	false	0.55605400	0.48993300	0.58024691	0.65887850	29	0.03736208	59.01913404	49.17050443	0.85437614	19.02637974	18.03963691	0.02246414	0.54751061	0.49392119	0.24429365	78.59302439	67.70406254
PALS_2|unit03	PALS_2	P0_seed7	3	AH12|unit01	AH12	PB50_near3	1	PALS_2|unit03	PALS_2	3	AH12|unit01	AH12	1	PALS_2__AH12	one_repeat	false	false	0.55605400	0.48993300	0.56108597	0.64583333	29	0.03843614	58.59384995	47.42019160	0.83125761	7.25079019	8.23204769	0.00501958	2.39513208	0.23393117	0.13684913	68.23977223	55.88617046
PALS_2|unit03	PALS_2	P0_seed7	3	AH12|unit02	AH12	PB50_near3	2	PALS_2|unit03	PALS_2	3	AH12|unit02	AH12	2	PALS_2__AH12	two_repeat	false	false	0.58482100	0.52903200	0.62704918	0.69230769	23	0.03742555	59.01913404	59.13144656	0.02854957	19.02637974	17.15647690	0.02240378	0.54751061	0.16061546	0.03528551	78.59302439	76.44853892
PALS_2|unit03	PALS_2	P0_seed7	3	AH12|unit02	AH12	PB50_near3	2	PALS_2|unit03	PALS_2	3	AH12|unit02	AH12	2	PALS_2__AH12	one_repeat	false	false	0.58482100	0.52903200	0.59009009	0.65829146	23	0.03619540	58.59384995	59.02851967	0.89606225	7.25079019	8.31688678	0.01100717	2.39513208	0.10546529	0.13438304	68.23977223	67.45087174
PALS_2|unit03	PALS_2	P0_seed7	3	AH12|unit03	AH12	PB50_near3	3	PALS_2|unit03	PALS_2	3	AH12|unit03	AH12	3	PALS_2__AH12	two_repeat	false	true	0.61643800	0.52666700	0.66527197	0.75355450	28	0.17857923	59.01913404	50.15891529	0.93255898	19.02637974	18.45043014	0.10695252	0.54751061	1.21477425	0.36811615	78.59302439	69.82411967
PALS_2|unit03	PALS_2	P0_seed7	3	AH12|unit03	AH12	PB50_near3	3	PALS_2|unit03	PALS_2	3	AH12|unit03	AH12	3	PALS_2__AH12	one_repeat	false	true	0.61643800	0.52666700	0.63133641	0.72486772	28	0.15048385	58.59384995	49.02445614	0.80591182	7.25079019	4.89408883	0.01263910	2.39513208	7.06413019	0.20199335	68.23977223	60.98267515
PALS_2|unit03	PALS_2	P0_seed7	3	Machias|unit01	Machias	PB50_near3	1	PALS_2|unit03	PALS_2	3	Machias|unit01	Machias	1	PALS_2__Machias	two_repeat	false	false	0.55203600	0.50666700	0.57676349	0.64651163	26	0.03945568	59.01913404	49.15348476	0.80346645	19.02637974	17.54533136	0.01974849	0.54751061	1.02907450	0.23035663	78.59302439	67.72789062
PALS_2|unit03	PALS_2	P0_seed7	3	Machias|unit01	Machias	PB50_near3	1	PALS_2|unit03	PALS_2	3	Machias|unit01	Machias	1	PALS_2__Machias	one_repeat	false	false	0.55203600	0.50666700	0.55707763	0.63212435	26	0.03860606	58.59384995	48.44818616	0.82497315	7.25079019	8.34973460	0.00318821	2.39513208	0.07404114	0.13612281	68.23977223	56.87196189
PALS_2|unit03	PALS_2	P0_seed7	3	Machias|unit02	Machias	PB50_near3	2	PALS_2|unit03	PALS_2	3	Machias|unit02	Machias	2	PALS_2__Machias	two_repeat	false	false	0.59649100	0.55974800	0.63709677	0.72477064	30	0.14192346	59.01913404	59.97731610	0.02829712	19.02637974	17.04317143	0.08493344	0.54751061	0.31958826	0.11534846	78.59302439	77.34007580
PALS_2|unit03	PALS_2	P0_seed7	3	Machias|unit02	Machias	PB50_near3	2	PALS_2|unit03	PALS_2	3	Machias|unit02	Machias	2	PALS_2__Machias	one_repeat	false	false	0.59649100	0.55974800	0.60176991	0.69387755	30	0.14115678	58.59384995	59.91045521	0.82947307	7.25079019	8.26517343	0.03302181	2.39513208	0.17739061	0.21745650	68.23977223	68.35301925
PALS_2|unit03	PALS_2	P0_seed7	3	Machias|unit03	Machias	PB50_near3	3	PALS_2|unit03	PALS_2	3	Machias|unit03	Machias	3	PALS_2__Machias	two_repeat	false	true	0.60091700	0.50666700	0.65126050	0.72769953	25	0.17335811	59.01913404	52.39122982	0.95625996	19.02637974	18.97405247	0.10320718	0.54751061	0.52063758	0.37056628	78.59302439	71.88591986
PALS_2|unit03	PALS_2	P0_seed7	3	Machias|unit03	Machias	PB50_near3	3	PALS_2|unit03	PALS_2	3	Machias|unit03	Machias	3	PALS_2__Machias	one_repeat	false	true	0.60091700	0.50666700	0.61574074	0.69633508	25	0.14622437	58.59384995	53.66354149	0.90660354	7.25079019	8.70822761	0.03131396	2.39513208	0.36647328	0.23644995	68.23977223	62.73824238
PALS_2|unit03	PALS_2	P0_seed7	3	PB50|unit01	PB50	PB50_near3	1	PALS_2|unit03	PALS_2	3	PB50|unit01	PB50	1	PALS_2__PB50	two_repeat	false	false	0.55203600	0.50666700	0.57676349	0.64651163	26	0.03945568	59.01913404	49.15348476	0.80346645	19.02637974	17.54533136	0.01974849	0.54751061	1.02907450	0.23035663	78.59302439	67.72789062
PALS_2|unit03	PALS_2	P0_seed7	3	PB50|unit01	PB50	PB50_near3	1	PALS_2|unit03	PALS_2	3	PB50|unit01	PB50	1	PALS_2__PB50	one_repeat	false	false	0.55203600	0.50666700	0.55707763	0.63212435	26	0.03860606	58.59384995	48.44818616	0.82497315	7.25079019	8.34973460	0.00318821	2.39513208	0.07404114	0.13612281	68.23977223	56.87196189
PALS_2|unit03	PALS_2	P0_seed7	3	PB50|unit02	PB50	PB50_near3	2	PALS_2|unit03	PALS_2	3	PB50|unit02	PB50	2	PALS_2__PB50	two_repeat	false	false	0.58407100	0.51298700	0.62195122	0.69545455	26	0.18382189	59.01913404	60.13697426	0.02804055	19.02637974	17.08704202	0.08175020	0.54751061	0.26412494	0.14726676	78.59302439	77.48814123
PALS_2|unit03	PALS_2	P0_seed7	3	PB50|unit02	PB50	PB50_near3	2	PALS_2|unit03	PALS_2	3	PB50|unit02	PB50	2	PALS_2__PB50	one_repeat	false	false	0.58407100	0.51298700	0.58928571	0.66666667	26	0.18383307	58.59384995	60.04281115	0.82932816	7.25079019	8.26788292	0.03204353	2.39513208	0.17409361	0.25439491	68.23977223	68.48478768
PALS_2|unit03	PALS_2	P0_seed7	3	PB50|unit03	PB50	PB50_near3	3	PALS_2|unit03	PALS_2	3	PB50|unit03	PB50	3	PALS_2__PB50	two_repeat	false	true	0.60091700	0.50666700	0.64705882	0.72300469	25	0.17337458	59.01913404	52.39370710	0.95652239	19.02637974	18.97728015	0.10352092	0.54751061	0.51404384	0.37066799	78.59302439	71.88503110
PALS_2|unit03	PALS_2	P0_seed7	3	PB50|unit03	PB50	PB50_near3	3	PALS_2|unit03	PALS_2	3	PB50|unit03	PB50	3	PALS_2__PB50	one_repeat	false	true	0.60091700	0.50666700	0.61111111	0.69109948	25	0.14634538	58.59384995	53.74611396	0.90129534	7.25079019	8.80223373	0.02991668	2.39513208	0.19204919	0.23657284	68.23977223	62.74039688
PALS_2|unit04	PALS_2	P0_seed7	4	AH12|unit01	AH12	PB50_near3	1	PALS_2|unit04	PALS_2	4	AH12|unit01	AH12	1	PALS_2__AH12	two_repeat	false	false	0.52912600	0.44927500	0.56194690	0.65803109	33	0.08636455	42.80940426	49.17050443	0.87920624	19.37588366	18.03963691	0.00243303	0.01856835	0.49392119	0.31438429	62.20385628	67.70406254
PALS_2|unit04	PALS_2	P0_seed7	4	AH12|unit01	AH12	PB50_near3	1	PALS_2|unit04	PALS_2	4	AH12|unit01	AH12	1	PALS_2__AH12	one_repeat	false	false	0.52912600	0.44927500	0.53921569	0.64327485	33	0.02195774	45.53116392	47.42019160	0.96195688	8.87271806	8.23204769	0.04548080	0.07740116	0.23393117	0.16770531	54.48128314	55.88617046
PALS_2|unit04	PALS_2	P0_seed7	4	AH12|unit02	AH12	PB50_near3	2	PALS_2|unit04	PALS_2	4	AH12|unit02	AH12	2	PALS_2__AH12	two_repeat	false	false	0.52582200	0.45205500	0.57510730	0.69072165	39	0.01956786	42.80940426	59.13144656	0.05556506	19.37588366	17.15647690	0.00568401	0.01856835	0.16061546	0.02903452	62.20385628	76.44853892
PALS_2|unit04	PALS_2	P0_seed7	4	AH12|unit02	AH12	PB50_near3	2	PALS_2|unit04	PALS_2	4	AH12|unit02	AH12	2	PALS_2__AH12	one_repeat	false	false	0.52582200	0.45205500	0.53080569	0.65116279	39	0.01932758	45.53116392	59.02851967	0.96705765	8.87271806	8.31688678	0.00728714	0.07740116	0.10546529	0.15291748	54.48128314	67.45087174
PALS_2|unit04	PALS_2	P0_seed7	4	AH12|unit03	AH12	PB50_near3	3	PALS_2|unit04	PALS_2	4	AH12|unit03	AH12	3	PALS_2__AH12	two_repeat	false	false	0.60784300	0.50746300	0.66071429	0.78723404	36	0.10882357	42.80940426	50.15891529	0.95018392	19.37588366	18.45043014	0.00609568	0.01856835	1.21477425	0.34891558	62.20385628	69.82411967
PALS_2|unit04	PALS_2	P0_seed7	4	AH12|unit03	AH12	PB50_near3	3	PALS_2|unit04	PALS_2	4	AH12|unit03	AH12	3	PALS_2__AH12	one_repeat	false	false	0.60784300	0.50746300	0.62376238	0.75903614	36	0.10028215	45.53116392	49.02445614	0.71078742	8.87271806	4.89408883	0.01359964	0.07740116	7.06413019	0.16771152	54.48128314	60.98267515
PALS_2|unit04	PALS_2	P0_seed7	4	Machias|unit01	Machias	PB50_near3	1	PALS_2|unit04	PALS_2	4	Machias|unit01	Machias	1	PALS_2__Machias	two_repeat	false	false	0.52682900	0.46323500	0.56000000	0.65284974	32	0.00453454	42.80940426	49.15348476	0.85224227	19.37588366	17.54533136	0.00188649	0.01856835	1.02907450	0.24539658	62.20385628	67.72789062
PALS_2|unit04	PALS_2	P0_seed7	4	Machias|unit01	Machias	PB50_near3	1	PALS_2|unit04	PALS_2	4	Machias|unit01	Machias	1	PALS_2__Machias	one_repeat	false	false	0.52682900	0.46323500	0.53694581	0.63742690	32	0.00528243	45.53116392	48.44818616	0.96762866	8.87271806	8.34973460	0.06425878	0.07740116	0.07404114	0.15420395	54.48128314	56.87196189
PALS_2|unit04	PALS_2	P0_seed7	4	Machias|unit02	Machias	PB50_near3	2	PALS_2|unit04	PALS_2	4	Machias|unit02	Machias	2	PALS_2__Machias	two_repeat	false	false	0.53953500	0.45578200	0.58723404	0.71502591	42	0.04732397	42.80940426	59.97731610	0.05705684	19.37588366	17.04317143	0.00524198	0.01856835	0.31958826	0.04976214	62.20385628	77.34007580
PALS_2|unit04	PALS_2	P0_seed7	4	Machias|unit02	Machias	PB50_near3	2	PALS_2|unit04	PALS_2	4	Machias|unit02	Machias	2	PALS_2__Machias	one_repeat	false	false	0.53953500	0.45578200	0.54460094	0.67836257	42	0.02569257	45.53116392	59.91045521	0.96394248	8.87271806	8.26517343	0.01334255	0.07740116	0.17739061	0.15657196	54.48128314	68.35301925
PALS_2|unit04	PALS_2	P0_seed7	4	Machias|unit03	Machias	PB50_near3	3	PALS_2|unit04	PALS_2	4	Machias|unit03	Machias	3	PALS_2__Machias	two_repeat	false	false	0.61764700	0.51492500	0.66964286	0.79365079	35	0.10528143	42.80940426	52.39122982	0.97350484	19.37588366	18.97405247	0.01115272	0.01856835	0.52063758	0.35321649	62.20385628	71.88591986
PALS_2|unit04	PALS_2	P0_seed7	4	Machias|unit03	Machias	PB50_near3	3	PALS_2|unit04	PALS_2	4	Machias|unit03	Machias	3	PALS_2__Machias	one_repeat	false	false	0.61764700	0.51492500	0.63366337	0.76646707	35	0.07984203	45.53116392	53.66354149	0.99058730	8.87271806	8.70822761	0.14459414	0.07740116	0.36647328	0.21668361	54.48128314	62.73824238
PALS_2|unit04	PALS_2	P0_seed7	4	PB50|unit01	PB50	PB50_near3	1	PALS_2|unit04	PALS_2	4	PB50|unit01	PB50	1	PALS_2__PB50	two_repeat	false	false	0.52682900	0.46323500	0.56000000	0.65284974	32	0.00453454	42.80940426	49.15348476	0.85224227	19.37588366	17.54533136	0.00188649	0.01856835	1.02907450	0.24539658	62.20385628	67.72789062
PALS_2|unit04	PALS_2	P0_seed7	4	PB50|unit01	PB50	PB50_near3	1	PALS_2|unit04	PALS_2	4	PB50|unit01	PB50	1	PALS_2__PB50	one_repeat	false	false	0.52682900	0.46323500	0.53694581	0.63742690	32	0.00528243	45.53116392	48.44818616	0.96762866	8.87271806	8.34973460	0.06425878	0.07740116	0.07404114	0.15420395	54.48128314	56.87196189
PALS_2|unit04	PALS_2	P0_seed7	4	PB50|unit02	PB50	PB50_near3	2	PALS_2|unit04	PALS_2	4	PB50|unit02	PB50	2	PALS_2__PB50	two_repeat	false	false	0.53488400	0.44898000	0.57872340	0.70466321	42	0.04911444	42.80940426	60.13697426	0.05674830	19.37588366	17.08704202	0.00668367	0.01856835	0.26412494	0.05102119	62.20385628	77.48814123
PALS_2|unit04	PALS_2	P0_seed7	4	PB50|unit02	PB50	PB50_near3	2	PALS_2|unit04	PALS_2	4	PB50|unit02	PB50	2	PALS_2__PB50	one_repeat	false	false	0.53488400	0.44898000	0.53990610	0.67251462	42	0.02577009	45.53116392	60.04281115	0.96410607	8.87271806	8.26788292	0.01348747	0.07740116	0.17409361	0.15654237	54.48128314	68.48478768
PALS_2|unit04	PALS_2	P0_seed7	4	PB50|unit03	PB50	PB50_near3	3	PALS_2|unit04	PALS_2	4	PB50|unit03	PB50	3	PALS_2__PB50	two_repeat	false	false	0.61764700	0.51492500	0.66517857	0.78835979	35	0.10527504	42.80940426	52.39370710	0.97376632	19.37588366	18.97728015	0.01044345	0.01856835	0.51404384	0.35331111	62.20385628	71.88503110
PALS_2|unit04	PALS_2	P0_seed7	4	PB50|unit03	PB50	PB50_near3	3	PALS_2|unit04	PALS_2	4	PB50|unit03	PB50	3	PALS_2__PB50	one_repeat	false	false	0.61764700	0.51492500	0.62871287	0.76047904	35	0.07991113	45.53116392	53.74611396	0.99546199	8.87271806	8.80223373	0.17935446	0.07740116	0.19204919	0.21818856	54.48128314	62.74039688
UFV_DC4|unit01	UFV_DC4	P0_seed7	1	AH12|unit01	AH12	PB50_near3	1	UFV_DC4|unit01	UFV_DC4	1	AH12|unit01	AH12	1	UFV_DC4__AH12	two_repeat	true	true	0.58849600	0.55696200	0.60569106	0.70952381	36	0.06130609	58.82935289	49.17050443	0.50894573	17.54251975	18.03963691	0.50496076	0.70758704	0.49392119	0.17503711	77.07945968	67.70406254
UFV_DC4|unit01	UFV_DC4	P0_seed7	1	AH12|unit01	AH12	PB50_near3	1	UFV_DC4|unit01	UFV_DC4	1	AH12|unit01	AH12	1	UFV_DC4__AH12	one_repeat	true	true	0.58849600	0.55696200	0.58928571	0.70212766	36	0.01621978	62.62277739	47.42019160	0.89572217	8.94305795	8.23204769	0.00036530	0.00388026	0.23393117	0.13472812	71.56971560	55.88617046
UFV_DC4|unit01	UFV_DC4	P0_seed7	1	AH12|unit02	AH12	PB50_near3	2	UFV_DC4|unit01	UFV_DC4	1	AH12|unit02	AH12	2	UFV_DC4__AH12	two_repeat	false	false	0.52232100	0.50625000	0.55327869	0.61363636	24	0.00194266	58.82935289	59.13144656	0.47180985	17.54251975	17.15647690	0.00228140	0.70758704	0.16061546	0.10814052	77.07945968	76.44853892
UFV_DC4|unit01	UFV_DC4	P0_seed7	1	AH12|unit02	AH12	PB50_near3	2	UFV_DC4|unit01	UFV_DC4	1	AH12|unit02	AH12	2	UFV_DC4__AH12	one_repeat	false	false	0.52232100	0.50625000	0.52702703	0.59090909	24	0.00052037	62.62277739	59.02851967	0.96311315	8.94305795	8.31688678	0.00093758	0.00388026	0.10546529	0.12003032	71.56971560	67.45087174
UFV_DC4|unit01	UFV_DC4	P0_seed7	1	AH12|unit03	AH12	PB50_near3	3	UFV_DC4|unit01	UFV_DC4	1	AH12|unit03	AH12	3	UFV_DC4__AH12	two_repeat	false	false	0.51152100	0.45333300	0.53781513	0.60663507	27	0.04457855	58.82935289	50.15891529	0.58857191	17.54251975	18.45043014	0.00492074	0.70758704	1.21477425	0.17734379	77.07945968	69.82411967
UFV_DC4|unit01	UFV_DC4	P0_seed7	1	AH12|unit03	AH12	PB50_near3	3	UFV_DC4|unit01	UFV_DC4	1	AH12|unit03	AH12	3	UFV_DC4__AH12	one_repeat	false	false	0.51152100	0.45333300	0.51388889	0.58730159	27	0.00745150	62.62277739	49.02445614	0.70714822	8.94305795	4.89408883	0.00001511	0.00388026	7.06413019	0.08009633	71.56971560	60.98267515
UFV_DC4|unit01	UFV_DC4	P0_seed7	1	Machias|unit01	Machias	PB50_near3	1	UFV_DC4|unit01	UFV_DC4	1	Machias|unit01	Machias	1	UFV_DC4__Machias	two_repeat	true	true	0.58407100	0.55128200	0.60162602	0.70813397	37	0.04296795	58.82935289	49.15348476	0.57877890	17.54251975	17.54533136	0.38557176	0.70758704	1.02907450	0.17695484	77.07945968	67.72789062
UFV_DC4|unit01	UFV_DC4	P0_seed7	1	Machias|unit01	Machias	PB50_near3	1	UFV_DC4|unit01	UFV_DC4	1	Machias|unit01	Machias	1	UFV_DC4__Machias	one_repeat	true	true	0.58407100	0.55128200	0.58482143	0.70053476	37	0.00602882	62.62277739	48.44818616	0.90166204	8.94305795	8.34973460	0.00067186	0.00388026	0.07404114	0.12663151	71.56971560	56.87196189
UFV_DC4|unit01	UFV_DC4	P0_seed7	1	Machias|unit02	Machias	PB50_near3	2	UFV_DC4|unit01	UFV_DC4	1	Machias|unit02	Machias	2	UFV_DC4__Machias	two_repeat	false	false	0.55652200	0.51612900	0.58400000	0.67906977	35	0.00206818	58.82935289	59.97731610	0.44698929	17.54251975	17.04317143	0.00163899	0.70758704	0.31958826	0.10171924	77.07945968	77.34007580
UFV_DC4|unit01	UFV_DC4	P0_seed7	1	Machias|unit02	Machias	PB50_near3	2	UFV_DC4|unit01	UFV_DC4	1	Machias|unit02	Machias	2	UFV_DC4__Machias	one_repeat	false	false	0.55652200	0.51612900	0.56140351	0.66321244	35	0.00070758	62.62277739	59.91045521	0.89758185	8.94305795	8.26517343	0.00031659	0.00388026	0.17739061	0.11101032	71.56971560	68.35301925
UFV_DC4|unit01	UFV_DC4	P0_seed7	1	Machias|unit03	Machias	PB50_near3	3	UFV_DC4|unit01	UFV_DC4	1	Machias|unit03	Machias	3	UFV_DC4__Machias	two_repeat	false	false	0.51818200	0.43448300	0.55186722	0.63636364	32	0.04455785	58.82935289	52.39122982	0.57109808	17.54251975	18.97405247	0.00780626	0.70758704	0.52063758	0.17332808	77.07945968	71.88591986
UFV_DC4|unit01	UFV_DC4	P0_seed7	1	Machias|unit03	Machias	PB50_near3	3	UFV_DC4|unit01	UFV_DC4	1	Machias|unit03	Machias	3	UFV_DC4__Machias	one_repeat	false	false	0.51818200	0.43448300	0.52968037	0.62032086	32	0.00646735	62.62277739	53.66354149	0.98661925	8.94305795	8.70822761	0.00021534	0.00388026	0.36647328	0.13526557	71.56971560	62.73824238
UFV_DC4|unit01	UFV_DC4	P0_seed7	1	PB50|unit01	PB50	PB50_near3	1	UFV_DC4|unit01	UFV_DC4	1	PB50|unit01	PB50	1	UFV_DC4__PB50	two_repeat	true	true	0.58407100	0.55128200	0.60162602	0.70813397	37	0.04296795	58.82935289	49.15348476	0.57877890	17.54251975	17.54533136	0.38557176	0.70758704	1.02907450	0.17695484	77.07945968	67.72789062
UFV_DC4|unit01	UFV_DC4	P0_seed7	1	PB50|unit01	PB50	PB50_near3	1	UFV_DC4|unit01	UFV_DC4	1	PB50|unit01	PB50	1	UFV_DC4__PB50	one_repeat	true	true	0.58407100	0.55128200	0.58482143	0.70053476	37	0.00602882	62.62277739	48.44818616	0.90166204	8.94305795	8.34973460	0.00067186	0.00388026	0.07404114	0.12663151	71.56971560	56.87196189
UFV_DC4|unit01	UFV_DC4	P0_seed7	1	PB50|unit02	PB50	PB50_near3	2	UFV_DC4|unit01	UFV_DC4	1	PB50|unit02	PB50	2	UFV_DC4__PB50	two_repeat	false	false	0.52888900	0.49350600	0.56326531	0.62727273	25	0.00207601	58.82935289	60.13697426	0.44629422	17.54251975	17.08704202	0.00143736	0.70758704	0.26412494	0.10159976	77.07945968	77.48814123
UFV_DC4|unit01	UFV_DC4	P0_seed7	1	PB50|unit02	PB50	PB50_near3	2	UFV_DC4|unit01	UFV_DC4	1	PB50|unit02	PB50	2	UFV_DC4__PB50	one_repeat	false	false	0.52888900	0.49350600	0.53363229	0.60101010	25	0.00058539	62.62277739	60.04281115	0.89773968	8.94305795	8.26788292	0.00031973	0.00388026	0.17409361	0.11083637	71.56971560	68.48478768
UFV_DC4|unit01	UFV_DC4	P0_seed7	1	PB50|unit03	PB50	PB50_near3	3	UFV_DC4|unit01	UFV_DC4	1	PB50|unit03	PB50	3	UFV_DC4__PB50	two_repeat	false	false	0.51818200	0.43448300	0.54771784	0.63157895	32	0.04457448	58.82935289	52.39370710	0.57088087	17.54251975	18.97728015	0.00785603	0.70758704	0.51404384	0.17330145	77.07945968	71.88503110
UFV_DC4|unit01	UFV_DC4	P0_seed7	1	PB50|unit03	PB50	PB50_near3	3	UFV_DC4|unit01	UFV_DC4	1	PB50|unit03	PB50	3	UFV_DC4__PB50	one_repeat	false	false	0.51818200	0.43448300	0.52511416	0.61497326	32	0.00645846	62.62277739	53.74611396	0.99192448	8.94305795	8.80223373	0.00043706	0.00388026	0.19204919	0.13665121	71.56971560	62.74039688
UFV_DC4|unit02	UFV_DC4	P0_seed7	2	AH12|unit01	AH12	PB50_near3	1	UFV_DC4|unit02	UFV_DC4	2	AH12|unit01	AH12	1	UFV_DC4__AH12	two_repeat	false	false	0.54838700	0.47552400	0.56779661	0.64734300	29	0.04004728	55.78083190	49.17050443	0.02274364	17.16676696	18.03963691	0.00893285	0.17938390	0.49392119	0.03557278	73.12698276	67.70406254
UFV_DC4|unit02	UFV_DC4	P0_seed7	2	AH12|unit01	AH12	PB50_near3	1	UFV_DC4|unit02	UFV_DC4	2	AH12|unit01	AH12	1	UFV_DC4__AH12	one_repeat	false	false	0.54838700	0.47552400	0.54672897	0.63243243	29	0.03761739	55.73637307	47.42019160	0.98866018	8.41921064	8.23204769	0.09031746	0.05663902	0.23393117	0.16960393	64.21222273	55.88617046
UFV_DC4|unit02	UFV_DC4	P0_seed7	2	AH12|unit02	AH12	PB50_near3	2	UFV_DC4|unit02	UFV_DC4	2	AH12|unit02	AH12	2	UFV_DC4__AH12	two_repeat	true	true	0.59545500	0.55629100	0.63750000	0.72511848	29	0.07249416	55.78083190	59.13144656	0.99057835	17.16676696	17.15647690	0.09061781	0.17938390	0.16061546	0.28320905	73.12698276	76.44853892
UFV_DC4|unit02	UFV_DC4	P0_seed7	2	AH12|unit02	AH12	PB50_near3	2	UFV_DC4|unit02	UFV_DC4	2	AH12|unit02	AH12	2	UFV_DC4__AH12	one_repeat	true	true	0.59545500	0.55629100	0.60091743	0.69312169	29	0.06863603	55.73637307	59.02851967	0.99376072	8.41921064	8.31688678	0.12565861	0.05663902	0.10546529	0.18630165	64.21222273	67.45087174
UFV_DC4|unit02	UFV_DC4	P0_seed7	2	AH12|unit03	AH12	PB50_near3	3	UFV_DC4|unit02	UFV_DC4	2	AH12|unit03	AH12	3	UFV_DC4__AH12	two_repeat	false	false	0.56744200	0.51388900	0.60851064	0.71144279	34	0.11529317	55.78083190	50.15891529	0.06080658	17.16676696	18.45043014	0.02181821	0.17938390	1.21477425	0.10089791	73.12698276	69.82411967
UFV_DC4|unit02	UFV_DC4	P0_seed7	2	AH12|unit03	AH12	PB50_near3	3	UFV_DC4|unit02	UFV_DC4	2	AH12|unit03	AH12	3	UFV_DC4__AH12	one_repeat	false	false	0.56744200	0.51388900	0.56807512	0.67597765	34	0.09243586	55.73637307	49.02445614	0.40937532	8.41921064	4.89408883	0.00153778	0.05663902	7.06413019	0.12107139	64.21222273	60.98267515
UFV_DC4|unit02	UFV_DC4	P0_seed7	2	Machias|unit01	Machias	PB50_near3	1	UFV_DC4|unit02	UFV_DC4	2	Machias|unit01	Machias	1	UFV_DC4__Machias	two_repeat	false	false	0.54794500	0.48251700	0.56722689	0.66176471	34	0.03552882	55.78083190	49.15348476	0.08928569	17.16676696	17.54533136	0.01033762	0.17938390	1.02907450	0.04856047	73.12698276	67.72789062
UFV_DC4|unit02	UFV_DC4	P0_seed7	2	Machias|unit01	Machias	PB50_near3	1	UFV_DC4|unit02	UFV_DC4	2	Machias|unit01	Machias	1	UFV_DC4__Machias	one_repeat	false	false	0.54794500	0.48251700	0.54629630	0.64835165	34	0.03578635	55.73637307	48.44818616	0.99574302	8.41921064	8.34973460	0.18005889	0.05663902	0.07404114	0.16888642	64.21222273	56.87196189
UFV_DC4|unit02	UFV_DC4	P0_seed7	2	Machias|unit02	Machias	PB50_near3	2	UFV_DC4|unit02	UFV_DC4	2	Machias|unit02	Machias	2	UFV_DC4__Machias	two_repeat	true	true	0.58715600	0.55333300	0.63025210	0.70093458	24	0.10849567	55.78083190	59.97731610	0.98670546	17.16676696	17.04317143	0.07456444	0.17938390	0.31958826	0.30805145	73.12698276	77.34007580
UFV_DC4|unit02	UFV_DC4	P0_seed7	2	Machias|unit02	Machias	PB50_near3	2	UFV_DC4|unit02	UFV_DC4	2	Machias|unit02	Machias	2	UFV_DC4__Machias	one_repeat	true	true	0.58715600	0.55333300	0.59259259	0.66666667	24	0.10484968	55.73637307	59.91045521	0.99064308	8.41921064	8.26517343	0.10086525	0.05663902	0.17739061	0.21632675	64.21222273	68.35301925
UFV_DC4|unit02	UFV_DC4	P0_seed7	2	Machias|unit03	Machias	PB50_near3	3	UFV_DC4|unit02	UFV_DC4	2	Machias|unit03	Machias	3	UFV_DC4__Machias	two_repeat	false	false	0.56744200	0.50694400	0.60851064	0.70792079	33	0.11879663	55.78083190	52.39122982	0.05208642	17.16676696	18.97405247	0.04085286	0.17938390	0.52063758	0.10188331	73.12698276	71.88591986
UFV_DC4|unit02	UFV_DC4	P0_seed7	2	Machias|unit03	Machias	PB50_near3	3	UFV_DC4|unit02	UFV_DC4	2	Machias|unit03	Machias	3	UFV_DC4__Machias	one_repeat	false	false	0.56744200	0.50694400	0.56807512	0.67222222	33	0.09241021	55.73637307	53.66354149	0.56454526	8.41921064	8.70822761	0.03517724	0.05663902	0.36647328	0.15601843	64.21222273	62.73824238
UFV_DC4|unit02	UFV_DC4	P0_seed7	2	PB50|unit01	PB50	PB50_near3	1	UFV_DC4|unit02	UFV_DC4	2	PB50|unit01	PB50	1	UFV_DC4__PB50	two_repeat	false	false	0.54794500	0.48251700	0.56722689	0.66176471	34	0.03552882	55.78083190	49.15348476	0.08928569	17.16676696	17.54533136	0.01033762	0.17938390	1.02907450	0.04856047	73.12698276	67.72789062
UFV_DC4|unit02	UFV_DC4	P0_seed7	2	PB50|unit01	PB50	PB50_near3	1	UFV_DC4|unit02	UFV_DC4	2	PB50|unit01	PB50	1	UFV_DC4__PB50	one_repeat	false	false	0.54794500	0.48251700	0.54629630	0.64835165	34	0.03578635	55.73637307	48.44818616	0.99574302	8.41921064	8.34973460	0.18005889	0.05663902	0.07404114	0.16888642	64.21222273	56.87196189
UFV_DC4|unit02	UFV_DC4	P0_seed7	2	PB50|unit02	PB50	PB50_near3	2	UFV_DC4|unit02	UFV_DC4	2	PB50|unit02	PB50	2	UFV_DC4__PB50	two_repeat	true	true	0.58715600	0.55333300	0.62605042	0.69626168	24	0.09804379	55.78083190	60.13697426	0.98781249	17.16676696	17.08704202	0.07897534	0.17938390	0.26412494	0.30034426	73.12698276	77.48814123
UFV_DC4|unit02	UFV_DC4	P0_seed7	2	PB50|unit02	PB50	PB50_near3	2	UFV_DC4|unit02	UFV_DC4	2	PB50|unit02	PB50	2	UFV_DC4__PB50	one_repeat	true	true	0.58715600	0.55333300	0.59259259	0.66666667	24	0.09429471	55.73637307	60.04281115	0.99080683	8.41921064	8.26788292	0.10224888	0.05663902	0.17409361	0.20704795	64.21222273	68.48478768
UFV_DC4|unit02	UFV_DC4	P0_seed7	2	PB50|unit03	PB50	PB50_near3	3	UFV_DC4|unit02	UFV_DC4	2	PB50|unit03	PB50	3	UFV_DC4__PB50	two_repeat	false	false	0.56744200	0.50694400	0.61276596	0.71287129	33	0.11880098	55.78083190	52.39370710	0.05189639	17.16676696	18.97728015	0.04078294	0.17938390	0.51404384	0.10184080	73.12698276	71.88503110
UFV_DC4|unit02	UFV_DC4	P0_seed7	2	PB50|unit03	PB50	PB50_near3	3	UFV_DC4|unit02	UFV_DC4	2	PB50|unit03	PB50	3	UFV_DC4__PB50	one_repeat	false	false	0.56744200	0.50694400	0.57276995	0.67777778	33	0.09247780	55.73637307	53.74611396	0.56768297	8.41921064	8.80223373	0.04431324	0.05663902	0.19204919	0.15694671	64.21222273	62.74039688
UFV_DC4|unit03	UFV_DC4	P0_seed7	3	AH12|unit01	AH12	PB50_near3	1	UFV_DC4|unit03	UFV_DC4	3	AH12|unit01	AH12	1	UFV_DC4__AH12	two_repeat	false	false	0.54910700	0.48026300	0.57786885	0.65887850	30	0.03605007	58.92031127	49.17050443	0.87359984	20.82466670	18.03963691	0.00349729	0.00832742	0.49392119	0.25672355	79.75330538	67.70406254
UFV_DC4|unit03	UFV_DC4	P0_seed7	3	AH12|unit01	AH12	PB50_near3	1	UFV_DC4|unit03	UFV_DC4	3	AH12|unit01	AH12	1	UFV_DC4__AH12	one_repeat	false	false	0.54910700	0.48026300	0.55405405	0.64062500	30	0.03707035	58.40596264	47.42019160	0.80405333	6.83003850	8.23204769	0.00458178	2.91616128	0.23393117	0.12959996	68.15216242	55.88617046
UFV_DC4|unit03	UFV_DC4	P0_seed7	3	AH12|unit02	AH12	PB50_near3	2	UFV_DC4|unit03	UFV_DC4	3	AH12|unit02	AH12	2	UFV_DC4__AH12	two_repeat	false	false	0.56888900	0.51315800	0.60816327	0.67420814	24	0.03801150	58.92031127	59.13144656	0.00509974	20.82466670	17.15647690	0.00698360	0.00832742	0.16061546	0.02997531	79.75330538	76.44853892
UFV_DC4|unit03	UFV_DC4	P0_seed7	3	AH12|unit02	AH12	PB50_near3	2	UFV_DC4|unit03	UFV_DC4	3	AH12|unit02	AH12	2	UFV_DC4__AH12	one_repeat	false	false	0.56888900	0.51315800	0.57399103	0.64321608	24	0.03709699	58.40596264	59.02851967	0.87080807	6.83003850	8.31688678	0.00967483	2.91616128	0.10546529	0.12961188	68.15216242	67.45087174
UFV_DC4|unit03	UFV_DC4	P0_seed7	3	AH12|unit03	AH12	PB50_near3	3	UFV_DC4|unit03	UFV_DC4	3	AH12|unit03	AH12	3	UFV_DC4__AH12	two_repeat	true	true	0.60454500	0.53691300	0.65000000	0.73933649	29	0.05452217	58.92031127	50.15891529	0.86766225	20.82466670	18.45043014	0.00337898	0.00832742	1.21477425	0.26761316	79.75330538	69.82411967
UFV_DC4|unit03	UFV_DC4	P0_seed7	3	AH12|unit03	AH12	PB50_near3	3	UFV_DC4|unit03	UFV_DC4	3	AH12|unit03	AH12	3	UFV_DC4__AH12	one_repeat	true	true	0.60454500	0.53691300	0.61926606	0.71428571	29	0.02559251	58.40596264	49.02445614	0.83483532	6.83003850	4.89408883	0.02243881	2.91616128	7.06413019	0.09881977	68.15216242	60.98267515
UFV_DC4|unit03	UFV_DC4	P0_seed7	3	Machias|unit01	Machias	PB50_near3	1	UFV_DC4|unit03	UFV_DC4	3	Machias|unit01	Machias	1	UFV_DC4__Machias	two_repeat	false	false	0.53947400	0.47798700	0.56854839	0.67464115	39	0.03436285	58.92031127	49.15348476	0.80232361	20.82466670	17.54533136	0.00522664	0.00832742	1.02907450	0.23411038	79.75330538	67.72789062
UFV_DC4|unit03	UFV_DC4	P0_seed7	3	Machias|unit01	Machias	PB50_near3	1	UFV_DC4|unit03	UFV_DC4	3	Machias|unit01	Machias	1	UFV_DC4__Machias	one_repeat	false	false	0.53947400	0.47798700	0.54424779	0.65775401	39	0.03393977	58.40596264	48.44818616	0.79780317	6.83003850	8.34973460	0.00268567	2.91616128	0.07404114	0.12609857	68.15216242	56.87196189
UFV_DC4|unit03	UFV_DC4	P0_seed7	3	Machias|unit02	Machias	PB50_near3	2	UFV_DC4|unit03	UFV_DC4	3	Machias|unit02	Machias	2	UFV_DC4__Machias	two_repeat	false	false	0.58441600	0.51634000	0.62151394	0.72222222	35	0.21482772	58.92031127	59.97731610	0.00638258	20.82466670	17.04317143	0.00606885	0.00832742	0.31958826	0.16416880	79.75330538	77.34007580
UFV_DC4|unit03	UFV_DC4	P0_seed7	3	Machias|unit02	Machias	PB50_near3	2	UFV_DC4|unit03	UFV_DC4	3	Machias|unit02	Machias	2	UFV_DC4__Machias	one_repeat	false	false	0.58441600	0.51634000	0.58951965	0.69587629	35	0.21519628	58.40596264	59.91045521	0.80227632	6.83003850	8.26517343	0.02943048	2.91616128	0.17739061	0.27604811	68.15216242	68.35301925
UFV_DC4|unit03	UFV_DC4	P0_seed7	3	Machias|unit03	Machias	PB50_near3	3	UFV_DC4|unit03	UFV_DC4	3	Machias|unit03	Machias	3	UFV_DC4__Machias	two_repeat	false	true	0.58149800	0.50335600	0.62753036	0.75609756	42	0.06145830	58.92031127	52.39122982	0.89119062	20.82466670	18.97405247	0.01816086	0.00832742	0.52063758	0.27907601	79.75330538	71.88591986
UFV_DC4|unit03	UFV_DC4	P0_seed7	3	Machias|unit03	Machias	PB50_near3	3	UFV_DC4|unit03	UFV_DC4	3	Machias|unit03	Machias	3	UFV_DC4__Machias	one_repeat	false	true	0.58149800	0.50335600	0.59555556	0.73224044	42	0.03503410	58.40596264	53.66354149	0.87619191	6.83003850	8.70822761	0.02965842	2.91616128	0.36647328	0.13475484	68.15216242	62.73824238
UFV_DC4|unit03	UFV_DC4	P0_seed7	3	PB50|unit01	PB50	PB50_near3	1	UFV_DC4|unit03	UFV_DC4	3	PB50|unit01	PB50	1	UFV_DC4__PB50	two_repeat	false	false	0.53947400	0.47798700	0.56854839	0.67464115	39	0.03436285	58.92031127	49.15348476	0.80232361	20.82466670	17.54533136	0.00522664	0.00832742	1.02907450	0.23411038	79.75330538	67.72789062
UFV_DC4|unit03	UFV_DC4	P0_seed7	3	PB50|unit01	PB50	PB50_near3	1	UFV_DC4|unit03	UFV_DC4	3	PB50|unit01	PB50	1	UFV_DC4__PB50	one_repeat	false	false	0.53947400	0.47798700	0.54424779	0.65775401	39	0.03393977	58.40596264	48.44818616	0.79780317	6.83003850	8.34973460	0.00268567	2.91616128	0.07404114	0.12609857	68.15216242	56.87196189
UFV_DC4|unit03	UFV_DC4	P0_seed7	3	PB50|unit02	PB50	PB50_near3	2	UFV_DC4|unit03	UFV_DC4	3	PB50|unit02	PB50	2	UFV_DC4__PB50	two_repeat	false	false	0.57964600	0.53246800	0.61382114	0.68325792	25	0.27267711	58.92031127	60.13697426	0.00614491	20.82466670	17.08704202	0.00678732	0.00832742	0.26412494	0.20797180	79.75330538	77.48814123
UFV_DC4|unit03	UFV_DC4	P0_seed7	3	PB50|unit02	PB50	PB50_near3	2	UFV_DC4|unit03	UFV_DC4	3	PB50|unit02	PB50	2	UFV_DC4__PB50	one_repeat	false	false	0.57964600	0.53246800	0.58482143	0.65829146	25	0.27334447	58.40596264	60.04281115	0.80213225	6.83003850	8.26788292	0.02861066	2.91616128	0.17409361	0.32637907	68.15216242	68.48478768
UFV_DC4|unit03	UFV_DC4	P0_seed7	3	PB50|unit03	PB50	PB50_near3	3	UFV_DC4|unit03	UFV_DC4	3	PB50|unit03	PB50	3	UFV_DC4__PB50	two_repeat	false	true	0.58149800	0.50335600	0.62348178	0.75121951	42	0.06147757	58.92031127	52.39370710	0.89144887	20.82466670	18.97728015	0.01832488	0.00832742	0.51404384	0.27917932	79.75330538	71.88503110
UFV_DC4|unit03	UFV_DC4	P0_seed7	3	PB50|unit03	PB50	PB50_near3	3	UFV_DC4|unit03	UFV_DC4	3	PB50|unit03	PB50	3	UFV_DC4__PB50	one_repeat	false	true	0.58149800	0.50335600	0.59111111	0.72677596	42	0.03524096	58.40596264	53.74611396	0.87092495	6.83003850	8.80223373	0.02702652	2.91616128	0.19204919	0.13485019	68.15216242	62.74039688
UFV_DC4|unit04	UFV_DC4	P0_seed7	4	AH12|unit01	AH12	PB50_near3	1	UFV_DC4|unit04	UFV_DC4	4	AH12|unit01	AH12	1	UFV_DC4__AH12	two_repeat	false	false	0.54807700	0.47482000	0.57456140	0.68586387	37	0.06790522	42.10981996	49.17050443	0.85375830	20.77369436	18.03963691	0.00022723	0.05799209	0.49392119	0.30108744	62.94150641	67.70406254
UFV_DC4|unit04	UFV_DC4	P0_seed7	4	AH12|unit01	AH12	PB50_near3	1	UFV_DC4|unit04	UFV_DC4	4	AH12|unit01	AH12	1	UFV_DC4__AH12	one_repeat	false	false	0.54807700	0.47482000	0.55339806	0.67455621	37	0.01915745	43.96422282	47.42019160	0.96598822	8.80135789	8.23204769	0.00671540	0.10212662	0.23393117	0.16741489	52.86770733	55.88617046
UFV_DC4|unit04	UFV_DC4	P0_seed7	4	AH12|unit02	AH12	PB50_near3	2	UFV_DC4|unit04	UFV_DC4	4	AH12|unit02	AH12	2	UFV_DC4__AH12	two_repeat	false	false	0.53271000	0.46206900	0.58119658	0.70466321	41	0.03151370	42.10981996	59.13144656	0.00550682	20.77369436	17.15647690	0.00649598	0.05799209	0.16061546	0.02439759	62.94150641	76.44853892
UFV_DC4|unit04	UFV_DC4	P0_seed7	4	AH12|unit02	AH12	PB50_near3	2	UFV_DC4|unit04	UFV_DC4	4	AH12|unit02	AH12	2	UFV_DC4__AH12	one_repeat	false	false	0.53271000	0.46206900	0.53773585	0.66666667	41	0.03768687	43.96422282	59.02851967	0.97109411	8.80135789	8.31688678	0.01132019	0.10212662	0.10546529	0.17044126	52.86770733	67.45087174
UFV_DC4|unit04	UFV_DC4	P0_seed7	4	AH12|unit03	AH12	PB50_near3	3	UFV_DC4|unit04	UFV_DC4	4	AH12|unit03	AH12	3	UFV_DC4__AH12	two_repeat	false	false	0.58333300	0.48507500	0.63839286	0.76063830	36	0.05969054	42.10981996	50.15891529	0.86878571	20.77369436	18.45043014	0.00393840	0.05799209	1.21477425	0.29819422	62.94150641	69.82411967
UFV_DC4|unit04	UFV_DC4	P0_seed7	4	AH12|unit03	AH12	PB50_near3	3	UFV_DC4|unit04	UFV_DC4	4	AH12|unit03	AH12	3	UFV_DC4__AH12	one_repeat	false	false	0.58333300	0.48507500	0.59900990	0.72891566	36	0.02679615	43.96422282	49.02445614	0.71449722	8.80135789	4.89408883	0.00147903	0.10212662	7.06413019	0.10792845	52.86770733	60.98267515
UFV_DC4|unit04	UFV_DC4	P0_seed7	4	Machias|unit01	Machias	PB50_near3	1	UFV_DC4|unit04	UFV_DC4	4	Machias|unit01	Machias	1	UFV_DC4__Machias	two_repeat	false	false	0.54106300	0.45255500	0.56828194	0.67539267	36	0.00841656	42.10981996	49.15348476	0.78536393	20.77369436	17.54533136	0.00064254	0.05799209	1.02907450	0.23619304	62.94150641	67.72789062
UFV_DC4|unit04	UFV_DC4	P0_seed7	4	Machias|unit01	Machias	PB50_near3	1	UFV_DC4|unit04	UFV_DC4	4	Machias|unit01	Machias	1	UFV_DC4__Machias	one_repeat	false	false	0.54106300	0.45255500	0.54634146	0.66272189	36	0.00198320	43.96422282	48.44818616	0.97311133	8.80135789	8.34973460	0.01473217	0.10212662	0.07404114	0.15378022	52.86770733	56.87196189
UFV_DC4|unit04	UFV_DC4	P0_seed7	4	Machias|unit02	Machias	PB50_near3	2	UFV_DC4|unit04	UFV_DC4	4	Machias|unit02	Machias	2	UFV_DC4__Machias	two_repeat	false	false	0.53271000	0.45890400	0.58119658	0.70103093	40	0.05209583	42.10981996	59.97731610	0.00690575	20.77369436	17.04317143	0.00316086	0.05799209	0.31958826	0.03978185	62.94150641	77.34007580
UFV_DC4|unit04	UFV_DC4	P0_seed7	4	Machias|unit02	Machias	PB50_near3	2	UFV_DC4|unit04	UFV_DC4	4	Machias|unit02	Machias	2	UFV_DC4__Machias	one_repeat	false	false	0.53271000	0.45890400	0.53773585	0.66279070	40	0.04341279	43.96422282	59.91045521	0.96797830	8.80135789	8.26517343	0.00930697	0.10212662	0.17739061	0.17350270	52.86770733	68.35301925
UFV_DC4|unit04	UFV_DC4	P0_seed7	4	Machias|unit03	Machias	PB50_near3	3	UFV_DC4|unit04	UFV_DC4	4	Machias|unit03	Machias	3	UFV_DC4__Machias	two_repeat	false	false	0.58823500	0.48507500	0.64285714	0.76190476	35	0.06001119	42.10981996	52.39122982	0.89232943	20.77369436	18.97405247	0.00794977	0.05799209	0.52063758	0.30515901	62.94150641	71.88591986
UFV_DC4|unit04	UFV_DC4	P0_seed7	4	Machias|unit03	Machias	PB50_near3	3	UFV_DC4|unit04	UFV_DC4	4	Machias|unit03	Machias	3	UFV_DC4__Machias	one_repeat	false	false	0.58823500	0.48507500	0.60396040	0.73053892	35	0.02916586	43.96422282	53.66354149	0.98604562	8.80135789	8.70822761	0.02024833	0.10212662	0.36647328	0.17405796	52.86770733	62.73824238
UFV_DC4|unit04	UFV_DC4	P0_seed7	4	PB50|unit01	PB50	PB50_near3	1	UFV_DC4|unit04	UFV_DC4	4	PB50|unit01	PB50	1	UFV_DC4__PB50	two_repeat	false	false	0.54106300	0.45255500	0.56828194	0.67539267	36	0.00841656	42.10981996	49.15348476	0.78536393	20.77369436	17.54533136	0.00064254	0.05799209	1.02907450	0.23619304	62.94150641	67.72789062
UFV_DC4|unit04	UFV_DC4	P0_seed7	4	PB50|unit01	PB50	PB50_near3	1	UFV_DC4|unit04	UFV_DC4	4	PB50|unit01	PB50	1	UFV_DC4__PB50	one_repeat	false	false	0.54106300	0.45255500	0.54634146	0.66272189	36	0.00198320	43.96422282	48.44818616	0.97311133	8.80135789	8.34973460	0.01473217	0.10212662	0.07404114	0.15378022	52.86770733	56.87196189
UFV_DC4|unit04	UFV_DC4	P0_seed7	4	PB50|unit02	PB50	PB50_near3	2	UFV_DC4|unit04	UFV_DC4	4	PB50|unit02	PB50	2	UFV_DC4__PB50	two_repeat	false	false	0.53271000	0.45890400	0.57692308	0.69587629	40	0.05320771	42.10981996	60.13697426	0.00662621	20.77369436	17.08704202	0.00405151	0.05799209	0.26412494	0.04053628	62.94150641	77.48814123
UFV_DC4|unit04	UFV_DC4	P0_seed7	4	PB50|unit02	PB50	PB50_near3	2	UFV_DC4|unit04	UFV_DC4	4	PB50|unit02	PB50	2	UFV_DC4__PB50	one_repeat	false	false	0.53271000	0.45890400	0.53773585	0.66279070	40	0.04347376	43.96422282	60.04281115	0.96814194	8.80135789	8.26788292	0.00940141	0.10212662	0.17409361	0.17345850	52.86770733	68.48478768
UFV_DC4|unit04	UFV_DC4	P0_seed7	4	PB50|unit03	PB50	PB50_near3	3	UFV_DC4|unit04	UFV_DC4	4	PB50|unit03	PB50	3	UFV_DC4__PB50	two_repeat	false	false	0.58823500	0.48507500	0.63839286	0.75661376	35	0.06002300	42.10981996	52.39370710	0.89258792	20.77369436	18.97728015	0.00790562	0.05799209	0.51404384	0.30526740	62.94150641	71.88503110
UFV_DC4|unit04	UFV_DC4	P0_seed7	4	PB50|unit03	PB50	PB50_near3	3	UFV_DC4|unit04	UFV_DC4	4	PB50|unit03	PB50	3	UFV_DC4__PB50	one_repeat	false	false	0.58823500	0.48507500	0.59900990	0.72455090	35	0.02925420	43.96422282	53.74611396	0.99003486	8.80135789	8.80223373	0.02347289	0.10212662	0.19204919	0.17553711	52.86770733	62.74039688
