replicate_id	left_unit_id	left_label	left_group	left_ordinal	right_unit_id	right_label	right_group	right_ordinal	p0_candidate_id	p0_label	p0_ordinal	pb_candidate_id	pb_label	pb_ordinal	core_to_core_global_identity	trimmed_spacer_global_identity	supporting_query_unit_id	left_boundary_offset_to_best_target_nt	right_boundary_offset_to_best_target_nt
1	AH12|unit02	AH12	PB50_near3	2	MarsHill|unit03	MarsHill	P0_seed7	3	MW248466_1__215089-216594+__QQM14740_1	MarsHill	3	OR455461_1__177982-179535-__WNX97802_1	AH12	2	0.552511	0.513158	MarsHill|unit03	-2	-2
1	AH12|unit03	AH12	PB50_near3	3	MarsHill|unit04	MarsHill	P0_seed7	4	MW248466_1__215089-216594+__QQM14740_1	MarsHill	4	OR455461_1__177982-179535-__WNX97802_1	AH12	3	0.565000	0.488372	MarsHill|unit04	-2	-2
1	Machias|unit01	Machias	PB50_near3	1	S6|unit01	S6	P0_seed7	1	LC680885_1__167556-169058+__BDE75684_1	S6	1	MW349128_1__219310-220863+__QQO92593_1	Machias	1	0.563636	0.543046	S6|unit01	-2	-2
1	AH12|unit03	AH12	PB50_near3	3	S6|unit04	S6	P0_seed7	4	LC680885_1__167556-169058+__BDE75684_1	S6	4	OR455461_1__177982-179535-__WNX97802_1	AH12	3	0.584158	0.484615	S6|unit04	-2	-2
1	AH12|unit01	AH12	PB50_near3	1	UFV_DC4|unit01	UFV_DC4	P0_seed7	1	MZ779063_1__125252-126754+__UAJ17040_1	UFV_DC4	1	OR455461_1__177982-179535-__WNX97802_1	AH12	1	0.561644	0.536424	UFV_DC4|unit01	-2	-2
1	Machias|unit01	Machias	PB50_near3	1	UFV_DC4|unit01	UFV_DC4	P0_seed7	1	MZ779063_1__125252-126754+__UAJ17040_1	UFV_DC4	1	MW349128_1__219310-220863+__QQO92593_1	Machias	1	0.569444	0.520548	UFV_DC4|unit01	-2	-2
2	AH12|unit03	AH12	PB50_near3	3	MarsHill|unit04	MarsHill	P0_seed7	4	MW248466_1__215089-216594+__QQM14740_1	MarsHill	4	OR455461_1__177982-179535-__WNX97802_1	AH12	3	0.583333	0.500000	MarsHill|unit04	-2	-2
2	Machias|unit03	Machias	PB50_near3	3	MarsHill|unit04	MarsHill	P0_seed7	4	MW248466_1__215089-216594+__QQM14740_1	MarsHill	4	MW349128_1__219310-220863+__QQO92593_1	Machias	3	0.568627	0.469697	MarsHill|unit04	-2	-2
2	LY01|unit04	LY01	P0_seed7	4	PB50|unit03	PB50	PB50_near3	3	OR836606_1__73311-74813-__WRM43423_1	LY01	4	OR770614_1__150938-152491-__WPH64254_1	PB50	3	0.581281	0.500000	LY01|unit04	-2	-2
2	PB50|unit03	PB50	PB50_near3	3	S6|unit04	S6	P0_seed7	4	LC680885_1__167556-169058+__BDE75684_1	S6	4	OR770614_1__150938-152491-__WPH64254_1	PB50	3	0.593137	0.514925	S6|unit04	-2	-2
2	AH12|unit01	AH12	PB50_near3	1	PALS_2|unit01	PALS_2	P0_seed7	1	MN091626_1__24879-26381+__QDJ97640_1	PALS_2	1	OR455461_1__177982-179535-__WNX97802_1	AH12	1	0.564220	0.533333	PALS_2|unit01	-2	-2
2	PALS_2|unit01	PALS_2	P0_seed7	1	PB50|unit01	PB50	PB50_near3	1	MN091626_1__24879-26381+__QDJ97640_1	PALS_2	1	OR770614_1__150938-152491-__WPH64254_1	PB50	1	0.569444	0.503356	PALS_2|unit01	-2	-2
2	AH12|unit01	AH12	PB50_near3	1	UFV_DC4|unit01	UFV_DC4	P0_seed7	1	MZ779063_1__125252-126754+__UAJ17040_1	UFV_DC4	1	OR455461_1__177982-179535-__WNX97802_1	AH12	1	0.554054	0.513158	UFV_DC4|unit01	-2	-2
3	AH12|unit01	AH12	PB50_near3	1	Madawaska|unit01	Madawaska	P0_seed7	1	MW349129_1__214290-215795+__QQO92858_1	Madawaska	1	OR455461_1__177982-179535-__WNX97802_1	AH12	1	0.538462	0.503311	Madawaska|unit01	-2	-2
3	LY01|unit01	LY01	P0_seed7	1	PB50|unit01	PB50	PB50_near3	1	OR836606_1__73311-74813-__WRM43423_1	LY01	1	OR770614_1__150938-152491-__WPH64254_1	PB50	1	0.564220	0.500000	LY01|unit01	-2	-2
3	Machias|unit01	Machias	PB50_near3	1	S6|unit01	S6	P0_seed7	1	LC680885_1__167556-169058+__BDE75684_1	S6	1	MW349128_1__219310-220863+__QQO92593_1	Machias	1	0.552511	0.500000	S6|unit01	-2	-2
3	AH12|unit03	AH12	PB50_near3	3	S6|unit03	S6	P0_seed7	3	LC680885_1__167556-169058+__BDE75684_1	S6	3	OR455461_1__177982-179535-__WNX97802_1	AH12	3	0.550000	0.483444	S6|unit03	-2	-2
3	AH12|unit01	AH12	PB50_near3	1	PALS_2|unit01	PALS_2	P0_seed7	1	MN091626_1__24879-26381+__QDJ97640_1	PALS_2	1	OR455461_1__177982-179535-__WNX97802_1	AH12	1	0.557078	0.509934	PALS_2|unit01	-2	-2
3	Machias|unit01	Machias	PB50_near3	1	UFV_DC4|unit01	UFV_DC4	P0_seed7	1	MZ779063_1__125252-126754+__UAJ17040_1	UFV_DC4	1	MW349128_1__219310-220863+__QQO92593_1	Machias	1	0.561644	0.510204	UFV_DC4|unit01	-2	-2
4	Machias|unit03	Machias	PB50_near3	3	SA1|unit04	SA1	P0_seed7	4	MW218148_1__10647-12152+__QPI16926_1	SA1	4	MW349128_1__219310-220863+__QQO92593_1	Machias	3	0.576190	0.488722	SA1|unit04	-2	-2
4	AH12|unit03	AH12	PB50_near3	3	MarsHill|unit04	MarsHill	P0_seed7	4	MW248466_1__215089-216594+__QQM14740_1	MarsHill	4	OR455461_1__177982-179535-__WNX97802_1	AH12	3	0.572139	0.511628	MarsHill|unit04	-2	-2
4	Machias|unit03	Machias	PB50_near3	3	MarsHill|unit04	MarsHill	P0_seed7	4	MW248466_1__215089-216594+__QQM14740_1	MarsHill	4	MW349128_1__219310-220863+__QQO92593_1	Machias	3	0.561576	0.477612	MarsHill|unit04	-2	-2
4	AH12|unit01	AH12	PB50_near3	1	Madawaska|unit01	Madawaska	P0_seed7	1	MW349129_1__214290-215795+__QQO92858_1	Madawaska	1	OR455461_1__177982-179535-__WNX97802_1	AH12	1	0.565611	0.506667	Madawaska|unit01	-2	-2
4	Machias|unit01	Machias	PB50_near3	1	Madawaska|unit01	Madawaska	P0_seed7	1	MW349129_1__214290-215795+__QQO92858_1	Madawaska	1	MW349128_1__219310-220863+__QQO92593_1	Machias	1	0.571429	0.532468	Madawaska|unit01	-2	-2
4	AH12|unit02	AH12	PB50_near3	2	LY01|unit02	LY01	P0_seed7	2	OR836606_1__73311-74813-__WRM43423_1	LY01	2	OR455461_1__177982-179535-__WNX97802_1	AH12	2	0.557078	0.513699	LY01|unit02	-2	-2
4	LY01|unit04	LY01	P0_seed7	4	Machias|unit03	Machias	PB50_near3	3	OR836606_1__73311-74813-__WRM43423_1	LY01	4	MW349128_1__219310-220863+__QQO92593_1	Machias	3	0.579208	0.484615	LY01|unit04	-2	-2
4	LY01|unit04	LY01	P0_seed7	4	PB50|unit03	PB50	PB50_near3	3	OR836606_1__73311-74813-__WRM43423_1	LY01	4	OR770614_1__150938-152491-__WPH64254_1	PB50	3	0.581281	0.443609	LY01|unit04	-2	-2
4	PB50|unit03	PB50	PB50_near3	3	UFV_DC4|unit04	UFV_DC4	P0_seed7	4	MZ779063_1__125252-126754+__UAJ17040_1	UFV_DC4	4	OR770614_1__150938-152491-__WPH64254_1	PB50	3	0.558252	0.474453	UFV_DC4|unit04	-2	-2
5	Madawaska|unit01	Madawaska	P0_seed7	1	PB50|unit01	PB50	PB50_near3	1	MW349129_1__214290-215795+__QQO92858_1	Madawaska	1	OR770614_1__150938-152491-__WPH64254_1	PB50	1	0.565611	0.523490	Madawaska|unit01	-2	-2
5	LY01|unit01	LY01	P0_seed7	1	Machias|unit01	Machias	PB50_near3	1	OR836606_1__73311-74813-__WRM43423_1	LY01	1	MW349128_1__219310-220863+__QQO92593_1	Machias	1	0.563636	0.490196	LY01|unit01	-2	-2
5	LY01|unit02	LY01	P0_seed7	2	Machias|unit02	Machias	PB50_near3	2	OR836606_1__73311-74813-__WRM43423_1	LY01	2	MW349128_1__219310-220863+__QQO92593_1	Machias	2	0.568282	0.490196	LY01|unit02	-2	-2
5	LY01|unit03	LY01	P0_seed7	3	Machias|unit03	Machias	PB50_near3	3	OR836606_1__73311-74813-__WRM43423_1	LY01	3	MW349128_1__219310-220863+__QQO92593_1	Machias	3	0.576577	0.493421	LY01|unit03	-2	-2
5	AH12|unit03	AH12	PB50_near3	3	LY01|unit04	LY01	P0_seed7	4	OR836606_1__73311-74813-__WRM43423_1	LY01	4	OR455461_1__177982-179535-__WNX97802_1	AH12	3	0.575000	0.496124	LY01|unit04	-2	-2
5	Machias|unit01	Machias	PB50_near3	1	S6|unit01	S6	P0_seed7	1	LC680885_1__167556-169058+__BDE75684_1	S6	1	MW349128_1__219310-220863+__QQO92593_1	Machias	1	0.561644	0.535948	S6|unit01	-2	-2
5	PB50|unit01	PB50	PB50_near3	1	S6|unit01	S6	P0_seed7	1	LC680885_1__167556-169058+__BDE75684_1	S6	1	OR770614_1__150938-152491-__WPH64254_1	PB50	1	0.559633	0.486667	S6|unit01	-2	-2
5	AH12|unit01	AH12	PB50_near3	1	PALS_2|unit01	PALS_2	P0_seed7	1	MN091626_1__24879-26381+__QDJ97640_1	PALS_2	1	OR455461_1__177982-179535-__WNX97802_1	AH12	1	0.547945	0.503401	PALS_2|unit01	-2	-2
5	AH12|unit02	AH12	PB50_near3	2	PALS_2|unit02	PALS_2	P0_seed7	2	MN091626_1__24879-26381+__QDJ97640_1	PALS_2	2	OR455461_1__177982-179535-__WNX97802_1	AH12	2	0.534247	0.486486	PALS_2|unit02	-2	-2
5	Machias|unit03	Machias	PB50_near3	3	PALS_2|unit04	PALS_2	P0_seed7	4	MN091626_1__24879-26381+__QDJ97640_1	PALS_2	4	MW349128_1__219310-220863+__QQO92593_1	Machias	3	0.578431	0.469231	PALS_2|unit04	-2	-2
5	PALS_2|unit04	PALS_2	P0_seed7	4	PB50|unit03	PB50	PB50_near3	3	MN091626_1__24879-26381+__QDJ97640_1	PALS_2	4	OR770614_1__150938-152491-__WPH64254_1	PB50	3	0.563107	0.462687	PALS_2|unit04	-2	-2
5	Machias|unit01	Machias	PB50_near3	1	UFV_DC4|unit01	UFV_DC4	P0_seed7	1	MZ779063_1__125252-126754+__UAJ17040_1	UFV_DC4	1	MW349128_1__219310-220863+__QQO92593_1	Machias	1	0.559091	0.493243	UFV_DC4|unit01	-2	-2
5	PB50|unit01	PB50	PB50_near3	1	UFV_DC4|unit01	UFV_DC4	P0_seed7	1	MZ779063_1__125252-126754+__UAJ17040_1	UFV_DC4	1	OR770614_1__150938-152491-__WPH64254_1	PB50	1	0.571429	0.506849	UFV_DC4|unit01	-2	-2
6	AH12|unit03	AH12	PB50_near3	3	SA1|unit04	SA1	P0_seed7	4	MW218148_1__10647-12152+__QPI16926_1	SA1	4	OR455461_1__177982-179535-__WNX97802_1	AH12	3	0.563107	0.492647	SA1|unit04	-2	-2
6	Madawaska|unit01	Madawaska	P0_seed7	1	PB50|unit01	PB50	PB50_near3	1	MW349129_1__214290-215795+__QQO92858_1	Madawaska	1	OR770614_1__150938-152491-__WPH64254_1	PB50	1	0.549107	0.486486	Madawaska|unit01	-2	-2
6	AH12|unit02	AH12	PB50_near3	2	Madawaska|unit02	Madawaska	P0_seed7	2	MW349129_1__214290-215795+__QQO92858_1	Madawaska	2	OR455461_1__177982-179535-__WNX97802_1	AH12	2	0.558140	0.523810	Madawaska|unit02	-2	-2
6	Machias|unit02	Machias	PB50_near3	2	Madawaska|unit02	Madawaska	P0_seed7	2	MW349129_1__214290-215795+__QQO92858_1	Madawaska	2	MW349128_1__219310-220863+__QQO92593_1	Machias	2	0.556054	0.506494	Madawaska|unit02	-2	-2
6	AH12|unit03	AH12	PB50_near3	3	LY01|unit04	LY01	P0_seed7	4	OR836606_1__73311-74813-__WRM43423_1	LY01	4	OR455461_1__177982-179535-__WNX97802_1	AH12	3	0.587379	0.492647	LY01|unit04	-2	-2
6	PB50|unit02	PB50	PB50_near3	2	S6|unit02	S6	P0_seed7	2	LC680885_1__167556-169058+__BDE75684_1	S6	2	OR770614_1__150938-152491-__WPH64254_1	PB50	2	0.553571	0.493506	S6|unit02	-2	-2
6	PB50|unit03	PB50	PB50_near3	3	S6|unit03	S6	P0_seed7	3	LC680885_1__167556-169058+__BDE75684_1	S6	3	OR770614_1__150938-152491-__WPH64254_1	PB50	3	0.610092	0.551020	S6|unit03	-2	-2
6	PALS_2|unit01	PALS_2	P0_seed7	1	PB50|unit01	PB50	PB50_near3	1	MN091626_1__24879-26381+__QDJ97640_1	PALS_2	1	OR770614_1__150938-152491-__WPH64254_1	PB50	1	0.580357	0.565789	PALS_2|unit01	-2	-2
6	Machias|unit01	Machias	PB50_near3	1	UFV_DC4|unit01	UFV_DC4	P0_seed7	1	MZ779063_1__125252-126754+__UAJ17040_1	UFV_DC4	1	MW349128_1__219310-220863+__QQO92593_1	Machias	1	0.565611	0.520000	UFV_DC4|unit01	-2	-2
6	MarsHill|unit01	MarsHill	P0_seed7	1	PB50|unit01	PB50	PB50_near3	1	MW248466_1__215089-216594+__QQM14740_1	MarsHill	1	OR770614_1__150938-152491-__WPH64254_1	PB50	1	0.568807	0.526667	PB50|unit01	2	2
7	Machias|unit03	Machias	PB50_near3	3	MarsHill|unit04	MarsHill	P0_seed7	4	MW248466_1__215089-216594+__QQM14740_1	MarsHill	4	MW349128_1__219310-220863+__QQO92593_1	Machias	3	0.551724	0.443609	MarsHill|unit04	-2	-2
7	MarsHill|unit04	MarsHill	P0_seed7	4	PB50|unit03	PB50	PB50_near3	3	MW248466_1__215089-216594+__QQM14740_1	MarsHill	4	OR770614_1__150938-152491-__WPH64254_1	PB50	3	0.562189	0.500000	MarsHill|unit04	-2	-2
7	AH12|unit01	AH12	PB50_near3	1	Madawaska|unit01	Madawaska	P0_seed7	1	MW349129_1__214290-215795+__QQO92858_1	Madawaska	1	OR455461_1__177982-179535-__WNX97802_1	AH12	1	0.547085	0.490323	Madawaska|unit01	-2	-2
7	Machias|unit01	Machias	PB50_near3	1	Madawaska|unit01	Madawaska	P0_seed7	1	MW349129_1__214290-215795+__QQO92858_1	Madawaska	1	MW349128_1__219310-220863+__QQO92593_1	Machias	1	0.555556	0.528662	Madawaska|unit01	-2	-2
7	LY01|unit01	LY01	P0_seed7	1	PB50|unit01	PB50	PB50_near3	1	OR836606_1__73311-74813-__WRM43423_1	LY01	1	OR770614_1__150938-152491-__WPH64254_1	PB50	1	0.573394	0.519737	LY01|unit01	-2	-2
7	AH12|unit03	AH12	PB50_near3	3	LY01|unit04	LY01	P0_seed7	4	OR836606_1__73311-74813-__WRM43423_1	LY01	4	OR455461_1__177982-179535-__WNX97802_1	AH12	3	0.603960	0.546154	LY01|unit04	-2	-2
7	LY01|unit04	LY01	P0_seed7	4	Machias|unit03	Machias	PB50_near3	3	OR836606_1__73311-74813-__WRM43423_1	LY01	4	MW349128_1__219310-220863+__QQO92593_1	Machias	3	0.609756	0.541985	LY01|unit04	-2	-2
7	PALS_2|unit04	PALS_2	P0_seed7	4	PB50|unit03	PB50	PB50_near3	3	MN091626_1__24879-26381+__QDJ97640_1	PALS_2	4	OR770614_1__150938-152491-__WPH64254_1	PB50	3	0.578431	0.473684	PALS_2|unit04	-2	-2
7	Machias|unit03	Machias	PB50_near3	3	UFV_DC4|unit03	UFV_DC4	P0_seed7	3	MZ779063_1__125252-126754+__UAJ17040_1	UFV_DC4	3	MW349128_1__219310-220863+__QQO92593_1	Machias	3	0.591743	0.510067	UFV_DC4|unit03	-2	-2
8	AH12|unit03	AH12	PB50_near3	3	MarsHill|unit04	MarsHill	P0_seed7	4	MW248466_1__215089-216594+__QQM14740_1	MarsHill	4	OR455461_1__177982-179535-__WNX97802_1	AH12	3	0.568627	0.481203	MarsHill|unit04	-2	-2
8	Machias|unit03	Machias	PB50_near3	3	MarsHill|unit04	MarsHill	P0_seed7	4	MW248466_1__215089-216594+__QQM14740_1	MarsHill	4	MW349128_1__219310-220863+__QQO92593_1	Machias	3	0.562500	0.471014	MarsHill|unit04	-2	-2
8	AH12|unit01	AH12	PB50_near3	1	Madawaska|unit01	Madawaska	P0_seed7	1	MW349129_1__214290-215795+__QQO92858_1	Madawaska	1	OR455461_1__177982-179535-__WNX97802_1	AH12	1	0.556561	0.493333	Madawaska|unit01	-2	-2
8	Machias|unit01	Machias	PB50_near3	1	Madawaska|unit01	Madawaska	P0_seed7	1	MW349129_1__214290-215795+__QQO92858_1	Madawaska	1	MW349128_1__219310-220863+__QQO92593_1	Machias	1	0.570136	0.516340	Madawaska|unit01	-2	-2
8	Madawaska|unit01	Madawaska	P0_seed7	1	PB50|unit01	PB50	PB50_near3	1	MW349129_1__214290-215795+__QQO92858_1	Madawaska	1	OR770614_1__150938-152491-__WPH64254_1	PB50	1	0.554545	0.510067	Madawaska|unit01	-2	-2
8	AH12|unit01	AH12	PB50_near3	1	LY01|unit01	LY01	P0_seed7	1	OR836606_1__73311-74813-__WRM43423_1	LY01	1	OR455461_1__177982-179535-__WNX97802_1	AH12	1	0.555046	0.532895	LY01|unit01	-2	-2
8	LY01|unit04	LY01	P0_seed7	4	Machias|unit03	Machias	PB50_near3	3	OR836606_1__73311-74813-__WRM43423_1	LY01	4	MW349128_1__219310-220863+__QQO92593_1	Machias	3	0.561576	0.459854	LY01|unit04	-2	-2
8	AH12|unit01	AH12	PB50_near3	1	S6|unit01	S6	P0_seed7	1	LC680885_1__167556-169058+__BDE75684_1	S6	1	OR455461_1__177982-179535-__WNX97802_1	AH12	1	0.561644	0.529801	S6|unit01	-2	-2
8	PB50|unit01	PB50	PB50_near3	1	UFV_DC4|unit01	UFV_DC4	P0_seed7	1	MZ779063_1__125252-126754+__UAJ17040_1	UFV_DC4	1	OR770614_1__150938-152491-__WPH64254_1	PB50	1	0.556561	0.476190	UFV_DC4|unit01	-2	-2
9	AH12|unit03	AH12	PB50_near3	3	SA1|unit04	SA1	P0_seed7	4	MW218148_1__10647-12152+__QPI16926_1	SA1	4	OR455461_1__177982-179535-__WNX97802_1	AH12	3	0.573529	0.484615	SA1|unit04	-2	-2
9	Machias|unit03	Machias	PB50_near3	3	SA1|unit04	SA1	P0_seed7	4	MW218148_1__10647-12152+__QPI16926_1	SA1	4	MW349128_1__219310-220863+__QQO92593_1	Machias	3	0.569307	0.511278	SA1|unit04	-2	-2
9	AH12|unit03	AH12	PB50_near3	3	MarsHill|unit04	MarsHill	P0_seed7	4	MW248466_1__215089-216594+__QQM14740_1	MarsHill	4	OR455461_1__177982-179535-__WNX97802_1	AH12	3	0.546798	0.481203	MarsHill|unit04	-2	-2
9	MarsHill|unit04	MarsHill	P0_seed7	4	PB50|unit03	PB50	PB50_near3	3	MW248466_1__215089-216594+__QQM14740_1	MarsHill	4	OR770614_1__150938-152491-__WPH64254_1	PB50	3	0.574257	0.484848	MarsHill|unit04	-2	-2
9	AH12|unit01	AH12	PB50_near3	1	Madawaska|unit01	Madawaska	P0_seed7	1	MW349129_1__214290-215795+__QQO92858_1	Madawaska	1	OR455461_1__177982-179535-__WNX97802_1	AH12	1	0.547511	0.509804	Madawaska|unit01	-2	-2
9	LY01|unit01	LY01	P0_seed7	1	Machias|unit01	Machias	PB50_near3	1	OR836606_1__73311-74813-__WRM43423_1	LY01	1	MW349128_1__219310-220863+__QQO92593_1	Machias	1	0.578704	0.540000	LY01|unit01	-2	-2
9	AH12|unit03	AH12	PB50_near3	3	LY01|unit04	LY01	P0_seed7	4	OR836606_1__73311-74813-__WRM43423_1	LY01	4	OR455461_1__177982-179535-__WNX97802_1	AH12	3	0.559406	0.446154	LY01|unit04	-2	-2
9	Machias|unit01	Machias	PB50_near3	1	UFV_DC4|unit01	UFV_DC4	P0_seed7	1	MZ779063_1__125252-126754+__UAJ17040_1	UFV_DC4	1	MW349128_1__219310-220863+__QQO92593_1	Machias	1	0.577273	0.533333	UFV_DC4|unit01	-2	-2
9	PB50|unit01	PB50	PB50_near3	1	UFV_DC4|unit01	UFV_DC4	P0_seed7	1	MZ779063_1__125252-126754+__UAJ17040_1	UFV_DC4	1	OR770614_1__150938-152491-__WPH64254_1	PB50	1	0.570136	0.537415	UFV_DC4|unit01	-2	-2
10	Machias|unit03	Machias	PB50_near3	3	MarsHill|unit04	MarsHill	P0_seed7	4	MW248466_1__215089-216594+__QQM14740_1	MarsHill	4	MW349128_1__219310-220863+__QQO92593_1	Machias	3	0.563725	0.534351	MarsHill|unit04	-2	-2
10	LY01|unit01	LY01	P0_seed7	1	Machias|unit01	Machias	PB50_near3	1	OR836606_1__73311-74813-__WRM43423_1	LY01	1	MW349128_1__219310-220863+__QQO92593_1	Machias	1	0.549550	0.500000	LY01|unit01	-2	-2
10	PB50|unit01	PB50	PB50_near3	1	S6|unit01	S6	P0_seed7	1	LC680885_1__167556-169058+__BDE75684_1	S6	1	OR770614_1__150938-152491-__WPH64254_1	PB50	1	0.558952	0.521739	S6|unit01	-2	-2
10	Machias|unit01	Machias	PB50_near3	1	PALS_2|unit01	PALS_2	P0_seed7	1	MN091626_1__24879-26381+__QDJ97640_1	PALS_2	1	MW349128_1__219310-220863+__QQO92593_1	Machias	1	0.563636	0.522876	PALS_2|unit01	-2	-2
10	PALS_2|unit01	PALS_2	P0_seed7	1	PB50|unit01	PB50	PB50_near3	1	MN091626_1__24879-26381+__QDJ97640_1	PALS_2	1	OR770614_1__150938-152491-__WPH64254_1	PB50	1	0.555556	0.518987	PALS_2|unit01	-2	-2
10	Machias|unit02	Machias	PB50_near3	2	PALS_2|unit02	PALS_2	P0_seed7	2	MN091626_1__24879-26381+__QDJ97640_1	PALS_2	2	MW349128_1__219310-220863+__QQO92593_1	Machias	2	0.578704	0.513514	PALS_2|unit02	-2	-2
10	PALS_2|unit02	PALS_2	P0_seed7	2	PB50|unit02	PB50	PB50_near3	2	MN091626_1__24879-26381+__QDJ97640_1	PALS_2	2	OR770614_1__150938-152491-__WPH64254_1	PB50	2	0.568807	0.513333	PALS_2|unit02	-2	-2
10	PALS_2|unit03	PALS_2	P0_seed7	3	PB50|unit03	PB50	PB50_near3	3	MN091626_1__24879-26381+__QDJ97640_1	PALS_2	3	OR770614_1__150938-152491-__WPH64254_1	PB50	3	0.602740	0.530612	PALS_2|unit03	-2	-2
11	Machias|unit03	Machias	PB50_near3	3	MarsHill|unit04	MarsHill	P0_seed7	4	MW248466_1__215089-216594+__QQM14740_1	MarsHill	4	MW349128_1__219310-220863+__QQO92593_1	Machias	3	0.537313	0.465649	MarsHill|unit04	-2	-2
11	AH12|unit02	AH12	PB50_near3	2	Madawaska|unit02	Madawaska	P0_seed7	2	MW349129_1__214290-215795+__QQO92858_1	Madawaska	2	OR455461_1__177982-179535-__WNX97802_1	AH12	2	0.559091	0.496644	Madawaska|unit02	-2	-2
11	Madawaska|unit02	Madawaska	P0_seed7	2	PB50|unit02	PB50	PB50_near3	2	MW349129_1__214290-215795+__QQO92858_1	Madawaska	2	OR770614_1__150938-152491-__WPH64254_1	PB50	2	0.558559	0.474359	Madawaska|unit02	-2	-2
11	AH12|unit03	AH12	PB50_near3	3	Madawaska|unit03	Madawaska	P0_seed7	3	MW349129_1__214290-215795+__QQO92858_1	Madawaska	3	OR455461_1__177982-179535-__WNX97802_1	AH12	3	0.559091	0.496689	Madawaska|unit03	-2	-2
11	LY01|unit01	LY01	P0_seed7	1	PB50|unit01	PB50	PB50_near3	1	OR836606_1__73311-74813-__WRM43423_1	LY01	1	OR770614_1__150938-152491-__WPH64254_1	PB50	1	0.568182	0.525974	LY01|unit01	-2	-2
11	Machias|unit03	Machias	PB50_near3	3	S6|unit04	S6	P0_seed7	4	LC680885_1__167556-169058+__BDE75684_1	S6	4	MW349128_1__219310-220863+__QQO92593_1	Machias	3	0.556650	0.473282	S6|unit04	-2	-2
11	PB50|unit03	PB50	PB50_near3	3	S6|unit04	S6	P0_seed7	4	LC680885_1__167556-169058+__BDE75684_1	S6	4	OR770614_1__150938-152491-__WPH64254_1	PB50	3	0.559406	0.488722	S6|unit04	-2	-2
12	AH12|unit03	AH12	PB50_near3	3	MarsHill|unit04	MarsHill	P0_seed7	4	MW248466_1__215089-216594+__QQM14740_1	MarsHill	4	OR455461_1__177982-179535-__WNX97802_1	AH12	3	0.562814	0.469697	MarsHill|unit04	-2	-2
12	Machias|unit03	Machias	PB50_near3	3	MarsHill|unit04	MarsHill	P0_seed7	4	MW248466_1__215089-216594+__QQM14740_1	MarsHill	4	MW349128_1__219310-220863+__QQO92593_1	Machias	3	0.551220	0.463235	MarsHill|unit04	-2	-2
12	AH12|unit01	AH12	PB50_near3	1	S6|unit01	S6	P0_seed7	1	LC680885_1__167556-169058+__BDE75684_1	S6	1	OR455461_1__177982-179535-__WNX97802_1	AH12	1	0.557604	0.496644	S6|unit01	-2	-2
12	Machias|unit01	Machias	PB50_near3	1	S6|unit01	S6	P0_seed7	1	LC680885_1__167556-169058+__BDE75684_1	S6	1	MW349128_1__219310-220863+__QQO92593_1	Machias	1	0.555046	0.496644	S6|unit01	-2	-2
12	AH12|unit01	AH12	PB50_near3	1	PALS_2|unit01	PALS_2	P0_seed7	1	MN091626_1__24879-26381+__QDJ97640_1	PALS_2	1	OR455461_1__177982-179535-__WNX97802_1	AH12	1	0.564220	0.513514	PALS_2|unit01	-2	-2
12	PALS_2|unit01	PALS_2	P0_seed7	1	PB50|unit01	PB50	PB50_near3	1	MN091626_1__24879-26381+__QDJ97640_1	PALS_2	1	OR770614_1__150938-152491-__WPH64254_1	PB50	1	0.573394	0.536424	PALS_2|unit01	-2	-2
12	Machias|unit01	Machias	PB50_near3	1	UFV_DC4|unit01	UFV_DC4	P0_seed7	1	MZ779063_1__125252-126754+__UAJ17040_1	UFV_DC4	1	MW349128_1__219310-220863+__QQO92593_1	Machias	1	0.548387	0.506410	UFV_DC4|unit01	-2	-2
13	AH12|unit01	AH12	PB50_near3	1	Madawaska|unit01	Madawaska	P0_seed7	1	MW349129_1__214290-215795+__QQO92858_1	Madawaska	1	OR455461_1__177982-179535-__WNX97802_1	AH12	1	0.554585	0.509554	Madawaska|unit01	-2	-2
13	Machias|unit01	Machias	PB50_near3	1	Madawaska|unit01	Madawaska	P0_seed7	1	MW349129_1__214290-215795+__QQO92858_1	Madawaska	1	MW349128_1__219310-220863+__QQO92593_1	Machias	1	0.566210	0.503311	Madawaska|unit01	-2	-2
13	Madawaska|unit01	Madawaska	P0_seed7	1	PB50|unit01	PB50	PB50_near3	1	MW349129_1__214290-215795+__QQO92858_1	Madawaska	1	OR770614_1__150938-152491-__WPH64254_1	PB50	1	0.549784	0.500000	Madawaska|unit01	-2	-2
13	Machias|unit01	Machias	PB50_near3	1	S6|unit01	S6	P0_seed7	1	LC680885_1__167556-169058+__BDE75684_1	S6	1	MW349128_1__219310-220863+__QQO92593_1	Machias	1	0.563877	0.534591	S6|unit01	-2	-2
13	Machias|unit02	Machias	PB50_near3	2	S6|unit02	S6	P0_seed7	2	LC680885_1__167556-169058+__BDE75684_1	S6	2	MW349128_1__219310-220863+__QQO92593_1	Machias	2	0.569444	0.517007	S6|unit02	-2	-2
13	Machias|unit01	Machias	PB50_near3	1	PALS_2|unit01	PALS_2	P0_seed7	1	MN091626_1__24879-26381+__QDJ97640_1	PALS_2	1	MW349128_1__219310-220863+__QQO92593_1	Machias	1	0.570776	0.529801	PALS_2|unit01	-2	-2
13	Machias|unit02	Machias	PB50_near3	2	PALS_2|unit02	PALS_2	P0_seed7	2	MN091626_1__24879-26381+__QDJ97640_1	PALS_2	2	MW349128_1__219310-220863+__QQO92593_1	Machias	2	0.556075	0.486301	PALS_2|unit02	-2	-2
13	Machias|unit03	Machias	PB50_near3	3	PALS_2|unit03	PALS_2	P0_seed7	3	MN091626_1__24879-26381+__QDJ97640_1	PALS_2	3	MW349128_1__219310-220863+__QQO92593_1	Machias	3	0.592760	0.523179	PALS_2|unit03	-2	-2
13	Machias|unit01	Machias	PB50_near3	1	UFV_DC4|unit01	UFV_DC4	P0_seed7	1	MZ779063_1__125252-126754+__UAJ17040_1	UFV_DC4	1	MW349128_1__219310-220863+__QQO92593_1	Machias	1	0.545872	0.489796	UFV_DC4|unit01	-2	-2
13	PB50|unit01	PB50	PB50_near3	1	UFV_DC4|unit01	UFV_DC4	P0_seed7	1	MZ779063_1__125252-126754+__UAJ17040_1	UFV_DC4	1	OR770614_1__150938-152491-__WPH64254_1	PB50	1	0.566210	0.540541	UFV_DC4|unit01	-2	-2
13	AH12|unit03	AH12	PB50_near3	3	UFV_DC4|unit04	UFV_DC4	P0_seed7	4	MZ779063_1__125252-126754+__UAJ17040_1	UFV_DC4	4	OR455461_1__177982-179535-__WNX97802_1	AH12	3	0.556650	0.484848	UFV_DC4|unit04	-2	-2
14	LY01|unit01	LY01	P0_seed7	1	PB50|unit01	PB50	PB50_near3	1	OR836606_1__73311-74813-__WRM43423_1	LY01	1	OR770614_1__150938-152491-__WPH64254_1	PB50	1	0.564220	0.503356	LY01|unit01	-2	-2
14	Machias|unit01	Machias	PB50_near3	1	S6|unit01	S6	P0_seed7	1	LC680885_1__167556-169058+__BDE75684_1	S6	1	MW349128_1__219310-220863+__QQO92593_1	Machias	1	0.554054	0.473333	S6|unit01	-2	-2
14	Machias|unit02	Machias	PB50_near3	2	S6|unit02	S6	P0_seed7	2	LC680885_1__167556-169058+__BDE75684_1	S6	2	MW349128_1__219310-220863+__QQO92593_1	Machias	2	0.532110	0.503401	S6|unit02	-2	-2
14	PALS_2|unit01	PALS_2	P0_seed7	1	PB50|unit01	PB50	PB50_near3	1	MN091626_1__24879-26381+__QDJ97640_1	PALS_2	1	OR770614_1__150938-152491-__WPH64254_1	PB50	1	0.585253	0.526667	PALS_2|unit01	-2	-2
14	Machias|unit01	Machias	PB50_near3	1	UFV_DC4|unit01	UFV_DC4	P0_seed7	1	MZ779063_1__125252-126754+__UAJ17040_1	UFV_DC4	1	MW349128_1__219310-220863+__QQO92593_1	Machias	1	0.564444	0.520270	UFV_DC4|unit01	-2	-2
15	MarsHill|unit04	MarsHill	P0_seed7	4	PB50|unit03	PB50	PB50_near3	3	MW248466_1__215089-216594+__QQM14740_1	MarsHill	4	OR770614_1__150938-152491-__WPH64254_1	PB50	3	0.560606	0.473282	MarsHill|unit04	-2	-2
15	LY01|unit01	LY01	P0_seed7	1	Machias|unit01	Machias	PB50_near3	1	OR836606_1__73311-74813-__WRM43423_1	LY01	1	MW349128_1__219310-220863+__QQO92593_1	Machias	1	0.574661	0.536424	LY01|unit01	-2	-2
15	LY01|unit03	LY01	P0_seed7	3	PB50|unit03	PB50	PB50_near3	3	OR836606_1__73311-74813-__WRM43423_1	LY01	3	OR770614_1__150938-152491-__WPH64254_1	PB50	3	0.561086	0.486842	LY01|unit03	-2	-2
15	PALS_2|unit01	PALS_2	P0_seed7	1	PB50|unit01	PB50	PB50_near3	1	MN091626_1__24879-26381+__QDJ97640_1	PALS_2	1	OR770614_1__150938-152491-__WPH64254_1	PB50	1	0.545455	0.513158	PALS_2|unit01	-2	-2
15	Machias|unit01	Machias	PB50_near3	1	UFV_DC4|unit01	UFV_DC4	P0_seed7	1	MZ779063_1__125252-126754+__UAJ17040_1	UFV_DC4	1	MW349128_1__219310-220863+__QQO92593_1	Machias	1	0.566820	0.506849	UFV_DC4|unit01	-2	-2
16	AH12|unit03	AH12	PB50_near3	3	SA1|unit04	SA1	P0_seed7	4	MW218148_1__10647-12152+__QPI16926_1	SA1	4	OR455461_1__177982-179535-__WNX97802_1	AH12	3	0.542289	0.454545	SA1|unit04	-2	-2
16	Machias|unit03	Machias	PB50_near3	3	SA1|unit04	SA1	P0_seed7	4	MW218148_1__10647-12152+__QPI16926_1	SA1	4	MW349128_1__219310-220863+__QQO92593_1	Machias	3	0.558824	0.466165	SA1|unit04	-2	-2
16	AH12|unit02	AH12	PB50_near3	2	MarsHill|unit03	MarsHill	P0_seed7	3	MW248466_1__215089-216594+__QQM14740_1	MarsHill	3	OR455461_1__177982-179535-__WNX97802_1	AH12	2	0.538462	0.483871	MarsHill|unit03	-2	-2
16	AH12|unit03	AH12	PB50_near3	3	MarsHill|unit04	MarsHill	P0_seed7	4	MW248466_1__215089-216594+__QQM14740_1	MarsHill	4	OR455461_1__177982-179535-__WNX97802_1	AH12	3	0.566502	0.485075	MarsHill|unit04	-2	-2
16	Madawaska|unit01	Madawaska	P0_seed7	1	PB50|unit01	PB50	PB50_near3	1	MW349129_1__214290-215795+__QQO92858_1	Madawaska	1	OR770614_1__150938-152491-__WPH64254_1	PB50	1	0.559091	0.509804	Madawaska|unit01	-2	-2
16	Machias|unit02	Machias	PB50_near3	2	Madawaska|unit02	Madawaska	P0_seed7	2	MW349129_1__214290-215795+__QQO92858_1	Madawaska	2	MW349128_1__219310-220863+__QQO92593_1	Machias	2	0.576577	0.493421	Madawaska|unit02	-2	-2
16	AH12|unit01	AH12	PB50_near3	1	S6|unit01	S6	P0_seed7	1	LC680885_1__167556-169058+__BDE75684_1	S6	1	OR455461_1__177982-179535-__WNX97802_1	AH12	1	0.539823	0.486842	S6|unit01	-2	-2
16	Machias|unit01	Machias	PB50_near3	1	PALS_2|unit01	PALS_2	P0_seed7	1	MN091626_1__24879-26381+__QDJ97640_1	PALS_2	1	MW349128_1__219310-220863+__QQO92593_1	Machias	1	0.580645	0.549669	PALS_2|unit01	-2	-2
16	PALS_2|unit01	PALS_2	P0_seed7	1	PB50|unit01	PB50	PB50_near3	1	MN091626_1__24879-26381+__QDJ97640_1	PALS_2	1	OR770614_1__150938-152491-__WPH64254_1	PB50	1	0.561644	0.536424	PALS_2|unit01	-2	-2
17	MarsHill|unit04	MarsHill	P0_seed7	4	PB50|unit03	PB50	PB50_near3	3	MW248466_1__215089-216594+__QQM14740_1	MarsHill	4	OR770614_1__150938-152491-__WPH64254_1	PB50	3	0.572139	0.496183	MarsHill|unit04	-2	-2
17	AH12|unit01	AH12	PB50_near3	1	Madawaska|unit01	Madawaska	P0_seed7	1	MW349129_1__214290-215795+__QQO92858_1	Madawaska	1	OR455461_1__177982-179535-__WNX97802_1	AH12	1	0.556054	0.477707	Madawaska|unit01	-2	-2
17	Madawaska|unit01	Madawaska	P0_seed7	1	PB50|unit01	PB50	PB50_near3	1	MW349129_1__214290-215795+__QQO92858_1	Madawaska	1	OR770614_1__150938-152491-__WPH64254_1	PB50	1	0.547511	0.509934	Madawaska|unit01	-2	-2
17	Madawaska|unit02	Madawaska	P0_seed7	2	PB50|unit02	PB50	PB50_near3	2	MW349129_1__214290-215795+__QQO92858_1	Madawaska	2	OR770614_1__150938-152491-__WPH64254_1	PB50	2	0.554545	0.487013	Madawaska|unit02	-2	-2
17	LY01|unit01	LY01	P0_seed7	1	PB50|unit01	PB50	PB50_near3	1	OR836606_1__73311-74813-__WRM43423_1	LY01	1	OR770614_1__150938-152491-__WPH64254_1	PB50	1	0.559091	0.525974	LY01|unit01	-2	-2
17	AH12|unit03	AH12	PB50_near3	3	LY01|unit04	LY01	P0_seed7	4	OR836606_1__73311-74813-__WRM43423_1	LY01	4	OR455461_1__177982-179535-__WNX97802_1	AH12	3	0.592040	0.507576	LY01|unit04	-2	-2
17	LY01|unit04	LY01	P0_seed7	4	Machias|unit03	Machias	PB50_near3	3	OR836606_1__73311-74813-__WRM43423_1	LY01	4	MW349128_1__219310-220863+__QQO92593_1	Machias	3	0.572139	0.450382	LY01|unit04	-2	-2
17	Machias|unit03	Machias	PB50_near3	3	S6|unit03	S6	P0_seed7	3	LC680885_1__167556-169058+__BDE75684_1	S6	3	MW349128_1__219310-220863+__QQO92593_1	Machias	3	0.584475	0.486667	S6|unit03	-2	-2
17	AH12|unit03	AH12	PB50_near3	3	S6|unit04	S6	P0_seed7	4	LC680885_1__167556-169058+__BDE75684_1	S6	4	OR455461_1__177982-179535-__WNX97802_1	AH12	3	0.567961	0.454545	S6|unit04	-2	-2
18	AH12|unit03	AH12	PB50_near3	3	MarsHill|unit04	MarsHill	P0_seed7	4	MW248466_1__215089-216594+__QQM14740_1	MarsHill	4	OR455461_1__177982-179535-__WNX97802_1	AH12	3	0.571429	0.511278	MarsHill|unit04	-2	-2
18	AH12|unit01	AH12	PB50_near3	1	Madawaska|unit01	Madawaska	P0_seed7	1	MW349129_1__214290-215795+__QQO92858_1	Madawaska	1	OR455461_1__177982-179535-__WNX97802_1	AH12	1	0.546667	0.509554	Madawaska|unit01	-2	-2
18	Machias|unit03	Machias	PB50_near3	3	Madawaska|unit04	Madawaska	P0_seed7	4	MW349129_1__214290-215795+__QQO92858_1	Madawaska	4	MW349128_1__219310-220863+__QQO92593_1	Machias	3	0.562189	0.484848	Madawaska|unit04	-2	-2
18	AH12|unit03	AH12	PB50_near3	3	LY01|unit04	LY01	P0_seed7	4	OR836606_1__73311-74813-__WRM43423_1	LY01	4	OR455461_1__177982-179535-__WNX97802_1	AH12	3	0.560606	0.469231	LY01|unit04	-2	-2
18	LY01|unit04	LY01	P0_seed7	4	PB50|unit03	PB50	PB50_near3	3	OR836606_1__73311-74813-__WRM43423_1	LY01	4	OR770614_1__150938-152491-__WPH64254_1	PB50	3	0.559406	0.458015	LY01|unit04	-2	-2
18	PB50|unit03	PB50	PB50_near3	3	S6|unit04	S6	P0_seed7	4	LC680885_1__167556-169058+__BDE75684_1	S6	4	OR770614_1__150938-152491-__WPH64254_1	PB50	3	0.588235	0.523077	S6|unit04	-2	-2
18	Machias|unit03	Machias	PB50_near3	3	PALS_2|unit04	PALS_2	P0_seed7	4	MN091626_1__24879-26381+__QDJ97640_1	PALS_2	4	MW349128_1__219310-220863+__QQO92593_1	Machias	3	0.556650	0.435115	PALS_2|unit04	-2	-2
18	Machias|unit01	Machias	PB50_near3	1	UFV_DC4|unit01	UFV_DC4	P0_seed7	1	MZ779063_1__125252-126754+__UAJ17040_1	UFV_DC4	1	MW349128_1__219310-220863+__QQO92593_1	Machias	1	0.562212	0.513514	UFV_DC4|unit01	-2	-2
18	PB50|unit03	PB50	PB50_near3	3	UFV_DC4|unit03	UFV_DC4	P0_seed7	3	MZ779063_1__125252-126754+__UAJ17040_1	UFV_DC4	3	OR770614_1__150938-152491-__WPH64254_1	PB50	3	0.589041	0.486667	UFV_DC4|unit03	-2	-2
19	AH12|unit01	AH12	PB50_near3	1	Madawaska|unit01	Madawaska	P0_seed7	1	MW349129_1__214290-215795+__QQO92858_1	Madawaska	1	OR455461_1__177982-179535-__WNX97802_1	AH12	1	0.557522	0.509554	Madawaska|unit01	-2	-2
19	Machias|unit02	Machias	PB50_near3	2	S6|unit02	S6	P0_seed7	2	LC680885_1__167556-169058+__BDE75684_1	S6	2	MW349128_1__219310-220863+__QQO92593_1	Machias	2	0.572072	0.532468	S6|unit02	-2	-2
19	Machias|unit01	Machias	PB50_near3	1	PALS_2|unit01	PALS_2	P0_seed7	1	MN091626_1__24879-26381+__QDJ97640_1	PALS_2	1	MW349128_1__219310-220863+__QQO92593_1	Machias	1	0.548387	0.500000	PALS_2|unit01	-2	-2
19	AH12|unit03	AH12	PB50_near3	3	PALS_2|unit03	PALS_2	P0_seed7	3	MN091626_1__24879-26381+__QDJ97640_1	PALS_2	3	OR455461_1__177982-179535-__WNX97802_1	AH12	3	0.602740	0.543624	PALS_2|unit03	-2	-2
19	PB50|unit02	PB50	PB50_near3	2	UFV_DC4|unit02	UFV_DC4	P0_seed7	2	MZ779063_1__125252-126754+__UAJ17040_1	UFV_DC4	2	OR770614_1__150938-152491-__WPH64254_1	PB50	2	0.560748	0.479452	UFV_DC4|unit02	-2	-2
19	AH12|unit03	AH12	PB50_near3	3	UFV_DC4|unit04	UFV_DC4	P0_seed7	4	MZ779063_1__125252-126754+__UAJ17040_1	UFV_DC4	4	OR455461_1__177982-179535-__WNX97802_1	AH12	3	0.576355	0.518519	UFV_DC4|unit04	-2	-2
20	Machias|unit03	Machias	PB50_near3	3	MarsHill|unit04	MarsHill	P0_seed7	4	MW248466_1__215089-216594+__QQM14740_1	MarsHill	4	MW349128_1__219310-220863+__QQO92593_1	Machias	3	0.574257	0.469231	MarsHill|unit04	-2	-2
20	MarsHill|unit04	MarsHill	P0_seed7	4	PB50|unit03	PB50	PB50_near3	3	MW248466_1__215089-216594+__QQM14740_1	MarsHill	4	OR770614_1__150938-152491-__WPH64254_1	PB50	3	0.586207	0.477273	MarsHill|unit04	-2	-2
20	AH12|unit01	AH12	PB50_near3	1	Madawaska|unit01	Madawaska	P0_seed7	1	MW349129_1__214290-215795+__QQO92858_1	Madawaska	1	OR455461_1__177982-179535-__WNX97802_1	AH12	1	0.551111	0.483444	Madawaska|unit01	-2	-2
20	Madawaska|unit01	Madawaska	P0_seed7	1	PB50|unit01	PB50	PB50_near3	1	MW349129_1__214290-215795+__QQO92858_1	Madawaska	1	OR770614_1__150938-152491-__WPH64254_1	PB50	1	0.575221	0.512658	Madawaska|unit01	-2	-2
20	PB50|unit02	PB50	PB50_near3	2	S6|unit02	S6	P0_seed7	2	LC680885_1__167556-169058+__BDE75684_1	S6	2	OR770614_1__150938-152491-__WPH64254_1	PB50	2	0.552511	0.490066	S6|unit02	-2	-2
20	AH12|unit01	AH12	PB50_near3	1	PALS_2|unit01	PALS_2	P0_seed7	1	MN091626_1__24879-26381+__QDJ97640_1	PALS_2	1	OR455461_1__177982-179535-__WNX97802_1	AH12	1	0.546256	0.503356	PALS_2|unit01	-2	-2
20	PB50|unit01	PB50	PB50_near3	1	UFV_DC4|unit01	UFV_DC4	P0_seed7	1	MZ779063_1__125252-126754+__UAJ17040_1	UFV_DC4	1	OR770614_1__150938-152491-__WPH64254_1	PB50	1	0.552995	0.482993	UFV_DC4|unit01	-2	-2
21	LY01|unit04	LY01	P0_seed7	4	PB50|unit03	PB50	PB50_near3	3	OR836606_1__73311-74813-__WRM43423_1	LY01	4	OR770614_1__150938-152491-__WPH64254_1	PB50	3	0.603865	0.507463	LY01|unit04	-2	-2
21	Machias|unit01	Machias	PB50_near3	1	S6|unit01	S6	P0_seed7	1	LC680885_1__167556-169058+__BDE75684_1	S6	1	MW349128_1__219310-220863+__QQO92593_1	Machias	1	0.575893	0.519231	S6|unit01	-2	-2
21	AH12|unit03	AH12	PB50_near3	3	PALS_2|unit03	PALS_2	P0_seed7	3	MN091626_1__24879-26381+__QDJ97640_1	PALS_2	3	OR455461_1__177982-179535-__WNX97802_1	AH12	3	0.577982	0.526316	PALS_2|unit03	-2	-2
21	Machias|unit01	Machias	PB50_near3	1	UFV_DC4|unit01	UFV_DC4	P0_seed7	1	MZ779063_1__125252-126754+__UAJ17040_1	UFV_DC4	1	MW349128_1__219310-220863+__QQO92593_1	Machias	1	0.581818	0.560000	UFV_DC4|unit01	-2	-2
22	AH12|unit03	AH12	PB50_near3	3	SA1|unit04	SA1	P0_seed7	4	MW218148_1__10647-12152+__QPI16926_1	SA1	4	OR455461_1__177982-179535-__WNX97802_1	AH12	3	0.559406	0.488722	SA1|unit04	-2	-2
22	Machias|unit03	Machias	PB50_near3	3	SA1|unit04	SA1	P0_seed7	4	MW218148_1__10647-12152+__QPI16926_1	SA1	4	MW349128_1__219310-220863+__QQO92593_1	Machias	3	0.563725	0.492308	SA1|unit04	-2	-2
22	Machias|unit03	Machias	PB50_near3	3	MarsHill|unit04	MarsHill	P0_seed7	4	MW248466_1__215089-216594+__QQM14740_1	MarsHill	4	MW349128_1__219310-220863+__QQO92593_1	Machias	3	0.567164	0.488722	MarsHill|unit04	-2	-2
22	MarsHill|unit04	MarsHill	P0_seed7	4	PB50|unit03	PB50	PB50_near3	3	MW248466_1__215089-216594+__QQM14740_1	MarsHill	4	OR770614_1__150938-152491-__WPH64254_1	PB50	3	0.582090	0.526718	MarsHill|unit04	-2	-2
22	AH12|unit01	AH12	PB50_near3	1	Madawaska|unit01	Madawaska	P0_seed7	1	MW349129_1__214290-215795+__QQO92858_1	Madawaska	1	OR455461_1__177982-179535-__WNX97802_1	AH12	1	0.547085	0.506494	Madawaska|unit01	-2	-2
22	PB50|unit01	PB50	PB50_near3	1	S6|unit01	S6	P0_seed7	1	LC680885_1__167556-169058+__BDE75684_1	S6	1	OR770614_1__150938-152491-__WPH64254_1	PB50	1	0.557604	0.503401	S6|unit01	-2	-2
22	PALS_2|unit01	PALS_2	P0_seed7	1	PB50|unit01	PB50	PB50_near3	1	MN091626_1__24879-26381+__QDJ97640_1	PALS_2	1	OR770614_1__150938-152491-__WPH64254_1	PB50	1	0.572093	0.560811	PALS_2|unit01	-2	-2
22	AH12|unit03	AH12	PB50_near3	3	PALS_2|unit03	PALS_2	P0_seed7	3	MN091626_1__24879-26381+__QDJ97640_1	PALS_2	3	OR455461_1__177982-179535-__WNX97802_1	AH12	3	0.590698	0.533784	PALS_2|unit03	-2	-2
22	PALS_2|unit03	PALS_2	P0_seed7	3	PB50|unit03	PB50	PB50_near3	3	MN091626_1__24879-26381+__QDJ97640_1	PALS_2	3	OR770614_1__150938-152491-__WPH64254_1	PB50	3	0.584475	0.493333	PALS_2|unit03	-2	-2
22	Machias|unit01	Machias	PB50_near3	1	UFV_DC4|unit01	UFV_DC4	P0_seed7	1	MZ779063_1__125252-126754+__UAJ17040_1	UFV_DC4	1	MW349128_1__219310-220863+__QQO92593_1	Machias	1	0.555046	0.516779	UFV_DC4|unit01	-2	-2
22	PB50|unit01	PB50	PB50_near3	1	UFV_DC4|unit01	UFV_DC4	P0_seed7	1	MZ779063_1__125252-126754+__UAJ17040_1	UFV_DC4	1	OR770614_1__150938-152491-__WPH64254_1	PB50	1	0.555046	0.527027	UFV_DC4|unit01	-2	-2
23	AH12|unit03	AH12	PB50_near3	3	MarsHill|unit04	MarsHill	P0_seed7	4	MW248466_1__215089-216594+__QQM14740_1	MarsHill	4	OR455461_1__177982-179535-__WNX97802_1	AH12	3	0.561576	0.496183	MarsHill|unit04	-2	-2
23	Machias|unit03	Machias	PB50_near3	3	MarsHill|unit04	MarsHill	P0_seed7	4	MW248466_1__215089-216594+__QQM14740_1	MarsHill	4	MW349128_1__219310-220863+__QQO92593_1	Machias	3	0.570732	0.488889	MarsHill|unit04	-2	-2
23	MarsHill|unit04	MarsHill	P0_seed7	4	PB50|unit03	PB50	PB50_near3	3	MW248466_1__215089-216594+__QQM14740_1	MarsHill	4	OR770614_1__150938-152491-__WPH64254_1	PB50	3	0.590244	0.529851	MarsHill|unit04	-2	-2
23	Madawaska|unit01	Madawaska	P0_seed7	1	PB50|unit01	PB50	PB50_near3	1	MW349129_1__214290-215795+__QQO92858_1	Madawaska	1	OR770614_1__150938-152491-__WPH64254_1	PB50	1	0.563636	0.540000	Madawaska|unit01	-2	-2
23	LY01|unit03	LY01	P0_seed7	3	Machias|unit03	Machias	PB50_near3	3	OR836606_1__73311-74813-__WRM43423_1	LY01	3	MW349128_1__219310-220863+__QQO92593_1	Machias	3	0.573394	0.496644	LY01|unit03	-2	-2
23	LY01|unit04	LY01	P0_seed7	4	PB50|unit03	PB50	PB50_near3	3	OR836606_1__73311-74813-__WRM43423_1	LY01	4	OR770614_1__150938-152491-__WPH64254_1	PB50	3	0.568627	0.454545	LY01|unit04	-2	-2
23	Machias|unit03	Machias	PB50_near3	3	PALS_2|unit04	PALS_2	P0_seed7	4	MN091626_1__24879-26381+__QDJ97640_1	PALS_2	4	MW349128_1__219310-220863+__QQO92593_1	Machias	3	0.563725	0.488889	PALS_2|unit04	-2	-2
23	PB50|unit01	PB50	PB50_near3	1	UFV_DC4|unit01	UFV_DC4	P0_seed7	1	MZ779063_1__125252-126754+__UAJ17040_1	UFV_DC4	1	OR770614_1__150938-152491-__WPH64254_1	PB50	1	0.579186	0.529801	UFV_DC4|unit01	-2	-2
24	Machias|unit03	Machias	PB50_near3	3	SA1|unit04	SA1	P0_seed7	4	MW218148_1__10647-12152+__QPI16926_1	SA1	4	MW349128_1__219310-220863+__QQO92593_1	Machias	3	0.554502	0.455224	SA1|unit04	-2	-2
24	LY01|unit01	LY01	P0_seed7	1	PB50|unit01	PB50	PB50_near3	1	OR836606_1__73311-74813-__WRM43423_1	LY01	1	OR770614_1__150938-152491-__WPH64254_1	PB50	1	0.556561	0.483660	LY01|unit01	-2	-2
24	Machias|unit01	Machias	PB50_near3	1	S6|unit01	S6	P0_seed7	1	LC680885_1__167556-169058+__BDE75684_1	S6	1	MW349128_1__219310-220863+__QQO92593_1	Machias	1	0.559091	0.516779	S6|unit01	-2	-2
24	PALS_2|unit01	PALS_2	P0_seed7	1	PB50|unit01	PB50	PB50_near3	1	MN091626_1__24879-26381+__QDJ97640_1	PALS_2	1	OR770614_1__150938-152491-__WPH64254_1	PB50	1	0.549107	0.543046	PALS_2|unit01	-2	-2
25	Machias|unit03	Machias	PB50_near3	3	MarsHill|unit04	MarsHill	P0_seed7	4	MW248466_1__215089-216594+__QQM14740_1	MarsHill	4	MW349128_1__219310-220863+__QQO92593_1	Machias	3	0.589372	0.500000	MarsHill|unit04	-2	-2
25	MarsHill|unit04	MarsHill	P0_seed7	4	PB50|unit03	PB50	PB50_near3	3	MW248466_1__215089-216594+__QQM14740_1	MarsHill	4	OR770614_1__150938-152491-__WPH64254_1	PB50	3	0.581281	0.507576	MarsHill|unit04	-2	-2
25	Machias|unit01	Machias	PB50_near3	1	Madawaska|unit01	Madawaska	P0_seed7	1	MW349129_1__214290-215795+__QQO92858_1	Madawaska	1	MW349128_1__219310-220863+__QQO92593_1	Machias	1	0.581818	0.539474	Madawaska|unit01	-2	-2
25	AH12|unit01	AH12	PB50_near3	1	LY01|unit01	LY01	P0_seed7	1	OR836606_1__73311-74813-__WRM43423_1	LY01	1	OR455461_1__177982-179535-__WNX97802_1	AH12	1	0.538117	0.470968	LY01|unit01	-2	-2
25	LY01|unit01	LY01	P0_seed7	1	PB50|unit01	PB50	PB50_near3	1	OR836606_1__73311-74813-__WRM43423_1	LY01	1	OR770614_1__150938-152491-__WPH64254_1	PB50	1	0.572072	0.543046	LY01|unit01	-2	-2
25	AH12|unit03	AH12	PB50_near3	3	S6|unit04	S6	P0_seed7	4	LC680885_1__167556-169058+__BDE75684_1	S6	4	OR455461_1__177982-179535-__WNX97802_1	AH12	3	0.606796	0.529851	S6|unit04	-2	-2
25	PB50|unit03	PB50	PB50_near3	3	S6|unit04	S6	P0_seed7	4	LC680885_1__167556-169058+__BDE75684_1	S6	4	OR770614_1__150938-152491-__WPH64254_1	PB50	3	0.574257	0.484615	S6|unit04	-2	-2
26	AH12|unit03	AH12	PB50_near3	3	SA1|unit04	SA1	P0_seed7	4	MW218148_1__10647-12152+__QPI16926_1	SA1	4	OR455461_1__177982-179535-__WNX97802_1	AH12	3	0.558824	0.485075	SA1|unit04	-2	-2
26	MarsHill|unit04	MarsHill	P0_seed7	4	PB50|unit03	PB50	PB50_near3	3	MW248466_1__215089-216594+__QQM14740_1	MarsHill	4	OR770614_1__150938-152491-__WPH64254_1	PB50	3	0.564356	0.477273	MarsHill|unit04	-2	-2
26	AH12|unit03	AH12	PB50_near3	3	LY01|unit04	LY01	P0_seed7	4	OR836606_1__73311-74813-__WRM43423_1	LY01	4	OR455461_1__177982-179535-__WNX97802_1	AH12	3	0.592233	0.525926	LY01|unit04	-2	-2
26	PB50|unit01	PB50	PB50_near3	1	S6|unit01	S6	P0_seed7	1	LC680885_1__167556-169058+__BDE75684_1	S6	1	OR770614_1__150938-152491-__WPH64254_1	PB50	1	0.574661	0.525974	S6|unit01	-2	-2
26	PB50|unit02	PB50	PB50_near3	2	S6|unit02	S6	P0_seed7	2	LC680885_1__167556-169058+__BDE75684_1	S6	2	OR770614_1__150938-152491-__WPH64254_1	PB50	2	0.561644	0.533333	S6|unit02	-2	-2
26	PB50|unit03	PB50	PB50_near3	3	S6|unit03	S6	P0_seed7	3	LC680885_1__167556-169058+__BDE75684_1	S6	3	OR770614_1__150938-152491-__WPH64254_1	PB50	3	0.591743	0.527027	S6|unit03	-2	-2
26	PB50|unit01	PB50	PB50_near3	1	UFV_DC4|unit01	UFV_DC4	P0_seed7	1	MZ779063_1__125252-126754+__UAJ17040_1	UFV_DC4	1	OR770614_1__150938-152491-__WPH64254_1	PB50	1	0.566210	0.506757	UFV_DC4|unit01	-2	-2
27	PB50|unit03	PB50	PB50_near3	3	SA1|unit04	SA1	P0_seed7	4	MW218148_1__10647-12152+__QPI16926_1	SA1	4	OR770614_1__150938-152491-__WPH64254_1	PB50	3	0.546798	0.435115	SA1|unit04	-2	-2
27	Machias|unit02	Machias	PB50_near3	2	MarsHill|unit03	MarsHill	P0_seed7	3	MW248466_1__215089-216594+__QQM14740_1	MarsHill	3	MW349128_1__219310-220863+__QQO92593_1	Machias	2	0.553097	0.522293	MarsHill|unit03	-2	-2
27	Machias|unit03	Machias	PB50_near3	3	MarsHill|unit04	MarsHill	P0_seed7	4	MW248466_1__215089-216594+__QQM14740_1	MarsHill	4	MW349128_1__219310-220863+__QQO92593_1	Machias	3	0.577114	0.519084	MarsHill|unit04	-2	-2
27	PB50|unit01	PB50	PB50_near3	1	S6|unit01	S6	P0_seed7	1	LC680885_1__167556-169058+__BDE75684_1	S6	1	OR770614_1__150938-152491-__WPH64254_1	PB50	1	0.553097	0.513158	S6|unit01	-2	-2
27	PB50|unit02	PB50	PB50_near3	2	S6|unit02	S6	P0_seed7	2	LC680885_1__167556-169058+__BDE75684_1	S6	2	OR770614_1__150938-152491-__WPH64254_1	PB50	2	0.584821	0.541935	S6|unit02	-2	-2
27	PB50|unit03	PB50	PB50_near3	3	S6|unit03	S6	P0_seed7	3	LC680885_1__167556-169058+__BDE75684_1	S6	3	OR770614_1__150938-152491-__WPH64254_1	PB50	3	0.581395	0.496552	S6|unit03	-2	-2
27	PALS_2|unit01	PALS_2	P0_seed7	1	PB50|unit01	PB50	PB50_near3	1	MN091626_1__24879-26381+__QDJ97640_1	PALS_2	1	OR770614_1__150938-152491-__WPH64254_1	PB50	1	0.550000	0.513158	PALS_2|unit01	-2	-2
27	PALS_2|unit03	PALS_2	P0_seed7	3	PB50|unit03	PB50	PB50_near3	3	MN091626_1__24879-26381+__QDJ97640_1	PALS_2	3	OR770614_1__150938-152491-__WPH64254_1	PB50	3	0.583333	0.513699	PALS_2|unit03	-2	-2
27	PB50|unit03	PB50	PB50_near3	3	UFV_DC4|unit03	UFV_DC4	P0_seed7	3	MZ779063_1__125252-126754+__UAJ17040_1	UFV_DC4	3	OR770614_1__150938-152491-__WPH64254_1	PB50	3	0.597285	0.506757	UFV_DC4|unit03	-2	-2
28	AH12|unit03	AH12	PB50_near3	3	MarsHill|unit04	MarsHill	P0_seed7	4	MW248466_1__215089-216594+__QQM14740_1	MarsHill	4	OR455461_1__177982-179535-__WNX97802_1	AH12	3	0.573529	0.500000	MarsHill|unit04	-2	-2
28	Madawaska|unit01	Madawaska	P0_seed7	1	PB50|unit01	PB50	PB50_near3	1	MW349129_1__214290-215795+__QQO92858_1	Madawaska	1	OR770614_1__150938-152491-__WPH64254_1	PB50	1	0.566210	0.539474	Madawaska|unit01	-2	-2
28	AH12|unit01	AH12	PB50_near3	1	LY01|unit01	LY01	P0_seed7	1	OR836606_1__73311-74813-__WRM43423_1	LY01	1	OR455461_1__177982-179535-__WNX97802_1	AH12	1	0.568282	0.500000	LY01|unit01	-2	-2
28	AH12|unit01	AH12	PB50_near3	1	S6|unit01	S6	P0_seed7	1	LC680885_1__167556-169058+__BDE75684_1	S6	1	OR455461_1__177982-179535-__WNX97802_1	AH12	1	0.573394	0.510067	S6|unit01	-2	-2
28	AH12|unit01	AH12	PB50_near3	1	PALS_2|unit01	PALS_2	P0_seed7	1	MN091626_1__24879-26381+__QDJ97640_1	PALS_2	1	OR455461_1__177982-179535-__WNX97802_1	AH12	1	0.567568	0.538961	PALS_2|unit01	-2	-2
28	Machias|unit02	Machias	PB50_near3	2	PALS_2|unit02	PALS_2	P0_seed7	2	MN091626_1__24879-26381+__QDJ97640_1	PALS_2	2	MW349128_1__219310-220863+__QQO92593_1	Machias	2	0.554545	0.509677	PALS_2|unit02	-2	-2
29	Machias|unit01	Machias	PB50_near3	1	Madawaska|unit01	Madawaska	P0_seed7	1	MW349129_1__214290-215795+__QQO92858_1	Madawaska	1	MW349128_1__219310-220863+__QQO92593_1	Machias	1	0.546296	0.472973	Madawaska|unit01	-2	-2
29	Madawaska|unit01	Madawaska	P0_seed7	1	PB50|unit01	PB50	PB50_near3	1	MW349129_1__214290-215795+__QQO92858_1	Madawaska	1	OR770614_1__150938-152491-__WPH64254_1	PB50	1	0.558559	0.506579	Madawaska|unit01	-2	-2
29	AH12|unit01	AH12	PB50_near3	1	S6|unit01	S6	P0_seed7	1	LC680885_1__167556-169058+__BDE75684_1	S6	1	OR455461_1__177982-179535-__WNX97802_1	AH12	1	0.567568	0.512658	S6|unit01	-2	-2
29	Machias|unit01	Machias	PB50_near3	1	PALS_2|unit01	PALS_2	P0_seed7	1	MN091626_1__24879-26381+__QDJ97640_1	PALS_2	1	MW349128_1__219310-220863+__QQO92593_1	Machias	1	0.546667	0.513158	PALS_2|unit01	-2	-2
29	PB50|unit01	PB50	PB50_near3	1	UFV_DC4|unit01	UFV_DC4	P0_seed7	1	MZ779063_1__125252-126754+__UAJ17040_1	UFV_DC4	1	OR770614_1__150938-152491-__WPH64254_1	PB50	1	0.559091	0.503401	UFV_DC4|unit01	-2	-2
30	PB50|unit03	PB50	PB50_near3	3	SA1|unit04	SA1	P0_seed7	4	MW218148_1__10647-12152+__QPI16926_1	SA1	4	OR770614_1__150938-152491-__WPH64254_1	PB50	3	0.593137	0.529412	SA1|unit04	-2	-2
30	MarsHill|unit03	MarsHill	P0_seed7	3	PB50|unit02	PB50	PB50_near3	2	MW248466_1__215089-216594+__QQM14740_1	MarsHill	3	OR770614_1__150938-152491-__WPH64254_1	PB50	2	0.550218	0.515723	MarsHill|unit03	-2	-2
30	Machias|unit03	Machias	PB50_near3	3	MarsHill|unit04	MarsHill	P0_seed7	4	MW248466_1__215089-216594+__QQM14740_1	MarsHill	4	MW349128_1__219310-220863+__QQO92593_1	Machias	3	0.572139	0.492308	MarsHill|unit04	-2	-2
30	MarsHill|unit04	MarsHill	P0_seed7	4	PB50|unit03	PB50	PB50_near3	3	MW248466_1__215089-216594+__QQM14740_1	MarsHill	4	OR770614_1__150938-152491-__WPH64254_1	PB50	3	0.570732	0.481481	MarsHill|unit04	-2	-2
30	LY01|unit01	LY01	P0_seed7	1	Machias|unit01	Machias	PB50_near3	1	OR836606_1__73311-74813-__WRM43423_1	LY01	1	MW349128_1__219310-220863+__QQO92593_1	Machias	1	0.572072	0.516129	LY01|unit01	-2	-2
30	LY01|unit04	LY01	P0_seed7	4	PB50|unit03	PB50	PB50_near3	3	OR836606_1__73311-74813-__WRM43423_1	LY01	4	OR770614_1__150938-152491-__WPH64254_1	PB50	3	0.569307	0.500000	LY01|unit04	-2	-2
30	AH12|unit01	AH12	PB50_near3	1	S6|unit01	S6	P0_seed7	1	LC680885_1__167556-169058+__BDE75684_1	S6	1	OR455461_1__177982-179535-__WNX97802_1	AH12	1	0.573991	0.551282	S6|unit01	-2	-2
30	Machias|unit02	Machias	PB50_near3	2	PALS_2|unit02	PALS_2	P0_seed7	2	MN091626_1__24879-26381+__QDJ97640_1	PALS_2	2	MW349128_1__219310-220863+__QQO92593_1	Machias	2	0.552511	0.493333	PALS_2|unit02	-2	-2
31	MarsHill|unit03	MarsHill	P0_seed7	3	PB50|unit02	PB50	PB50_near3	2	MW248466_1__215089-216594+__QQM14740_1	MarsHill	3	OR770614_1__150938-152491-__WPH64254_1	PB50	2	0.554054	0.522581	MarsHill|unit03	-2	-2
31	Machias|unit01	Machias	PB50_near3	1	Madawaska|unit01	Madawaska	P0_seed7	1	MW349129_1__214290-215795+__QQO92858_1	Madawaska	1	MW349128_1__219310-220863+__QQO92593_1	Machias	1	0.552632	0.493671	Madawaska|unit01	-2	-2
31	Madawaska|unit01	Madawaska	P0_seed7	1	PB50|unit01	PB50	PB50_near3	1	MW349129_1__214290-215795+__QQO92858_1	Madawaska	1	OR770614_1__150938-152491-__WPH64254_1	PB50	1	0.556054	0.516779	Madawaska|unit01	-2	-2
31	LY01|unit04	LY01	P0_seed7	4	Machias|unit03	Machias	PB50_near3	3	OR836606_1__73311-74813-__WRM43423_1	LY01	4	MW349128_1__219310-220863+__QQO92593_1	Machias	3	0.566502	0.462121	LY01|unit04	-2	-2
31	LY01|unit04	LY01	P0_seed7	4	PB50|unit03	PB50	PB50_near3	3	OR836606_1__73311-74813-__WRM43423_1	LY01	4	OR770614_1__150938-152491-__WPH64254_1	PB50	3	0.577889	0.496183	LY01|unit04	-2	-2
31	AH12|unit03	AH12	PB50_near3	3	S6|unit04	S6	P0_seed7	4	LC680885_1__167556-169058+__BDE75684_1	S6	4	OR455461_1__177982-179535-__WNX97802_1	AH12	3	0.578431	0.473684	S6|unit04	-2	-2
31	Machias|unit03	Machias	PB50_near3	3	S6|unit04	S6	P0_seed7	4	LC680885_1__167556-169058+__BDE75684_1	S6	4	MW349128_1__219310-220863+__QQO92593_1	Machias	3	0.574257	0.488722	S6|unit04	-2	-2
31	PALS_2|unit01	PALS_2	P0_seed7	1	PB50|unit01	PB50	PB50_near3	1	MN091626_1__24879-26381+__QDJ97640_1	PALS_2	1	OR770614_1__150938-152491-__WPH64254_1	PB50	1	0.555046	0.523490	PALS_2|unit01	-2	-2
31	PALS_2|unit03	PALS_2	P0_seed7	3	PB50|unit03	PB50	PB50_near3	3	MN091626_1__24879-26381+__QDJ97640_1	PALS_2	3	OR770614_1__150938-152491-__WPH64254_1	PB50	3	0.572093	0.489796	PALS_2|unit03	-2	-2
32	AH12|unit03	AH12	PB50_near3	3	SA1|unit04	SA1	P0_seed7	4	MW218148_1__10647-12152+__QPI16926_1	SA1	4	OR455461_1__177982-179535-__WNX97802_1	AH12	3	0.564356	0.484615	SA1|unit04	-2	-2
32	Machias|unit03	Machias	PB50_near3	3	SA1|unit04	SA1	P0_seed7	4	MW218148_1__10647-12152+__QPI16926_1	SA1	4	MW349128_1__219310-220863+__QQO92593_1	Machias	3	0.567308	0.477941	SA1|unit04	-2	-2
32	AH12|unit03	AH12	PB50_near3	3	MarsHill|unit04	MarsHill	P0_seed7	4	MW248466_1__215089-216594+__QQM14740_1	MarsHill	4	OR455461_1__177982-179535-__WNX97802_1	AH12	3	0.577114	0.515385	MarsHill|unit04	-2	-2
32	MarsHill|unit04	MarsHill	P0_seed7	4	PB50|unit03	PB50	PB50_near3	3	MW248466_1__215089-216594+__QQM14740_1	MarsHill	4	OR770614_1__150938-152491-__WPH64254_1	PB50	3	0.563725	0.488722	MarsHill|unit04	-2	-2
32	AH12|unit01	AH12	PB50_near3	1	Madawaska|unit01	Madawaska	P0_seed7	1	MW349129_1__214290-215795+__QQO92858_1	Madawaska	1	OR455461_1__177982-179535-__WNX97802_1	AH12	1	0.557018	0.465839	Madawaska|unit01	-2	-2
32	Madawaska|unit01	Madawaska	P0_seed7	1	PB50|unit01	PB50	PB50_near3	1	MW349129_1__214290-215795+__QQO92858_1	Madawaska	1	OR770614_1__150938-152491-__WPH64254_1	PB50	1	0.569507	0.500000	Madawaska|unit01	-2	-2
32	LY01|unit02	LY01	P0_seed7	2	PB50|unit02	PB50	PB50_near3	2	OR836606_1__73311-74813-__WRM43423_1	LY01	2	OR770614_1__150938-152491-__WPH64254_1	PB50	2	0.563063	0.520000	LY01|unit02	-2	-2
32	AH12|unit03	AH12	PB50_near3	3	LY01|unit04	LY01	P0_seed7	4	OR836606_1__73311-74813-__WRM43423_1	LY01	4	OR455461_1__177982-179535-__WNX97802_1	AH12	3	0.585859	0.484615	LY01|unit04	-2	-2
32	PB50|unit01	PB50	PB50_near3	1	S6|unit01	S6	P0_seed7	1	LC680885_1__167556-169058+__BDE75684_1	S6	1	OR770614_1__150938-152491-__WPH64254_1	PB50	1	0.554054	0.539474	S6|unit01	-2	-2
32	AH12|unit03	AH12	PB50_near3	3	S6|unit04	S6	P0_seed7	4	LC680885_1__167556-169058+__BDE75684_1	S6	4	OR455461_1__177982-179535-__WNX97802_1	AH12	3	0.594203	0.481752	S6|unit04	-2	-2
32	PALS_2|unit01	PALS_2	P0_seed7	1	PB50|unit01	PB50	PB50_near3	1	MN091626_1__24879-26381+__QDJ97640_1	PALS_2	1	OR770614_1__150938-152491-__WPH64254_1	PB50	1	0.563636	0.526316	PALS_2|unit01	-2	-2
33	AH12|unit02	AH12	PB50_near3	2	MarsHill|unit03	MarsHill	P0_seed7	3	MW248466_1__215089-216594+__QQM14740_1	MarsHill	3	OR455461_1__177982-179535-__WNX97802_1	AH12	2	0.549107	0.532051	MarsHill|unit03	-2	-2
33	MarsHill|unit03	MarsHill	P0_seed7	3	PB50|unit02	PB50	PB50_near3	2	MW248466_1__215089-216594+__QQM14740_1	MarsHill	3	OR770614_1__150938-152491-__WPH64254_1	PB50	2	0.556034	0.493976	MarsHill|unit03	-2	-2
33	AH12|unit03	AH12	PB50_near3	3	MarsHill|unit04	MarsHill	P0_seed7	4	MW248466_1__215089-216594+__QQM14740_1	MarsHill	4	OR455461_1__177982-179535-__WNX97802_1	AH12	3	0.559406	0.446970	MarsHill|unit04	-2	-2
33	MarsHill|unit04	MarsHill	P0_seed7	4	PB50|unit03	PB50	PB50_near3	3	MW248466_1__215089-216594+__QQM14740_1	MarsHill	4	OR770614_1__150938-152491-__WPH64254_1	PB50	3	0.557214	0.488550	MarsHill|unit04	-2	-2
33	LY01|unit01	LY01	P0_seed7	1	Machias|unit01	Machias	PB50_near3	1	OR836606_1__73311-74813-__WRM43423_1	LY01	1	MW349128_1__219310-220863+__QQO92593_1	Machias	1	0.563877	0.493750	LY01|unit01	-2	-2
33	LY01|unit01	LY01	P0_seed7	1	PB50|unit01	PB50	PB50_near3	1	OR836606_1__73311-74813-__WRM43423_1	LY01	1	OR770614_1__150938-152491-__WPH64254_1	PB50	1	0.574661	0.532895	LY01|unit01	-2	-2
33	AH12|unit03	AH12	PB50_near3	3	LY01|unit04	LY01	P0_seed7	4	OR836606_1__73311-74813-__WRM43423_1	LY01	4	OR455461_1__177982-179535-__WNX97802_1	AH12	3	0.571429	0.440299	LY01|unit04	-2	-2
33	AH12|unit01	AH12	PB50_near3	1	S6|unit01	S6	P0_seed7	1	LC680885_1__167556-169058+__BDE75684_1	S6	1	OR455461_1__177982-179535-__WNX97802_1	AH12	1	0.547085	0.506494	S6|unit01	-2	-2
34	PB50|unit02	PB50	PB50_near3	2	SA1|unit03	SA1	P0_seed7	3	MW218148_1__10647-12152+__QPI16926_1	SA1	3	OR770614_1__150938-152491-__WPH64254_1	PB50	2	0.552036	0.522581	SA1|unit03	-2	-2
34	Machias|unit02	Machias	PB50_near3	2	MarsHill|unit03	MarsHill	P0_seed7	3	MW248466_1__215089-216594+__QQM14740_1	MarsHill	3	MW349128_1__219310-220863+__QQO92593_1	Machias	2	0.565217	0.512987	MarsHill|unit03	-2	-2
34	AH12|unit01	AH12	PB50_near3	1	Madawaska|unit01	Madawaska	P0_seed7	1	MW349129_1__214290-215795+__QQO92858_1	Madawaska	1	OR455461_1__177982-179535-__WNX97802_1	AH12	1	0.573333	0.526316	Madawaska|unit01	-2	-2
34	LY01|unit04	LY01	P0_seed7	4	PB50|unit03	PB50	PB50_near3	3	OR836606_1__73311-74813-__WRM43423_1	LY01	4	OR770614_1__150938-152491-__WPH64254_1	PB50	3	0.576355	0.492537	LY01|unit04	-2	-2
34	PB50|unit01	PB50	PB50_near3	1	S6|unit01	S6	P0_seed7	1	LC680885_1__167556-169058+__BDE75684_1	S6	1	OR770614_1__150938-152491-__WPH64254_1	PB50	1	0.560000	0.519231	S6|unit01	-2	-2
34	PB50|unit03	PB50	PB50_near3	3	S6|unit03	S6	P0_seed7	3	LC680885_1__167556-169058+__BDE75684_1	S6	3	OR770614_1__150938-152491-__WPH64254_1	PB50	3	0.585253	0.506849	S6|unit03	-2	-2
34	PALS_2|unit01	PALS_2	P0_seed7	1	PB50|unit01	PB50	PB50_near3	1	MN091626_1__24879-26381+__QDJ97640_1	PALS_2	1	OR770614_1__150938-152491-__WPH64254_1	PB50	1	0.534247	0.493243	PALS_2|unit01	-2	-2
34	AH12|unit03	AH12	PB50_near3	3	PALS_2|unit04	PALS_2	P0_seed7	4	MN091626_1__24879-26381+__QDJ97640_1	PALS_2	4	OR455461_1__177982-179535-__WNX97802_1	AH12	3	0.569307	0.454545	PALS_2|unit04	-2	-2
34	AH12|unit01	AH12	PB50_near3	1	UFV_DC4|unit01	UFV_DC4	P0_seed7	1	MZ779063_1__125252-126754+__UAJ17040_1	UFV_DC4	1	OR455461_1__177982-179535-__WNX97802_1	AH12	1	0.584821	0.568627	UFV_DC4|unit01	-2	-2
34	PB50|unit01	PB50	PB50_near3	1	UFV_DC4|unit01	UFV_DC4	P0_seed7	1	MZ779063_1__125252-126754+__UAJ17040_1	UFV_DC4	1	OR770614_1__150938-152491-__WPH64254_1	PB50	1	0.552995	0.503311	UFV_DC4|unit01	-2	-2
34	Machias|unit02	Machias	PB50_near3	2	UFV_DC4|unit02	UFV_DC4	P0_seed7	2	MZ779063_1__125252-126754+__UAJ17040_1	UFV_DC4	2	MW349128_1__219310-220863+__QQO92593_1	Machias	2	0.557078	0.506667	UFV_DC4|unit02	-2	-2
35	Machias|unit03	Machias	PB50_near3	3	MarsHill|unit04	MarsHill	P0_seed7	4	MW248466_1__215089-216594+__QQM14740_1	MarsHill	4	MW349128_1__219310-220863+__QQO92593_1	Machias	3	0.587379	0.525926	MarsHill|unit04	-2	-2
35	AH12|unit01	AH12	PB50_near3	1	Madawaska|unit01	Madawaska	P0_seed7	1	MW349129_1__214290-215795+__QQO92858_1	Madawaska	1	OR455461_1__177982-179535-__WNX97802_1	AH12	1	0.577778	0.522581	Madawaska|unit01	-2	-2
35	Machias|unit02	Machias	PB50_near3	2	Madawaska|unit02	Madawaska	P0_seed7	2	MW349129_1__214290-215795+__QQO92858_1	Madawaska	2	MW349128_1__219310-220863+__QQO92593_1	Machias	2	0.576037	0.533784	Madawaska|unit02	-2	-2
35	Madawaska|unit02	Madawaska	P0_seed7	2	PB50|unit02	PB50	PB50_near3	2	MW349129_1__214290-215795+__QQO92858_1	Madawaska	2	OR770614_1__150938-152491-__WPH64254_1	PB50	2	0.578704	0.527027	Madawaska|unit02	-2	-2
35	AH12|unit01	AH12	PB50_near3	1	LY01|unit01	LY01	P0_seed7	1	OR836606_1__73311-74813-__WRM43423_1	LY01	1	OR455461_1__177982-179535-__WNX97802_1	AH12	1	0.556054	0.506579	LY01|unit01	-2	-2
35	LY01|unit01	LY01	P0_seed7	1	Machias|unit01	Machias	PB50_near3	1	OR836606_1__73311-74813-__WRM43423_1	LY01	1	MW349128_1__219310-220863+__QQO92593_1	Machias	1	0.548387	0.516556	LY01|unit01	-2	-2
35	LY01|unit01	LY01	P0_seed7	1	PB50|unit01	PB50	PB50_near3	1	OR836606_1__73311-74813-__WRM43423_1	LY01	1	OR770614_1__150938-152491-__WPH64254_1	PB50	1	0.566210	0.490066	LY01|unit01	-2	-2
35	AH12|unit01	AH12	PB50_near3	1	S6|unit01	S6	P0_seed7	1	LC680885_1__167556-169058+__BDE75684_1	S6	1	OR455461_1__177982-179535-__WNX97802_1	AH12	1	0.557604	0.513333	S6|unit01	-2	-2
35	AH12|unit01	AH12	PB50_near3	1	PALS_2|unit01	PALS_2	P0_seed7	1	MN091626_1__24879-26381+__QDJ97640_1	PALS_2	1	OR455461_1__177982-179535-__WNX97802_1	AH12	1	0.575893	0.525641	PALS_2|unit01	-2	-2
35	AH12|unit02	AH12	PB50_near3	2	UFV_DC4|unit02	UFV_DC4	P0_seed7	2	MZ779063_1__125252-126754+__UAJ17040_1	UFV_DC4	2	OR455461_1__177982-179535-__WNX97802_1	AH12	2	0.560185	0.516779	UFV_DC4|unit02	-2	-2
36	PB50|unit03	PB50	PB50_near3	3	SA1|unit04	SA1	P0_seed7	4	MW218148_1__10647-12152+__QPI16926_1	SA1	4	OR770614_1__150938-152491-__WPH64254_1	PB50	3	0.567164	0.503759	SA1|unit04	-2	-2
36	Machias|unit03	Machias	PB50_near3	3	MarsHill|unit04	MarsHill	P0_seed7	4	MW248466_1__215089-216594+__QQM14740_1	MarsHill	4	MW349128_1__219310-220863+__QQO92593_1	Machias	3	0.607843	0.518797	MarsHill|unit04	-2	-2
36	AH12|unit01	AH12	PB50_near3	1	Madawaska|unit01	Madawaska	P0_seed7	1	MW349129_1__214290-215795+__QQO92858_1	Madawaska	1	OR455461_1__177982-179535-__WNX97802_1	AH12	1	0.559471	0.484076	Madawaska|unit01	-2	-2
36	Machias|unit01	Machias	PB50_near3	1	Madawaska|unit01	Madawaska	P0_seed7	1	MW349129_1__214290-215795+__QQO92858_1	Madawaska	1	MW349128_1__219310-220863+__QQO92593_1	Machias	1	0.554585	0.483221	Madawaska|unit01	-2	-2
36	AH12|unit02	AH12	PB50_near3	2	LY01|unit02	LY01	P0_seed7	2	OR836606_1__73311-74813-__WRM43423_1	LY01	2	OR455461_1__177982-179535-__WNX97802_1	AH12	2	0.565421	0.513699	LY01|unit02	-2	-2
36	Machias|unit01	Machias	PB50_near3	1	S6|unit01	S6	P0_seed7	1	LC680885_1__167556-169058+__BDE75684_1	S6	1	MW349128_1__219310-220863+__QQO92593_1	Machias	1	0.560000	0.506410	S6|unit01	-2	-2
36	AH12|unit01	AH12	PB50_near3	1	UFV_DC4|unit01	UFV_DC4	P0_seed7	1	MZ779063_1__125252-126754+__UAJ17040_1	UFV_DC4	1	OR455461_1__177982-179535-__WNX97802_1	AH12	1	0.566372	0.509677	UFV_DC4|unit01	-2	-2
37	AH12|unit03	AH12	PB50_near3	3	SA1|unit04	SA1	P0_seed7	4	MW218148_1__10647-12152+__QPI16926_1	SA1	4	OR455461_1__177982-179535-__WNX97802_1	AH12	3	0.560976	0.481481	SA1|unit04	-2	-2
37	Machias|unit03	Machias	PB50_near3	3	MarsHill|unit04	MarsHill	P0_seed7	4	MW248466_1__215089-216594+__QQM14740_1	MarsHill	4	MW349128_1__219310-220863+__QQO92593_1	Machias	3	0.563107	0.471014	MarsHill|unit04	-2	-2
37	AH12|unit01	AH12	PB50_near3	1	Madawaska|unit01	Madawaska	P0_seed7	1	MW349129_1__214290-215795+__QQO92858_1	Madawaska	1	OR455461_1__177982-179535-__WNX97802_1	AH12	1	0.564220	0.522876	Madawaska|unit01	-2	-2
37	Machias|unit01	Machias	PB50_near3	1	Madawaska|unit01	Madawaska	P0_seed7	1	MW349129_1__214290-215795+__QQO92858_1	Madawaska	1	MW349128_1__219310-220863+__QQO92593_1	Machias	1	0.557522	0.493590	Madawaska|unit01	-2	-2
37	Madawaska|unit01	Madawaska	P0_seed7	1	PB50|unit01	PB50	PB50_near3	1	MW349129_1__214290-215795+__QQO92858_1	Madawaska	1	OR770614_1__150938-152491-__WPH64254_1	PB50	1	0.555066	0.509434	Madawaska|unit01	-2	-2
37	AH12|unit03	AH12	PB50_near3	3	LY01|unit04	LY01	P0_seed7	4	OR836606_1__73311-74813-__WRM43423_1	LY01	4	OR455461_1__177982-179535-__WNX97802_1	AH12	3	0.576355	0.473684	LY01|unit04	-2	-2
37	AH12|unit03	AH12	PB50_near3	3	S6|unit04	S6	P0_seed7	4	LC680885_1__167556-169058+__BDE75684_1	S6	4	OR455461_1__177982-179535-__WNX97802_1	AH12	3	0.582090	0.500000	S6|unit04	-2	-2
37	Machias|unit03	Machias	PB50_near3	3	S6|unit04	S6	P0_seed7	4	LC680885_1__167556-169058+__BDE75684_1	S6	4	MW349128_1__219310-220863+__QQO92593_1	Machias	3	0.600000	0.500000	S6|unit04	-2	-2
37	Machias|unit01	Machias	PB50_near3	1	PALS_2|unit01	PALS_2	P0_seed7	1	MN091626_1__24879-26381+__QDJ97640_1	PALS_2	1	MW349128_1__219310-220863+__QQO92593_1	Machias	1	0.542601	0.461039	PALS_2|unit01	-2	-2
37	Machias|unit02	Machias	PB50_near3	2	PALS_2|unit02	PALS_2	P0_seed7	2	MN091626_1__24879-26381+__QDJ97640_1	PALS_2	2	MW349128_1__219310-220863+__QQO92593_1	Machias	2	0.565789	0.458904	PALS_2|unit02	-2	-2
37	Machias|unit03	Machias	PB50_near3	3	PALS_2|unit03	PALS_2	P0_seed7	3	MN091626_1__24879-26381+__QDJ97640_1	PALS_2	3	MW349128_1__219310-220863+__QQO92593_1	Machias	3	0.568075	0.482759	PALS_2|unit03	-2	-2
37	PALS_2|unit04	PALS_2	P0_seed7	4	PB50|unit03	PB50	PB50_near3	3	MN091626_1__24879-26381+__QDJ97640_1	PALS_2	4	OR770614_1__150938-152491-__WPH64254_1	PB50	3	0.583333	0.515152	PALS_2|unit04	-2	-2
37	AH12|unit01	AH12	PB50_near3	1	UFV_DC4|unit01	UFV_DC4	P0_seed7	1	MZ779063_1__125252-126754+__UAJ17040_1	UFV_DC4	1	OR455461_1__177982-179535-__WNX97802_1	AH12	1	0.547945	0.506579	UFV_DC4|unit01	-2	-2
37	PB50|unit02	PB50	PB50_near3	2	UFV_DC4|unit02	UFV_DC4	P0_seed7	2	MZ779063_1__125252-126754+__UAJ17040_1	UFV_DC4	2	OR770614_1__150938-152491-__WPH64254_1	PB50	2	0.548837	0.500000	UFV_DC4|unit02	-2	-2
38	Machias|unit03	Machias	PB50_near3	3	SA1|unit04	SA1	P0_seed7	4	MW218148_1__10647-12152+__QPI16926_1	SA1	4	MW349128_1__219310-220863+__QQO92593_1	Machias	3	0.570732	0.488889	SA1|unit04	-2	-2
38	Machias|unit03	Machias	PB50_near3	3	MarsHill|unit04	MarsHill	P0_seed7	4	MW248466_1__215089-216594+__QQM14740_1	MarsHill	4	MW349128_1__219310-220863+__QQO92593_1	Machias	3	0.560000	0.458015	MarsHill|unit04	-2	-2
38	Machias|unit02	Machias	PB50_near3	2	Madawaska|unit02	Madawaska	P0_seed7	2	MW349129_1__214290-215795+__QQO92858_1	Madawaska	2	MW349128_1__219310-220863+__QQO92593_1	Machias	2	0.551402	0.500000	Madawaska|unit02	-2	-2
38	Madawaska|unit02	Madawaska	P0_seed7	2	PB50|unit02	PB50	PB50_near3	2	MW349129_1__214290-215795+__QQO92858_1	Madawaska	2	OR770614_1__150938-152491-__WPH64254_1	PB50	2	0.581081	0.548387	Madawaska|unit02	-2	-2
38	LY01|unit01	LY01	P0_seed7	1	Machias|unit01	Machias	PB50_near3	1	OR836606_1__73311-74813-__WRM43423_1	LY01	1	MW349128_1__219310-220863+__QQO92593_1	Machias	1	0.565022	0.526316	LY01|unit01	-2	-2
38	AH12|unit03	AH12	PB50_near3	3	LY01|unit04	LY01	P0_seed7	4	OR836606_1__73311-74813-__WRM43423_1	LY01	4	OR455461_1__177982-179535-__WNX97802_1	AH12	3	0.581281	0.500000	LY01|unit04	-2	-2
38	PB50|unit01	PB50	PB50_near3	1	S6|unit01	S6	P0_seed7	1	LC680885_1__167556-169058+__BDE75684_1	S6	1	OR770614_1__150938-152491-__WPH64254_1	PB50	1	0.553571	0.503185	S6|unit01	-2	-2
38	PB50|unit01	PB50	PB50_near3	1	UFV_DC4|unit01	UFV_DC4	P0_seed7	1	MZ779063_1__125252-126754+__UAJ17040_1	UFV_DC4	1	OR770614_1__150938-152491-__WPH64254_1	PB50	1	0.548387	0.482993	UFV_DC4|unit01	-2	-2
38	AH12|unit03	AH12	PB50_near3	3	UFV_DC4|unit04	UFV_DC4	P0_seed7	4	MZ779063_1__125252-126754+__UAJ17040_1	UFV_DC4	4	OR455461_1__177982-179535-__WNX97802_1	AH12	3	0.578431	0.480916	UFV_DC4|unit04	-2	-2
39	Machias|unit03	Machias	PB50_near3	3	SA1|unit04	SA1	P0_seed7	4	MW218148_1__10647-12152+__QPI16926_1	SA1	4	MW349128_1__219310-220863+__QQO92593_1	Machias	3	0.560386	0.496296	SA1|unit04	-2	-2
39	Machias|unit03	Machias	PB50_near3	3	MarsHill|unit04	MarsHill	P0_seed7	4	MW248466_1__215089-216594+__QQM14740_1	MarsHill	4	MW349128_1__219310-220863+__QQO92593_1	Machias	3	0.566502	0.500000	MarsHill|unit04	-2	-2
39	AH12|unit01	AH12	PB50_near3	1	Madawaska|unit01	Madawaska	P0_seed7	1	MW349129_1__214290-215795+__QQO92858_1	Madawaska	1	OR455461_1__177982-179535-__WNX97802_1	AH12	1	0.580645	0.560811	Madawaska|unit01	-2	-2
39	Machias|unit03	Machias	PB50_near3	3	Madawaska|unit03	Madawaska	P0_seed7	3	MW349129_1__214290-215795+__QQO92858_1	Madawaska	3	MW349128_1__219310-220863+__QQO92593_1	Machias	3	0.556561	0.480000	Madawaska|unit03	-2	-2
39	AH12|unit01	AH12	PB50_near3	1	PALS_2|unit01	PALS_2	P0_seed7	1	MN091626_1__24879-26381+__QDJ97640_1	PALS_2	1	OR455461_1__177982-179535-__WNX97802_1	AH12	1	0.551570	0.490446	PALS_2|unit01	-2	-2
39	Machias|unit03	Machias	PB50_near3	3	PALS_2|unit03	PALS_2	P0_seed7	3	MN091626_1__24879-26381+__QDJ97640_1	PALS_2	3	MW349128_1__219310-220863+__QQO92593_1	Machias	3	0.597345	0.506579	PALS_2|unit03	-2	-2
39	Machias|unit03	Machias	PB50_near3	3	UFV_DC4|unit03	UFV_DC4	P0_seed7	3	MZ779063_1__125252-126754+__UAJ17040_1	UFV_DC4	3	MW349128_1__219310-220863+__QQO92593_1	Machias	3	0.591743	0.526667	UFV_DC4|unit03	-2	-2
40	PB50|unit03	PB50	PB50_near3	3	SA1|unit04	SA1	P0_seed7	4	MW218148_1__10647-12152+__QPI16926_1	SA1	4	OR770614_1__150938-152491-__WPH64254_1	PB50	3	0.551724	0.474074	SA1|unit04	-2	-2
40	MarsHill|unit04	MarsHill	P0_seed7	4	PB50|unit03	PB50	PB50_near3	3	MW248466_1__215089-216594+__QQM14740_1	MarsHill	4	OR770614_1__150938-152491-__WPH64254_1	PB50	3	0.571429	0.481203	MarsHill|unit04	-2	-2
40	AH12|unit01	AH12	PB50_near3	1	Madawaska|unit01	Madawaska	P0_seed7	1	MW349129_1__214290-215795+__QQO92858_1	Madawaska	1	OR455461_1__177982-179535-__WNX97802_1	AH12	1	0.530973	0.439189	Madawaska|unit01	-2	-2
40	AH12|unit03	AH12	PB50_near3	3	LY01|unit04	LY01	P0_seed7	4	OR836606_1__73311-74813-__WRM43423_1	LY01	4	OR455461_1__177982-179535-__WNX97802_1	AH12	3	0.583333	0.477612	LY01|unit04	-2	-2
40	LY01|unit04	LY01	P0_seed7	4	Machias|unit03	Machias	PB50_near3	3	OR836606_1__73311-74813-__WRM43423_1	LY01	4	MW349128_1__219310-220863+__QQO92593_1	Machias	3	0.559406	0.514706	LY01|unit04	-2	-2
40	PB50|unit01	PB50	PB50_near3	1	S6|unit01	S6	P0_seed7	1	LC680885_1__167556-169058+__BDE75684_1	S6	1	OR770614_1__150938-152491-__WPH64254_1	PB50	1	0.543478	0.487342	S6|unit01	-2	-2
40	AH12|unit01	AH12	PB50_near3	1	PALS_2|unit01	PALS_2	P0_seed7	1	MN091626_1__24879-26381+__QDJ97640_1	PALS_2	1	OR455461_1__177982-179535-__WNX97802_1	AH12	1	0.548673	0.455696	PALS_2|unit01	-2	-2
40	PALS_2|unit01	PALS_2	P0_seed7	1	PB50|unit01	PB50	PB50_near3	1	MN091626_1__24879-26381+__QDJ97640_1	PALS_2	1	OR770614_1__150938-152491-__WPH64254_1	PB50	1	0.567568	0.493333	PALS_2|unit01	-2	-2
40	PB50|unit01	PB50	PB50_near3	1	UFV_DC4|unit01	UFV_DC4	P0_seed7	1	MZ779063_1__125252-126754+__UAJ17040_1	UFV_DC4	1	OR770614_1__150938-152491-__WPH64254_1	PB50	1	0.561086	0.503226	UFV_DC4|unit01	-2	-2
41	Machias|unit03	Machias	PB50_near3	3	SA1|unit04	SA1	P0_seed7	4	MW218148_1__10647-12152+__QPI16926_1	SA1	4	MW349128_1__219310-220863+__QQO92593_1	Machias	3	0.541063	0.451852	SA1|unit04	-2	-2
41	PB50|unit03	PB50	PB50_near3	3	SA1|unit04	SA1	P0_seed7	4	MW218148_1__10647-12152+__QPI16926_1	SA1	4	OR770614_1__150938-152491-__WPH64254_1	PB50	3	0.557692	0.488722	SA1|unit04	-2	-2
41	MarsHill|unit04	MarsHill	P0_seed7	4	PB50|unit03	PB50	PB50_near3	3	MW248466_1__215089-216594+__QQM14740_1	MarsHill	4	OR770614_1__150938-152491-__WPH64254_1	PB50	3	0.566502	0.507576	MarsHill|unit04	-2	-2
41	AH12|unit03	AH12	PB50_near3	3	Madawaska|unit04	Madawaska	P0_seed7	4	MW349129_1__214290-215795+__QQO92858_1	Madawaska	4	OR455461_1__177982-179535-__WNX97802_1	AH12	3	0.581281	0.526316	Madawaska|unit04	-2	-2
41	LY01|unit01	LY01	P0_seed7	1	Machias|unit01	Machias	PB50_near3	1	OR836606_1__73311-74813-__WRM43423_1	LY01	1	MW349128_1__219310-220863+__QQO92593_1	Machias	1	0.559633	0.483444	LY01|unit01	-2	-2
41	AH12|unit01	AH12	PB50_near3	1	S6|unit01	S6	P0_seed7	1	LC680885_1__167556-169058+__BDE75684_1	S6	1	OR455461_1__177982-179535-__WNX97802_1	AH12	1	0.557522	0.532468	S6|unit01	-2	-2
42	AH12|unit01	AH12	PB50_near3	1	Madawaska|unit01	Madawaska	P0_seed7	1	MW349129_1__214290-215795+__QQO92858_1	Madawaska	1	OR455461_1__177982-179535-__WNX97802_1	AH12	1	0.556561	0.503311	Madawaska|unit01	-2	-2
42	Machias|unit01	Machias	PB50_near3	1	Madawaska|unit01	Madawaska	P0_seed7	1	MW349129_1__214290-215795+__QQO92858_1	Madawaska	1	MW349128_1__219310-220863+__QQO92593_1	Machias	1	0.547511	0.477124	Madawaska|unit01	-2	-2
42	AH12|unit01	AH12	PB50_near3	1	LY01|unit01	LY01	P0_seed7	1	OR836606_1__73311-74813-__WRM43423_1	LY01	1	OR455461_1__177982-179535-__WNX97802_1	AH12	1	0.571429	0.500000	LY01|unit01	-2	-2
42	LY01|unit01	LY01	P0_seed7	1	PB50|unit01	PB50	PB50_near3	1	OR836606_1__73311-74813-__WRM43423_1	LY01	1	OR770614_1__150938-152491-__WPH64254_1	PB50	1	0.565022	0.526316	LY01|unit01	-2	-2
42	PALS_2|unit01	PALS_2	P0_seed7	1	PB50|unit01	PB50	PB50_near3	1	MN091626_1__24879-26381+__QDJ97640_1	PALS_2	1	OR770614_1__150938-152491-__WPH64254_1	PB50	1	0.557078	0.479730	PALS_2|unit01	-2	-2
42	AH12|unit03	AH12	PB50_near3	3	PALS_2|unit04	PALS_2	P0_seed7	4	MN091626_1__24879-26381+__QDJ97640_1	PALS_2	4	OR455461_1__177982-179535-__WNX97802_1	AH12	3	0.587379	0.496241	PALS_2|unit04	-2	-2
42	Machias|unit01	Machias	PB50_near3	1	UFV_DC4|unit01	UFV_DC4	P0_seed7	1	MZ779063_1__125252-126754+__UAJ17040_1	UFV_DC4	1	MW349128_1__219310-220863+__QQO92593_1	Machias	1	0.557078	0.509934	UFV_DC4|unit01	-2	-2
42	PB50|unit01	PB50	PB50_near3	1	UFV_DC4|unit01	UFV_DC4	P0_seed7	1	MZ779063_1__125252-126754+__UAJ17040_1	UFV_DC4	1	OR770614_1__150938-152491-__WPH64254_1	PB50	1	0.542601	0.503311	UFV_DC4|unit01	-2	-2
43	AH12|unit03	AH12	PB50_near3	3	SA1|unit04	SA1	P0_seed7	4	MW218148_1__10647-12152+__QPI16926_1	SA1	4	OR455461_1__177982-179535-__WNX97802_1	AH12	3	0.561576	0.503759	SA1|unit04	-2	-2
43	Machias|unit03	Machias	PB50_near3	3	SA1|unit04	SA1	P0_seed7	4	MW218148_1__10647-12152+__QPI16926_1	SA1	4	MW349128_1__219310-220863+__QQO92593_1	Machias	3	0.542289	0.484615	SA1|unit04	-2	-2
43	AH12|unit03	AH12	PB50_near3	3	MarsHill|unit04	MarsHill	P0_seed7	4	MW248466_1__215089-216594+__QQM14740_1	MarsHill	4	OR455461_1__177982-179535-__WNX97802_1	AH12	3	0.567164	0.477273	MarsHill|unit04	-2	-2
43	MarsHill|unit04	MarsHill	P0_seed7	4	PB50|unit03	PB50	PB50_near3	3	MW248466_1__215089-216594+__QQM14740_1	MarsHill	4	OR770614_1__150938-152491-__WPH64254_1	PB50	3	0.585366	0.481481	MarsHill|unit04	-2	-2
43	AH12|unit01	AH12	PB50_near3	1	S6|unit01	S6	P0_seed7	1	LC680885_1__167556-169058+__BDE75684_1	S6	1	OR455461_1__177982-179535-__WNX97802_1	AH12	1	0.575893	0.519231	S6|unit01	-2	-2
43	PB50|unit03	PB50	PB50_near3	3	S6|unit04	S6	P0_seed7	4	LC680885_1__167556-169058+__BDE75684_1	S6	4	OR770614_1__150938-152491-__WPH64254_1	PB50	3	0.594059	0.511278	S6|unit04	-2	-2
43	AH12|unit03	AH12	PB50_near3	3	PALS_2|unit03	PALS_2	P0_seed7	3	MN091626_1__24879-26381+__QDJ97640_1	PALS_2	3	OR455461_1__177982-179535-__WNX97802_1	AH12	3	0.576744	0.506757	PALS_2|unit03	-2	-2
44	MarsHill|unit04	MarsHill	P0_seed7	4	PB50|unit03	PB50	PB50_near3	3	MW248466_1__215089-216594+__QQM14740_1	MarsHill	4	OR770614_1__150938-152491-__WPH64254_1	PB50	3	0.588517	0.488889	MarsHill|unit04	-2	-2
44	AH12|unit01	AH12	PB50_near3	1	LY01|unit01	LY01	P0_seed7	1	OR836606_1__73311-74813-__WRM43423_1	LY01	1	OR455461_1__177982-179535-__WNX97802_1	AH12	1	0.555556	0.500000	LY01|unit01	-2	-2
44	LY01|unit01	LY01	P0_seed7	1	Machias|unit01	Machias	PB50_near3	1	OR836606_1__73311-74813-__WRM43423_1	LY01	1	MW349128_1__219310-220863+__QQO92593_1	Machias	1	0.550459	0.500000	LY01|unit01	-2	-2
44	AH12|unit01	AH12	PB50_near3	1	PALS_2|unit01	PALS_2	P0_seed7	1	MN091626_1__24879-26381+__QDJ97640_1	PALS_2	1	OR455461_1__177982-179535-__WNX97802_1	AH12	1	0.575893	0.516129	PALS_2|unit01	-2	-2
44	AH12|unit01	AH12	PB50_near3	1	UFV_DC4|unit01	UFV_DC4	P0_seed7	1	MZ779063_1__125252-126754+__UAJ17040_1	UFV_DC4	1	OR455461_1__177982-179535-__WNX97802_1	AH12	1	0.543779	0.482993	UFV_DC4|unit01	-2	-2
45	Machias|unit03	Machias	PB50_near3	3	SA1|unit04	SA1	P0_seed7	4	MW218148_1__10647-12152+__QPI16926_1	SA1	4	MW349128_1__219310-220863+__QQO92593_1	Machias	3	0.539216	0.434783	SA1|unit04	-2	-2
45	MarsHill|unit04	MarsHill	P0_seed7	4	PB50|unit03	PB50	PB50_near3	3	MW248466_1__215089-216594+__QQM14740_1	MarsHill	4	OR770614_1__150938-152491-__WPH64254_1	PB50	3	0.574257	0.511450	MarsHill|unit04	-2	-2
45	AH12|unit01	AH12	PB50_near3	1	Madawaska|unit01	Madawaska	P0_seed7	1	MW349129_1__214290-215795+__QQO92858_1	Madawaska	1	OR455461_1__177982-179535-__WNX97802_1	AH12	1	0.565611	0.509804	Madawaska|unit01	-2	-2
45	Machias|unit01	Machias	PB50_near3	1	Madawaska|unit01	Madawaska	P0_seed7	1	MW349129_1__214290-215795+__QQO92858_1	Madawaska	1	MW349128_1__219310-220863+__QQO92593_1	Machias	1	0.544248	0.496732	Madawaska|unit01	-2	-2
45	Madawaska|unit01	Madawaska	P0_seed7	1	PB50|unit01	PB50	PB50_near3	1	MW349129_1__214290-215795+__QQO92858_1	Madawaska	1	OR770614_1__150938-152491-__WPH64254_1	PB50	1	0.536036	0.487179	Madawaska|unit01	-2	-2
45	AH12|unit01	AH12	PB50_near3	1	LY01|unit01	LY01	P0_seed7	1	OR836606_1__73311-74813-__WRM43423_1	LY01	1	OR455461_1__177982-179535-__WNX97802_1	AH12	1	0.541284	0.476510	LY01|unit01	-2	-2
45	LY01|unit01	LY01	P0_seed7	1	PB50|unit01	PB50	PB50_near3	1	OR836606_1__73311-74813-__WRM43423_1	LY01	1	OR770614_1__150938-152491-__WPH64254_1	PB50	1	0.585903	0.532468	LY01|unit01	-2	-2
45	AH12|unit02	AH12	PB50_near3	2	LY01|unit02	LY01	P0_seed7	2	OR836606_1__73311-74813-__WRM43423_1	LY01	2	OR455461_1__177982-179535-__WNX97802_1	AH12	2	0.569444	0.537931	LY01|unit02	-2	-2
45	Machias|unit01	Machias	PB50_near3	1	UFV_DC4|unit01	UFV_DC4	P0_seed7	1	MZ779063_1__125252-126754+__UAJ17040_1	UFV_DC4	1	MW349128_1__219310-220863+__QQO92593_1	Machias	1	0.550000	0.496644	UFV_DC4|unit01	-2	-2
45	PB50|unit01	PB50	PB50_near3	1	UFV_DC4|unit01	UFV_DC4	P0_seed7	1	MZ779063_1__125252-126754+__UAJ17040_1	UFV_DC4	1	OR770614_1__150938-152491-__WPH64254_1	PB50	1	0.557078	0.496644	UFV_DC4|unit01	-2	-2
46	PB50|unit03	PB50	PB50_near3	3	SA1|unit04	SA1	P0_seed7	4	MW218148_1__10647-12152+__QPI16926_1	SA1	4	OR770614_1__150938-152491-__WPH64254_1	PB50	3	0.569307	0.500000	SA1|unit04	-2	-2
46	Machias|unit03	Machias	PB50_near3	3	MarsHill|unit04	MarsHill	P0_seed7	4	MW248466_1__215089-216594+__QQM14740_1	MarsHill	4	MW349128_1__219310-220863+__QQO92593_1	Machias	3	0.565854	0.473684	MarsHill|unit04	-2	-2
46	MarsHill|unit04	MarsHill	P0_seed7	4	PB50|unit03	PB50	PB50_near3	3	MW248466_1__215089-216594+__QQM14740_1	MarsHill	4	OR770614_1__150938-152491-__WPH64254_1	PB50	3	0.561576	0.469697	MarsHill|unit04	-2	-2
46	Machias|unit01	Machias	PB50_near3	1	Madawaska|unit01	Madawaska	P0_seed7	1	MW349129_1__214290-215795+__QQO92858_1	Madawaska	1	MW349128_1__219310-220863+__QQO92593_1	Machias	1	0.563063	0.536913	Madawaska|unit01	-2	-2
46	Madawaska|unit01	Madawaska	P0_seed7	1	PB50|unit01	PB50	PB50_near3	1	MW349129_1__214290-215795+__QQO92858_1	Madawaska	1	OR770614_1__150938-152491-__WPH64254_1	PB50	1	0.568889	0.522876	Madawaska|unit01	-2	-2
46	Machias|unit02	Machias	PB50_near3	2	Madawaska|unit02	Madawaska	P0_seed7	2	MW349129_1__214290-215795+__QQO92858_1	Madawaska	2	MW349128_1__219310-220863+__QQO92593_1	Machias	2	0.584821	0.540000	Madawaska|unit02	-2	-2
46	AH12|unit03	AH12	PB50_near3	3	LY01|unit04	LY01	P0_seed7	4	OR836606_1__73311-74813-__WRM43423_1	LY01	4	OR455461_1__177982-179535-__WNX97802_1	AH12	3	0.565854	0.472868	LY01|unit04	-2	-2
46	Machias|unit01	Machias	PB50_near3	1	S6|unit01	S6	P0_seed7	1	LC680885_1__167556-169058+__BDE75684_1	S6	1	MW349128_1__219310-220863+__QQO92593_1	Machias	1	0.552036	0.509804	S6|unit01	-2	-2
46	Machias|unit02	Machias	PB50_near3	2	S6|unit02	S6	P0_seed7	2	LC680885_1__167556-169058+__BDE75684_1	S6	2	MW349128_1__219310-220863+__QQO92593_1	Machias	2	0.568182	0.516556	S6|unit02	-2	-2
46	PALS_2|unit01	PALS_2	P0_seed7	1	PB50|unit01	PB50	PB50_near3	1	MN091626_1__24879-26381+__QDJ97640_1	PALS_2	1	OR770614_1__150938-152491-__WPH64254_1	PB50	1	0.533632	0.451613	PALS_2|unit01	-2	-2
46	Machias|unit02	Machias	PB50_near3	2	PALS_2|unit02	PALS_2	P0_seed7	2	MN091626_1__24879-26381+__QDJ97640_1	PALS_2	2	MW349128_1__219310-220863+__QQO92593_1	Machias	2	0.554054	0.506410	PALS_2|unit02	-2	-2
46	PALS_2|unit02	PALS_2	P0_seed7	2	PB50|unit02	PB50	PB50_near3	2	MN091626_1__24879-26381+__QDJ97640_1	PALS_2	2	OR770614_1__150938-152491-__WPH64254_1	PB50	2	0.561644	0.520270	PALS_2|unit02	-2	-2
47	Machias|unit03	Machias	PB50_near3	3	MarsHill|unit04	MarsHill	P0_seed7	4	MW248466_1__215089-216594+__QQM14740_1	MarsHill	4	MW349128_1__219310-220863+__QQO92593_1	Machias	3	0.577670	0.466667	MarsHill|unit04	-2	-2
47	AH12|unit01	AH12	PB50_near3	1	Madawaska|unit01	Madawaska	P0_seed7	1	MW349129_1__214290-215795+__QQO92858_1	Madawaska	1	OR455461_1__177982-179535-__WNX97802_1	AH12	1	0.561947	0.509434	Madawaska|unit01	-2	-2
47	Machias|unit01	Machias	PB50_near3	1	Madawaska|unit01	Madawaska	P0_seed7	1	MW349129_1__214290-215795+__QQO92858_1	Madawaska	1	MW349128_1__219310-220863+__QQO92593_1	Machias	1	0.549107	0.490323	Madawaska|unit01	-2	-2
47	Madawaska|unit01	Madawaska	P0_seed7	1	PB50|unit01	PB50	PB50_near3	1	MW349129_1__214290-215795+__QQO92858_1	Madawaska	1	OR770614_1__150938-152491-__WPH64254_1	PB50	1	0.553571	0.500000	Madawaska|unit01	-2	-2
47	AH12|unit01	AH12	PB50_near3	1	LY01|unit01	LY01	P0_seed7	1	OR836606_1__73311-74813-__WRM43423_1	LY01	1	OR455461_1__177982-179535-__WNX97802_1	AH12	1	0.566964	0.484076	LY01|unit01	-2	-2
47	LY01|unit01	LY01	P0_seed7	1	PB50|unit01	PB50	PB50_near3	1	OR836606_1__73311-74813-__WRM43423_1	LY01	1	OR770614_1__150938-152491-__WPH64254_1	PB50	1	0.546296	0.493243	LY01|unit01	-2	-2
47	LY01|unit04	LY01	P0_seed7	4	Machias|unit03	Machias	PB50_near3	3	OR836606_1__73311-74813-__WRM43423_1	LY01	4	MW349128_1__219310-220863+__QQO92593_1	Machias	3	0.573529	0.480916	LY01|unit04	-2	-2
47	Machias|unit01	Machias	PB50_near3	1	PALS_2|unit01	PALS_2	P0_seed7	1	MN091626_1__24879-26381+__QDJ97640_1	PALS_2	1	MW349128_1__219310-220863+__QQO92593_1	Machias	1	0.565611	0.493506	PALS_2|unit01	-2	-2
47	Machias|unit03	Machias	PB50_near3	3	UFV_DC4|unit03	UFV_DC4	P0_seed7	3	MZ779063_1__125252-126754+__UAJ17040_1	UFV_DC4	3	MW349128_1__219310-220863+__QQO92593_1	Machias	3	0.572727	0.509934	UFV_DC4|unit03	-2	-2
48	LY01|unit01	LY01	P0_seed7	1	PB50|unit01	PB50	PB50_near3	1	OR836606_1__73311-74813-__WRM43423_1	LY01	1	OR770614_1__150938-152491-__WPH64254_1	PB50	1	0.559633	0.500000	LY01|unit01	-2	-2
48	PB50|unit01	PB50	PB50_near3	1	S6|unit01	S6	P0_seed7	1	LC680885_1__167556-169058+__BDE75684_1	S6	1	OR770614_1__150938-152491-__WPH64254_1	PB50	1	0.563636	0.526316	S6|unit01	-2	-2
48	Machias|unit01	Machias	PB50_near3	1	PALS_2|unit01	PALS_2	P0_seed7	1	MN091626_1__24879-26381+__QDJ97640_1	PALS_2	1	MW349128_1__219310-220863+__QQO92593_1	Machias	1	0.550459	0.517241	PALS_2|unit01	-2	-2
48	AH12|unit01	AH12	PB50_near3	1	UFV_DC4|unit01	UFV_DC4	P0_seed7	1	MZ779063_1__125252-126754+__UAJ17040_1	UFV_DC4	1	OR455461_1__177982-179535-__WNX97802_1	AH12	1	0.572072	0.533333	UFV_DC4|unit01	-2	-2
48	Machias|unit01	Machias	PB50_near3	1	UFV_DC4|unit01	UFV_DC4	P0_seed7	1	MZ779063_1__125252-126754+__UAJ17040_1	UFV_DC4	1	MW349128_1__219310-220863+__QQO92593_1	Machias	1	0.543379	0.493243	UFV_DC4|unit01	-2	-2
48	PB50|unit01	PB50	PB50_near3	1	UFV_DC4|unit01	UFV_DC4	P0_seed7	1	MZ779063_1__125252-126754+__UAJ17040_1	UFV_DC4	1	OR770614_1__150938-152491-__WPH64254_1	PB50	1	0.563636	0.523490	UFV_DC4|unit01	-2	-2
49	Machias|unit03	Machias	PB50_near3	3	SA1|unit04	SA1	P0_seed7	4	MW218148_1__10647-12152+__QPI16926_1	SA1	4	MW349128_1__219310-220863+__QQO92593_1	Machias	3	0.541463	0.469231	SA1|unit04	-2	-2
49	AH12|unit01	AH12	PB50_near3	1	Madawaska|unit01	Madawaska	P0_seed7	1	MW349129_1__214290-215795+__QQO92858_1	Madawaska	1	OR455461_1__177982-179535-__WNX97802_1	AH12	1	0.551111	0.496732	Madawaska|unit01	-2	-2
49	Machias|unit01	Machias	PB50_near3	1	Madawaska|unit01	Madawaska	P0_seed7	1	MW349129_1__214290-215795+__QQO92858_1	Madawaska	1	MW349128_1__219310-220863+__QQO92593_1	Machias	1	0.542601	0.496732	Madawaska|unit01	-2	-2
49	Madawaska|unit01	Madawaska	P0_seed7	1	PB50|unit01	PB50	PB50_near3	1	MW349129_1__214290-215795+__QQO92858_1	Madawaska	1	OR770614_1__150938-152491-__WPH64254_1	PB50	1	0.557078	0.519737	Madawaska|unit01	-2	-2
49	Machias|unit01	Machias	PB50_near3	1	PALS_2|unit01	PALS_2	P0_seed7	1	MN091626_1__24879-26381+__QDJ97640_1	PALS_2	1	MW349128_1__219310-220863+__QQO92593_1	Machias	1	0.536364	0.516340	PALS_2|unit01	-2	-2
49	AH12|unit03	AH12	PB50_near3	3	UFV_DC4|unit03	UFV_DC4	P0_seed7	3	MZ779063_1__125252-126754+__UAJ17040_1	UFV_DC4	3	OR455461_1__177982-179535-__WNX97802_1	AH12	3	0.573394	0.513333	UFV_DC4|unit03	-2	-2
50	Machias|unit03	Machias	PB50_near3	3	SA1|unit04	SA1	P0_seed7	4	MW218148_1__10647-12152+__QPI16926_1	SA1	4	MW349128_1__219310-220863+__QQO92593_1	Machias	3	0.550725	0.441176	SA1|unit04	-2	-2
50	PB50|unit03	PB50	PB50_near3	3	SA1|unit04	SA1	P0_seed7	4	MW218148_1__10647-12152+__QPI16926_1	SA1	4	OR770614_1__150938-152491-__WPH64254_1	PB50	3	0.545000	0.453846	SA1|unit04	-2	-2
50	Machias|unit03	Machias	PB50_near3	3	MarsHill|unit04	MarsHill	P0_seed7	4	MW248466_1__215089-216594+__QQM14740_1	MarsHill	4	MW349128_1__219310-220863+__QQO92593_1	Machias	3	0.553398	0.477612	MarsHill|unit04	-2	-2
50	LY01|unit01	LY01	P0_seed7	1	Machias|unit01	Machias	PB50_near3	1	OR836606_1__73311-74813-__WRM43423_1	LY01	1	MW349128_1__219310-220863+__QQO92593_1	Machias	1	0.558036	0.506579	LY01|unit01	-2	-2
50	AH12|unit03	AH12	PB50_near3	3	LY01|unit04	LY01	P0_seed7	4	OR836606_1__73311-74813-__WRM43423_1	LY01	4	OR455461_1__177982-179535-__WNX97802_1	AH12	3	0.579208	0.484848	LY01|unit04	-2	-2
51	AH12|unit03	AH12	PB50_near3	3	SA1|unit04	SA1	P0_seed7	4	MW218148_1__10647-12152+__QPI16926_1	SA1	4	OR455461_1__177982-179535-__WNX97802_1	AH12	3	0.572139	0.507692	SA1|unit04	-2	-2
51	AH12|unit02	AH12	PB50_near3	2	MarsHill|unit03	MarsHill	P0_seed7	3	MW248466_1__215089-216594+__QQM14740_1	MarsHill	3	OR455461_1__177982-179535-__WNX97802_1	AH12	2	0.562500	0.515924	MarsHill|unit03	-2	-2
51	AH12|unit01	AH12	PB50_near3	1	Madawaska|unit01	Madawaska	P0_seed7	1	MW349129_1__214290-215795+__QQO92858_1	Madawaska	1	OR455461_1__177982-179535-__WNX97802_1	AH12	1	0.552511	0.489933	Madawaska|unit01	-2	-2
51	Madawaska|unit01	Madawaska	P0_seed7	1	PB50|unit01	PB50	PB50_near3	1	MW349129_1__214290-215795+__QQO92858_1	Madawaska	1	OR770614_1__150938-152491-__WPH64254_1	PB50	1	0.542601	0.487179	Madawaska|unit01	-2	-7
51	AH12|unit01	AH12	PB50_near3	1	LY01|unit01	LY01	P0_seed7	1	OR836606_1__73311-74813-__WRM43423_1	LY01	1	OR455461_1__177982-179535-__WNX97802_1	AH12	1	0.551570	0.512821	LY01|unit01	-2	-2
51	LY01|unit02	LY01	P0_seed7	2	Machias|unit02	Machias	PB50_near3	2	OR836606_1__73311-74813-__WRM43423_1	LY01	2	MW349128_1__219310-220863+__QQO92593_1	Machias	2	0.574661	0.513333	LY01|unit02	-2	-2
51	AH12|unit01	AH12	PB50_near3	1	S6|unit01	S6	P0_seed7	1	LC680885_1__167556-169058+__BDE75684_1	S6	1	OR455461_1__177982-179535-__WNX97802_1	AH12	1	0.570776	0.516556	S6|unit01	-2	-2
52	Machias|unit03	Machias	PB50_near3	3	SA1|unit04	SA1	P0_seed7	4	MW218148_1__10647-12152+__QPI16926_1	SA1	4	MW349128_1__219310-220863+__QQO92593_1	Machias	3	0.545455	0.446154	SA1|unit04	-2	-2
52	AH12|unit03	AH12	PB50_near3	3	MarsHill|unit04	MarsHill	P0_seed7	4	MW248466_1__215089-216594+__QQM14740_1	MarsHill	4	OR455461_1__177982-179535-__WNX97802_1	AH12	3	0.553299	0.465116	MarsHill|unit04	-2	-2
52	Machias|unit01	Machias	PB50_near3	1	Madawaska|unit01	Madawaska	P0_seed7	1	MW349129_1__214290-215795+__QQO92858_1	Madawaska	1	MW349128_1__219310-220863+__QQO92593_1	Machias	1	0.552995	0.493333	Madawaska|unit01	-2	-2
52	Madawaska|unit01	Madawaska	P0_seed7	1	PB50|unit01	PB50	PB50_near3	1	MW349129_1__214290-215795+__QQO92858_1	Madawaska	1	OR770614_1__150938-152491-__WPH64254_1	PB50	1	0.559471	0.480519	Madawaska|unit01	-2	-2
52	Machias|unit02	Machias	PB50_near3	2	Madawaska|unit02	Madawaska	P0_seed7	2	MW349129_1__214290-215795+__QQO92858_1	Madawaska	2	MW349128_1__219310-220863+__QQO92593_1	Machias	2	0.573991	0.480000	Madawaska|unit02	-2	-2
52	AH12|unit03	AH12	PB50_near3	3	LY01|unit04	LY01	P0_seed7	4	OR836606_1__73311-74813-__WRM43423_1	LY01	4	OR455461_1__177982-179535-__WNX97802_1	AH12	3	0.583333	0.518797	LY01|unit04	-2	-2
52	AH12|unit01	AH12	PB50_near3	1	S6|unit01	S6	P0_seed7	1	LC680885_1__167556-169058+__BDE75684_1	S6	1	OR455461_1__177982-179535-__WNX97802_1	AH12	1	0.562212	0.523490	S6|unit01	-2	-2
52	PB50|unit03	PB50	PB50_near3	3	S6|unit03	S6	P0_seed7	3	LC680885_1__167556-169058+__BDE75684_1	S6	3	OR770614_1__150938-152491-__WPH64254_1	PB50	3	0.576037	0.520270	S6|unit03	-2	-2
52	Machias|unit03	Machias	PB50_near3	3	S6|unit04	S6	P0_seed7	4	LC680885_1__167556-169058+__BDE75684_1	S6	4	MW349128_1__219310-220863+__QQO92593_1	Machias	3	0.576355	0.466165	S6|unit04	-2	-2
52	Machias|unit03	Machias	PB50_near3	3	PALS_2|unit04	PALS_2	P0_seed7	4	MN091626_1__24879-26381+__QDJ97640_1	PALS_2	4	MW349128_1__219310-220863+__QQO92593_1	Machias	3	0.574257	0.439394	PALS_2|unit04	-2	-2
52	AH12|unit01	AH12	PB50_near3	1	UFV_DC4|unit01	UFV_DC4	P0_seed7	1	MZ779063_1__125252-126754+__UAJ17040_1	UFV_DC4	1	OR455461_1__177982-179535-__WNX97802_1	AH12	1	0.555046	0.522293	UFV_DC4|unit01	-2	-2
52	Machias|unit01	Machias	PB50_near3	1	UFV_DC4|unit01	UFV_DC4	P0_seed7	1	MZ779063_1__125252-126754+__UAJ17040_1	UFV_DC4	1	MW349128_1__219310-220863+__QQO92593_1	Machias	1	0.550459	0.509934	UFV_DC4|unit01	-2	-2
52	PB50|unit01	PB50	PB50_near3	1	UFV_DC4|unit01	UFV_DC4	P0_seed7	1	MZ779063_1__125252-126754+__UAJ17040_1	UFV_DC4	1	OR770614_1__150938-152491-__WPH64254_1	PB50	1	0.570776	0.536913	UFV_DC4|unit01	-2	-2
53	PB50|unit03	PB50	PB50_near3	3	SA1|unit04	SA1	P0_seed7	4	MW218148_1__10647-12152+__QPI16926_1	SA1	4	OR770614_1__150938-152491-__WPH64254_1	PB50	3	0.556650	0.500000	SA1|unit04	-2	-2
53	Madawaska|unit01	Madawaska	P0_seed7	1	PB50|unit01	PB50	PB50_near3	1	MW349129_1__214290-215795+__QQO92858_1	Madawaska	1	OR770614_1__150938-152491-__WPH64254_1	PB50	1	0.559471	0.522013	Madawaska|unit01	-2	-2
53	AH12|unit01	AH12	PB50_near3	1	LY01|unit01	LY01	P0_seed7	1	OR836606_1__73311-74813-__WRM43423_1	LY01	1	OR455461_1__177982-179535-__WNX97802_1	AH12	1	0.565611	0.533333	LY01|unit01	-2	-2
53	LY01|unit04	LY01	P0_seed7	4	Machias|unit03	Machias	PB50_near3	3	OR836606_1__73311-74813-__WRM43423_1	LY01	4	MW349128_1__219310-220863+__QQO92593_1	Machias	3	0.590244	0.488889	LY01|unit04	-2	-2
53	AH12|unit01	AH12	PB50_near3	1	PALS_2|unit01	PALS_2	P0_seed7	1	MN091626_1__24879-26381+__QDJ97640_1	PALS_2	1	OR455461_1__177982-179535-__WNX97802_1	AH12	1	0.545455	0.500000	PALS_2|unit01	-2	-2
53	AH12|unit01	AH12	PB50_near3	1	UFV_DC4|unit01	UFV_DC4	P0_seed7	1	MZ779063_1__125252-126754+__UAJ17040_1	UFV_DC4	1	OR455461_1__177982-179535-__WNX97802_1	AH12	1	0.550000	0.496689	UFV_DC4|unit01	-2	-2
53	PB50|unit03	PB50	PB50_near3	3	UFV_DC4|unit04	UFV_DC4	P0_seed7	4	MZ779063_1__125252-126754+__UAJ17040_1	UFV_DC4	4	OR770614_1__150938-152491-__WPH64254_1	PB50	3	0.553922	0.465649	UFV_DC4|unit04	-2	-2
54	AH12|unit03	AH12	PB50_near3	3	SA1|unit04	SA1	P0_seed7	4	MW218148_1__10647-12152+__QPI16926_1	SA1	4	OR455461_1__177982-179535-__WNX97802_1	AH12	3	0.537313	0.462121	SA1|unit04	-2	-2
54	MarsHill|unit02	MarsHill	P0_seed7	2	PB50|unit02	PB50	PB50_near3	2	MW248466_1__215089-216594+__QQM14740_1	MarsHill	2	OR770614_1__150938-152491-__WPH64254_1	PB50	2	0.566820	0.513514	MarsHill|unit02	-2	-2
54	AH12|unit01	AH12	PB50_near3	1	Madawaska|unit01	Madawaska	P0_seed7	1	MW349129_1__214290-215795+__QQO92858_1	Madawaska	1	OR455461_1__177982-179535-__WNX97802_1	AH12	1	0.581081	0.496644	Madawaska|unit01	-2	-2
54	Madawaska|unit01	Madawaska	P0_seed7	1	PB50|unit01	PB50	PB50_near3	1	MW349129_1__214290-215795+__QQO92858_1	Madawaska	1	OR770614_1__150938-152491-__WPH64254_1	PB50	1	0.537118	0.506250	Madawaska|unit01	-2	-2
54	LY01|unit01	LY01	P0_seed7	1	Machias|unit01	Machias	PB50_near3	1	OR836606_1__73311-74813-__WRM43423_1	LY01	1	MW349128_1__219310-220863+__QQO92593_1	Machias	1	0.576577	0.552632	LY01|unit01	-2	-2
54	AH12|unit03	AH12	PB50_near3	3	LY01|unit04	LY01	P0_seed7	4	OR836606_1__73311-74813-__WRM43423_1	LY01	4	OR455461_1__177982-179535-__WNX97802_1	AH12	3	0.573529	0.488372	LY01|unit04	-2	-2
54	LY01|unit04	LY01	P0_seed7	4	PB50|unit03	PB50	PB50_near3	3	OR836606_1__73311-74813-__WRM43423_1	LY01	4	OR770614_1__150938-152491-__WPH64254_1	PB50	3	0.584541	0.478261	LY01|unit04	-2	-2
54	PB50|unit01	PB50	PB50_near3	1	S6|unit01	S6	P0_seed7	1	LC680885_1__167556-169058+__BDE75684_1	S6	1	OR770614_1__150938-152491-__WPH64254_1	PB50	1	0.553488	0.523810	S6|unit01	-2	-2
54	AH12|unit03	AH12	PB50_near3	3	S6|unit04	S6	P0_seed7	4	LC680885_1__167556-169058+__BDE75684_1	S6	4	OR455461_1__177982-179535-__WNX97802_1	AH12	3	0.584541	0.488889	S6|unit04	-2	-2
54	AH12|unit01	AH12	PB50_near3	1	UFV_DC4|unit01	UFV_DC4	P0_seed7	1	MZ779063_1__125252-126754+__UAJ17040_1	UFV_DC4	1	OR455461_1__177982-179535-__WNX97802_1	AH12	1	0.556054	0.475862	UFV_DC4|unit01	-2	-2
54	PB50|unit02	PB50	PB50_near3	2	UFV_DC4|unit02	UFV_DC4	P0_seed7	2	MZ779063_1__125252-126754+__UAJ17040_1	UFV_DC4	2	OR770614_1__150938-152491-__WPH64254_1	PB50	2	0.564220	0.533333	UFV_DC4|unit02	-2	-2
55	PB50|unit03	PB50	PB50_near3	3	SA1|unit04	SA1	P0_seed7	4	MW218148_1__10647-12152+__QPI16926_1	SA1	4	OR770614_1__150938-152491-__WPH64254_1	PB50	3	0.545455	0.462687	SA1|unit04	-2	-2
55	AH12|unit03	AH12	PB50_near3	3	MarsHill|unit04	MarsHill	P0_seed7	4	MW248466_1__215089-216594+__QQM14740_1	MarsHill	4	OR455461_1__177982-179535-__WNX97802_1	AH12	3	0.566502	0.481203	MarsHill|unit04	-2	-2
55	MarsHill|unit04	MarsHill	P0_seed7	4	PB50|unit03	PB50	PB50_near3	3	MW248466_1__215089-216594+__QQM14740_1	MarsHill	4	OR770614_1__150938-152491-__WPH64254_1	PB50	3	0.557214	0.476923	MarsHill|unit04	-2	-2
55	AH12|unit01	AH12	PB50_near3	1	Madawaska|unit01	Madawaska	P0_seed7	1	MW349129_1__214290-215795+__QQO92858_1	Madawaska	1	OR455461_1__177982-179535-__WNX97802_1	AH12	1	0.533632	0.490323	Madawaska|unit01	-2	-2
55	Machias|unit01	Machias	PB50_near3	1	PALS_2|unit01	PALS_2	P0_seed7	1	MN091626_1__24879-26381+__QDJ97640_1	PALS_2	1	MW349128_1__219310-220863+__QQO92593_1	Machias	1	0.561086	0.529801	PALS_2|unit01	-2	-2
55	PALS_2|unit01	PALS_2	P0_seed7	1	PB50|unit01	PB50	PB50_near3	1	MN091626_1__24879-26381+__QDJ97640_1	PALS_2	1	OR770614_1__150938-152491-__WPH64254_1	PB50	1	0.558559	0.522581	PALS_2|unit01	-2	-2
55	PB50|unit01	PB50	PB50_near3	1	UFV_DC4|unit01	UFV_DC4	P0_seed7	1	MZ779063_1__125252-126754+__UAJ17040_1	UFV_DC4	1	OR770614_1__150938-152491-__WPH64254_1	PB50	1	0.548387	0.506849	UFV_DC4|unit01	-2	-2
56	AH12|unit03	AH12	PB50_near3	3	SA1|unit04	SA1	P0_seed7	4	MW218148_1__10647-12152+__QPI16926_1	SA1	4	OR455461_1__177982-179535-__WNX97802_1	AH12	3	0.579208	0.503759	SA1|unit04	-2	-2
56	AH12|unit02	AH12	PB50_near3	2	MarsHill|unit03	MarsHill	P0_seed7	3	MW248466_1__215089-216594+__QQM14740_1	MarsHill	3	OR455461_1__177982-179535-__WNX97802_1	AH12	2	0.574661	0.567742	MarsHill|unit03	-2	-2
56	AH12|unit03	AH12	PB50_near3	3	MarsHill|unit04	MarsHill	P0_seed7	4	MW248466_1__215089-216594+__QQM14740_1	MarsHill	4	OR455461_1__177982-179535-__WNX97802_1	AH12	3	0.555000	0.511450	MarsHill|unit04	-2	-2
56	MarsHill|unit04	MarsHill	P0_seed7	4	PB50|unit03	PB50	PB50_near3	3	MW248466_1__215089-216594+__QQM14740_1	MarsHill	4	OR770614_1__150938-152491-__WPH64254_1	PB50	3	0.586207	0.515152	MarsHill|unit04	-2	-2
56	AH12|unit01	AH12	PB50_near3	1	LY01|unit01	LY01	P0_seed7	1	OR836606_1__73311-74813-__WRM43423_1	LY01	1	OR455461_1__177982-179535-__WNX97802_1	AH12	1	0.558140	0.543750	LY01|unit01	-2	-2
56	Machias|unit01	Machias	PB50_near3	1	S6|unit01	S6	P0_seed7	1	LC680885_1__167556-169058+__BDE75684_1	S6	1	MW349128_1__219310-220863+__QQO92593_1	Machias	1	0.556561	0.523179	S6|unit01	-2	-2
56	AH12|unit01	AH12	PB50_near3	1	PALS_2|unit01	PALS_2	P0_seed7	1	MN091626_1__24879-26381+__QDJ97640_1	PALS_2	1	OR455461_1__177982-179535-__WNX97802_1	AH12	1	0.557078	0.503311	PALS_2|unit01	-2	-2
56	Machias|unit02	Machias	PB50_near3	2	PALS_2|unit02	PALS_2	P0_seed7	2	MN091626_1__24879-26381+__QDJ97640_1	PALS_2	2	MW349128_1__219310-220863+__QQO92593_1	Machias	2	0.574661	0.529801	PALS_2|unit02	-2	-2
56	Machias|unit03	Machias	PB50_near3	3	PALS_2|unit03	PALS_2	P0_seed7	3	MN091626_1__24879-26381+__QDJ97640_1	PALS_2	3	MW349128_1__219310-220863+__QQO92593_1	Machias	3	0.572093	0.506757	PALS_2|unit03	-2	-2
57	AH12|unit03	AH12	PB50_near3	3	MarsHill|unit04	MarsHill	P0_seed7	4	MW248466_1__215089-216594+__QQM14740_1	MarsHill	4	OR455461_1__177982-179535-__WNX97802_1	AH12	3	0.544118	0.458647	MarsHill|unit04	-2	-2
57	Machias|unit03	Machias	PB50_near3	3	MarsHill|unit04	MarsHill	P0_seed7	4	MW248466_1__215089-216594+__QQM14740_1	MarsHill	4	MW349128_1__219310-220863+__QQO92593_1	Machias	3	0.566502	0.469697	MarsHill|unit04	-2	-2
57	AH12|unit01	AH12	PB50_near3	1	Madawaska|unit01	Madawaska	P0_seed7	1	MW349129_1__214290-215795+__QQO92858_1	Madawaska	1	OR455461_1__177982-179535-__WNX97802_1	AH12	1	0.563063	0.522581	Madawaska|unit01	-2	-2
57	LY01|unit01	LY01	P0_seed7	1	Machias|unit01	Machias	PB50_near3	1	OR836606_1__73311-74813-__WRM43423_1	LY01	1	MW349128_1__219310-220863+__QQO92593_1	Machias	1	0.559091	0.529412	LY01|unit01	-2	-2
57	LY01|unit01	LY01	P0_seed7	1	PB50|unit01	PB50	PB50_near3	1	OR836606_1__73311-74813-__WRM43423_1	LY01	1	OR770614_1__150938-152491-__WPH64254_1	PB50	1	0.543779	0.503311	LY01|unit01	-2	-2
57	PALS_2|unit01	PALS_2	P0_seed7	1	PB50|unit01	PB50	PB50_near3	1	MN091626_1__24879-26381+__QDJ97640_1	PALS_2	1	OR770614_1__150938-152491-__WPH64254_1	PB50	1	0.561086	0.540000	PALS_2|unit01	-2	-2
57	AH12|unit03	AH12	PB50_near3	3	PALS_2|unit03	PALS_2	P0_seed7	3	MN091626_1__24879-26381+__QDJ97640_1	PALS_2	3	OR455461_1__177982-179535-__WNX97802_1	AH12	3	0.591743	0.520000	PALS_2|unit03	-2	-2
57	Machias|unit03	Machias	PB50_near3	3	PALS_2|unit04	PALS_2	P0_seed7	4	MN091626_1__24879-26381+__QDJ97640_1	PALS_2	4	MW349128_1__219310-220863+__QQO92593_1	Machias	3	0.575610	0.451128	PALS_2|unit04	-2	-2
58	Machias|unit03	Machias	PB50_near3	3	SA1|unit04	SA1	P0_seed7	4	MW218148_1__10647-12152+__QPI16926_1	SA1	4	MW349128_1__219310-220863+__QQO92593_1	Machias	3	0.559406	0.466667	SA1|unit04	-2	-2
58	Machias|unit03	Machias	PB50_near3	3	MarsHill|unit04	MarsHill	P0_seed7	4	MW248466_1__215089-216594+__QQM14740_1	MarsHill	4	MW349128_1__219310-220863+__QQO92593_1	Machias	3	0.559406	0.511450	MarsHill|unit04	-2	-2
58	Madawaska|unit01	Madawaska	P0_seed7	1	PB50|unit01	PB50	PB50_near3	1	MW349129_1__214290-215795+__QQO92858_1	Madawaska	1	OR770614_1__150938-152491-__WPH64254_1	PB50	1	0.561404	0.481481	Madawaska|unit01	-2	-2
58	LY01|unit01	LY01	P0_seed7	1	Machias|unit01	Machias	PB50_near3	1	OR836606_1__73311-74813-__WRM43423_1	LY01	1	MW349128_1__219310-220863+__QQO92593_1	Machias	1	0.573394	0.520000	LY01|unit01	-2	-2
58	Machias|unit01	Machias	PB50_near3	1	S6|unit01	S6	P0_seed7	1	LC680885_1__167556-169058+__BDE75684_1	S6	1	MW349128_1__219310-220863+__QQO92593_1	Machias	1	0.566210	0.527027	S6|unit01	-2	-2
58	AH12|unit02	AH12	PB50_near3	2	S6|unit02	S6	P0_seed7	2	LC680885_1__167556-169058+__BDE75684_1	S6	2	OR455461_1__177982-179535-__WNX97802_1	AH12	2	0.577982	0.533333	S6|unit02	-2	-2
58	AH12|unit03	AH12	PB50_near3	3	PALS_2|unit04	PALS_2	P0_seed7	4	MN091626_1__24879-26381+__QDJ97640_1	PALS_2	4	OR455461_1__177982-179535-__WNX97802_1	AH12	3	0.590244	0.511278	PALS_2|unit04	-2	-2
59	Machias|unit03	Machias	PB50_near3	3	SA1|unit04	SA1	P0_seed7	4	MW218148_1__10647-12152+__QPI16926_1	SA1	4	MW349128_1__219310-220863+__QQO92593_1	Machias	3	0.574257	0.514706	SA1|unit04	-2	-2
59	MarsHill|unit04	MarsHill	P0_seed7	4	PB50|unit03	PB50	PB50_near3	3	MW248466_1__215089-216594+__QQM14740_1	MarsHill	4	OR770614_1__150938-152491-__WPH64254_1	PB50	3	0.555556	0.519084	MarsHill|unit04	-2	-2
59	AH12|unit01	AH12	PB50_near3	1	LY01|unit01	LY01	P0_seed7	1	OR836606_1__73311-74813-__WRM43423_1	LY01	1	OR455461_1__177982-179535-__WNX97802_1	AH12	1	0.578261	0.521739	LY01|unit01	-2	-2
59	LY01|unit01	LY01	P0_seed7	1	Machias|unit01	Machias	PB50_near3	1	OR836606_1__73311-74813-__WRM43423_1	LY01	1	MW349128_1__219310-220863+__QQO92593_1	Machias	1	0.556561	0.506579	LY01|unit01	-2	-2
59	LY01|unit01	LY01	P0_seed7	1	PB50|unit01	PB50	PB50_near3	1	OR836606_1__73311-74813-__WRM43423_1	LY01	1	OR770614_1__150938-152491-__WPH64254_1	PB50	1	0.566210	0.529801	LY01|unit01	-2	-2
59	AH12|unit01	AH12	PB50_near3	1	UFV_DC4|unit01	UFV_DC4	P0_seed7	1	MZ779063_1__125252-126754+__UAJ17040_1	UFV_DC4	1	OR455461_1__177982-179535-__WNX97802_1	AH12	1	0.556054	0.503311	UFV_DC4|unit01	-2	-2
59	PB50|unit01	PB50	PB50_near3	1	UFV_DC4|unit01	UFV_DC4	P0_seed7	1	MZ779063_1__125252-126754+__UAJ17040_1	UFV_DC4	1	OR770614_1__150938-152491-__WPH64254_1	PB50	1	0.563063	0.513158	UFV_DC4|unit01	-2	-2
60	AH12|unit03	AH12	PB50_near3	3	SA1|unit04	SA1	P0_seed7	4	MW218148_1__10647-12152+__QPI16926_1	SA1	4	OR455461_1__177982-179535-__WNX97802_1	AH12	3	0.576355	0.507692	SA1|unit04	-2	-2
60	Machias|unit01	Machias	PB50_near3	1	Madawaska|unit01	Madawaska	P0_seed7	1	MW349129_1__214290-215795+__QQO92858_1	Madawaska	1	MW349128_1__219310-220863+__QQO92593_1	Machias	1	0.575893	0.519737	Madawaska|unit01	-2	-2
60	Madawaska|unit03	Madawaska	P0_seed7	3	PB50|unit03	PB50	PB50_near3	3	MW349129_1__214290-215795+__QQO92858_1	Madawaska	3	OR770614_1__150938-152491-__WPH64254_1	PB50	3	0.593750	0.554839	Madawaska|unit03	-2	-2
60	LY01|unit01	LY01	P0_seed7	1	Machias|unit01	Machias	PB50_near3	1	OR836606_1__73311-74813-__WRM43423_1	LY01	1	MW349128_1__219310-220863+__QQO92593_1	Machias	1	0.570136	0.538961	LY01|unit01	-2	-2
60	Machias|unit02	Machias	PB50_near3	2	S6|unit02	S6	P0_seed7	2	LC680885_1__167556-169058+__BDE75684_1	S6	2	MW349128_1__219310-220863+__QQO92593_1	Machias	2	0.566210	0.489933	S6|unit02	-2	-2
60	Machias|unit03	Machias	PB50_near3	3	S6|unit03	S6	P0_seed7	3	LC680885_1__167556-169058+__BDE75684_1	S6	3	MW349128_1__219310-220863+__QQO92593_1	Machias	3	0.615741	0.541096	S6|unit03	-2	-2
60	PALS_2|unit02	PALS_2	P0_seed7	2	PB50|unit02	PB50	PB50_near3	2	MN091626_1__24879-26381+__QDJ97640_1	PALS_2	2	OR770614_1__150938-152491-__WPH64254_1	PB50	2	0.554545	0.486842	PALS_2|unit02	-2	-2
60	Machias|unit01	Machias	PB50_near3	1	UFV_DC4|unit01	UFV_DC4	P0_seed7	1	MZ779063_1__125252-126754+__UAJ17040_1	UFV_DC4	1	MW349128_1__219310-220863+__QQO92593_1	Machias	1	0.560185	0.513514	UFV_DC4|unit01	-2	-2
60	Machias|unit02	Machias	PB50_near3	2	UFV_DC4|unit02	UFV_DC4	P0_seed7	2	MZ779063_1__125252-126754+__UAJ17040_1	UFV_DC4	2	MW349128_1__219310-220863+__QQO92593_1	Machias	2	0.568282	0.503226	UFV_DC4|unit02	-2	-2
61	AH12|unit03	AH12	PB50_near3	3	MarsHill|unit04	MarsHill	P0_seed7	4	MW248466_1__215089-216594+__QQM14740_1	MarsHill	4	OR455461_1__177982-179535-__WNX97802_1	AH12	3	0.588235	0.526316	MarsHill|unit04	-2	-2
61	MarsHill|unit04	MarsHill	P0_seed7	4	PB50|unit03	PB50	PB50_near3	3	MW248466_1__215089-216594+__QQM14740_1	MarsHill	4	OR770614_1__150938-152491-__WPH64254_1	PB50	3	0.558252	0.454545	MarsHill|unit04	-2	-2
61	AH12|unit03	AH12	PB50_near3	3	Madawaska|unit03	Madawaska	P0_seed7	3	MW349129_1__214290-215795+__QQO92858_1	Madawaska	3	OR455461_1__177982-179535-__WNX97802_1	AH12	3	0.590909	0.546053	Madawaska|unit03	-2	-2
61	LY01|unit01	LY01	P0_seed7	1	PB50|unit01	PB50	PB50_near3	1	OR836606_1__73311-74813-__WRM43423_1	LY01	1	OR770614_1__150938-152491-__WPH64254_1	PB50	1	0.539535	0.455782	LY01|unit01	-2	-2
61	AH12|unit03	AH12	PB50_near3	3	LY01|unit04	LY01	P0_seed7	4	OR836606_1__73311-74813-__WRM43423_1	LY01	4	OR455461_1__177982-179535-__WNX97802_1	AH12	3	0.578431	0.488550	LY01|unit04	-2	-2
61	Machias|unit01	Machias	PB50_near3	1	S6|unit01	S6	P0_seed7	1	LC680885_1__167556-169058+__BDE75684_1	S6	1	MW349128_1__219310-220863+__QQO92593_1	Machias	1	0.569507	0.548387	S6|unit01	-2	-2
61	PB50|unit01	PB50	PB50_near3	1	S6|unit01	S6	P0_seed7	1	LC680885_1__167556-169058+__BDE75684_1	S6	1	OR770614_1__150938-152491-__WPH64254_1	PB50	1	0.558036	0.522876	S6|unit01	-2	-7
61	AH12|unit03	AH12	PB50_near3	3	S6|unit03	S6	P0_seed7	3	LC680885_1__167556-169058+__BDE75684_1	S6	3	OR455461_1__177982-179535-__WNX97802_1	AH12	3	0.574074	0.479452	S6|unit03	-2	-2
61	Machias|unit01	Machias	PB50_near3	1	PALS_2|unit01	PALS_2	P0_seed7	1	MN091626_1__24879-26381+__QDJ97640_1	PALS_2	1	MW349128_1__219310-220863+__QQO92593_1	Machias	1	0.546729	0.486301	PALS_2|unit01	-2	-2
61	AH12|unit02	AH12	PB50_near3	2	PALS_2|unit02	PALS_2	P0_seed7	2	MN091626_1__24879-26381+__QDJ97640_1	PALS_2	2	OR455461_1__177982-179535-__WNX97802_1	AH12	2	0.551111	0.496732	PALS_2|unit02	-2	-2
61	AH12|unit03	AH12	PB50_near3	3	PALS_2|unit03	PALS_2	P0_seed7	3	MN091626_1__24879-26381+__QDJ97640_1	PALS_2	3	OR455461_1__177982-179535-__WNX97802_1	AH12	3	0.563380	0.517007	PALS_2|unit03	-2	-2
61	PB50|unit02	PB50	PB50_near3	2	UFV_DC4|unit02	UFV_DC4	P0_seed7	2	MZ779063_1__125252-126754+__UAJ17040_1	UFV_DC4	2	OR770614_1__150938-152491-__WPH64254_1	PB50	2	0.567442	0.536913	UFV_DC4|unit02	-2	-2
62	LY01|unit04	LY01	P0_seed7	4	PB50|unit03	PB50	PB50_near3	3	OR836606_1__73311-74813-__WRM43423_1	LY01	4	OR770614_1__150938-152491-__WPH64254_1	PB50	3	0.600985	0.488550	LY01|unit04	-2	-2
62	AH12|unit01	AH12	PB50_near3	1	S6|unit01	S6	P0_seed7	1	LC680885_1__167556-169058+__BDE75684_1	S6	1	OR455461_1__177982-179535-__WNX97802_1	AH12	1	0.562500	0.516340	S6|unit01	-2	-2
62	AH12|unit01	AH12	PB50_near3	1	PALS_2|unit01	PALS_2	P0_seed7	1	MN091626_1__24879-26381+__QDJ97640_1	PALS_2	1	OR455461_1__177982-179535-__WNX97802_1	AH12	1	0.554585	0.531646	PALS_2|unit01	-2	-2
62	Machias|unit01	Machias	PB50_near3	1	PALS_2|unit01	PALS_2	P0_seed7	1	MN091626_1__24879-26381+__QDJ97640_1	PALS_2	1	MW349128_1__219310-220863+__QQO92593_1	Machias	1	0.547085	0.490066	PALS_2|unit01	-2	-2
62	PALS_2|unit02	PALS_2	P0_seed7	2	PB50|unit02	PB50	PB50_near3	2	MN091626_1__24879-26381+__QDJ97640_1	PALS_2	2	OR770614_1__150938-152491-__WPH64254_1	PB50	2	0.563063	0.519737	PALS_2|unit02	-2	-2
62	PB50|unit02	PB50	PB50_near3	2	UFV_DC4|unit02	UFV_DC4	P0_seed7	2	MZ779063_1__125252-126754+__UAJ17040_1	UFV_DC4	2	OR770614_1__150938-152491-__WPH64254_1	PB50	2	0.568282	0.519737	UFV_DC4|unit02	-2	-2
63	PB50|unit03	PB50	PB50_near3	3	SA1|unit04	SA1	P0_seed7	4	MW218148_1__10647-12152+__QPI16926_1	SA1	4	OR770614_1__150938-152491-__WPH64254_1	PB50	3	0.565854	0.481203	SA1|unit04	-2	-2
63	MarsHill|unit04	MarsHill	P0_seed7	4	PB50|unit03	PB50	PB50_near3	3	MW248466_1__215089-216594+__QQM14740_1	MarsHill	4	OR770614_1__150938-152491-__WPH64254_1	PB50	3	0.579710	0.492647	MarsHill|unit04	-2	-2
63	Machias|unit01	Machias	PB50_near3	1	Madawaska|unit01	Madawaska	P0_seed7	1	MW349129_1__214290-215795+__QQO92858_1	Madawaska	1	MW349128_1__219310-220863+__QQO92593_1	Machias	1	0.545045	0.500000	Madawaska|unit01	-2	-2
63	Madawaska|unit01	Madawaska	P0_seed7	1	PB50|unit01	PB50	PB50_near3	1	MW349129_1__214290-215795+__QQO92858_1	Madawaska	1	OR770614_1__150938-152491-__WPH64254_1	PB50	1	0.557522	0.490446	Madawaska|unit01	-2	-2
63	LY01|unit01	LY01	P0_seed7	1	PB50|unit01	PB50	PB50_near3	1	OR836606_1__73311-74813-__WRM43423_1	LY01	1	OR770614_1__150938-152491-__WPH64254_1	PB50	1	0.571429	0.519231	LY01|unit01	-2	-2
63	AH12|unit03	AH12	PB50_near3	3	LY01|unit04	LY01	P0_seed7	4	OR836606_1__73311-74813-__WRM43423_1	LY01	4	OR455461_1__177982-179535-__WNX97802_1	AH12	3	0.582090	0.503817	LY01|unit04	-2	-2
63	Machias|unit01	Machias	PB50_near3	1	PALS_2|unit01	PALS_2	P0_seed7	1	MN091626_1__24879-26381+__QDJ97640_1	PALS_2	1	MW349128_1__219310-220863+__QQO92593_1	Machias	1	0.572727	0.503268	PALS_2|unit01	-2	-2
64	MarsHill|unit04	MarsHill	P0_seed7	4	PB50|unit03	PB50	PB50_near3	3	MW248466_1__215089-216594+__QQM14740_1	MarsHill	4	OR770614_1__150938-152491-__WPH64254_1	PB50	3	0.579208	0.503817	MarsHill|unit04	-2	-2
64	Madawaska|unit01	Madawaska	P0_seed7	1	PB50|unit01	PB50	PB50_near3	1	MW349129_1__214290-215795+__QQO92858_1	Madawaska	1	OR770614_1__150938-152491-__WPH64254_1	PB50	1	0.541485	0.515723	Madawaska|unit01	-2	-2
64	AH12|unit01	AH12	PB50_near3	1	PALS_2|unit01	PALS_2	P0_seed7	1	MN091626_1__24879-26381+__QDJ97640_1	PALS_2	1	OR455461_1__177982-179535-__WNX97802_1	AH12	1	0.590090	0.541935	PALS_2|unit01	-2	-2
64	PALS_2|unit01	PALS_2	P0_seed7	1	PB50|unit01	PB50	PB50_near3	1	MN091626_1__24879-26381+__QDJ97640_1	PALS_2	1	OR770614_1__150938-152491-__WPH64254_1	PB50	1	0.562791	0.533784	PALS_2|unit01	-2	-2
