replicate_id	p0_candidate_id	p0_label	pb_candidate_id	pb_label	anchor_through_RT_global_identity	anchor_through_RT_gap_columns	anchor_through_RT_alignment_score	supported_pair_count	supported_ordinal_pairs_P0_to_PB	u1_same_position_supported	u2_same_position_supported	supported_trimmed_spacer_identity_median
1	MW218148_1__10647-12152+__QPI16926_1	SA1	OR455461_1__177982-179535-__WNX97802_1	AH12	0.640292	261	2538.000000	0		false	false	
1	MW218148_1__10647-12152+__QPI16926_1	SA1	MW349128_1__219310-220863+__QQO92593_1	Machias	0.635076	318	2499.000000	0		false	false	
1	MW218148_1__10647-12152+__QPI16926_1	SA1	OR770614_1__150938-152491-__WPH64254_1	PB50	0.631679	292	2491.000000	0		false	false	
1	MW248466_1__215089-216594+__QQM14740_1	MarsHill	OR455461_1__177982-179535-__WNX97802_1	AH12	0.652065	308	2680.000000	2	3:2;4:3	false	false	0.500765
1	MW248466_1__215089-216594+__QQM14740_1	MarsHill	MW349128_1__219310-220863+__QQO92593_1	Machias	0.653342	319	2670.000000	0		false	false	
1	MW248466_1__215089-216594+__QQM14740_1	MarsHill	OR770614_1__150938-152491-__WPH64254_1	PB50	0.653329	313	2679.000000	0		false	false	
1	MW349129_1__214290-215795+__QQO92858_1	Madawaska	OR455461_1__177982-179535-__WNX97802_1	AH12	0.649123	375	2694.000000	0		false	false	
1	MW349129_1__214290-215795+__QQO92858_1	Madawaska	MW349128_1__219310-220863+__QQO92593_1	Machias	0.647931	352	2680.000000	0		false	false	
1	MW349129_1__214290-215795+__QQO92858_1	Madawaska	OR770614_1__150938-152491-__WPH64254_1	PB50	0.650185	348	2692.000000	0		false	false	
1	OR836606_1__73311-74813-__WRM43423_1	LY01	OR455461_1__177982-179535-__WNX97802_1	AH12	0.645171	357	2660.000000	0		false	false	
1	OR836606_1__73311-74813-__WRM43423_1	LY01	MW349128_1__219310-220863+__QQO92593_1	Machias	0.644089	370	2660.000000	0		false	false	
1	OR836606_1__73311-74813-__WRM43423_1	LY01	OR770614_1__150938-152491-__WPH64254_1	PB50	0.644894	396	2672.000000	0		false	false	
1	LC680885_1__167556-169058+__BDE75684_1	S6	OR455461_1__177982-179535-__WNX97802_1	AH12	0.652335	349	2694.000000	1	4:3	false	false	0.484615
1	LC680885_1__167556-169058+__BDE75684_1	S6	MW349128_1__219310-220863+__QQO92593_1	Machias	0.650278	350	2667.000000	1	1:1	true	false	0.543046
1	LC680885_1__167556-169058+__BDE75684_1	S6	OR770614_1__150938-152491-__WPH64254_1	PB50	0.648532	352	2679.000000	0		false	false	
1	MN091626_1__24879-26381+__QDJ97640_1	PALS_2	OR455461_1__177982-179535-__WNX97802_1	AH12	0.659147	355	2759.000000	0		false	false	
1	MN091626_1__24879-26381+__QDJ97640_1	PALS_2	MW349128_1__219310-220863+__QQO92593_1	Machias	0.651609	346	2702.000000	0		false	false	
1	MN091626_1__24879-26381+__QDJ97640_1	PALS_2	OR770614_1__150938-152491-__WPH64254_1	PB50	0.652228	346	2704.000000	0		false	false	
1	MZ779063_1__125252-126754+__UAJ17040_1	UFV_DC4	OR455461_1__177982-179535-__WNX97802_1	AH12	0.656481	361	2733.000000	1	1:1	true	false	0.536424
1	MZ779063_1__125252-126754+__UAJ17040_1	UFV_DC4	MW349128_1__219310-220863+__QQO92593_1	Machias	0.649025	342	2696.000000	1	1:1	true	false	0.520548
1	MZ779063_1__125252-126754+__UAJ17040_1	UFV_DC4	OR770614_1__150938-152491-__WPH64254_1	PB50	0.648108	382	2694.000000	0		false	false	
2	MW218148_1__10647-12152+__QPI16926_1	SA1	OR455461_1__177982-179535-__WNX97802_1	AH12	0.635617	301	2532.000000	0		false	false	
2	MW218148_1__10647-12152+__QPI16926_1	SA1	MW349128_1__219310-220863+__QQO92593_1	Machias	0.638642	270	2515.000000	0		false	false	
2	MW218148_1__10647-12152+__QPI16926_1	SA1	OR770614_1__150938-152491-__WPH64254_1	PB50	0.632964	276	2500.000000	0		false	false	
2	MW248466_1__215089-216594+__QQM14740_1	MarsHill	OR455461_1__177982-179535-__WNX97802_1	AH12	0.652838	328	2673.000000	1	4:3	false	false	0.500000
2	MW248466_1__215089-216594+__QQM14740_1	MarsHill	MW349128_1__219310-220863+__QQO92593_1	Machias	0.650187	347	2677.000000	1	4:3	false	false	0.469697
2	MW248466_1__215089-216594+__QQM14740_1	MarsHill	OR770614_1__150938-152491-__WPH64254_1	PB50	0.651891	367	2675.000000	0		false	false	
2	MW349129_1__214290-215795+__QQO92858_1	Madawaska	OR455461_1__177982-179535-__WNX97802_1	AH12	0.648440	351	2676.000000	0		false	false	
2	MW349129_1__214290-215795+__QQO92858_1	Madawaska	MW349128_1__219310-220863+__QQO92593_1	Machias	0.648091	372	2683.000000	0		false	false	
2	MW349129_1__214290-215795+__QQO92858_1	Madawaska	OR770614_1__150938-152491-__WPH64254_1	PB50	0.644225	352	2672.000000	0		false	false	
2	OR836606_1__73311-74813-__WRM43423_1	LY01	OR455461_1__177982-179535-__WNX97802_1	AH12	0.639264	395	2648.000000	0		false	false	
2	OR836606_1__73311-74813-__WRM43423_1	LY01	MW349128_1__219310-220863+__QQO92593_1	Machias	0.646007	360	2666.000000	0		false	false	
2	OR836606_1__73311-74813-__WRM43423_1	LY01	OR770614_1__150938-152491-__WPH64254_1	PB50	0.643497	348	2656.000000	1	4:3	false	false	0.500000
2	LC680885_1__167556-169058+__BDE75684_1	S6	OR455461_1__177982-179535-__WNX97802_1	AH12	0.653276	355	2714.000000	0		false	false	
2	LC680885_1__167556-169058+__BDE75684_1	S6	MW349128_1__219310-220863+__QQO92593_1	Machias	0.643164	406	2648.000000	0		false	false	
2	LC680885_1__167556-169058+__BDE75684_1	S6	OR770614_1__150938-152491-__WPH64254_1	PB50	0.649985	396	2678.000000	1	4:3	false	false	0.514925
2	MN091626_1__24879-26381+__QDJ97640_1	PALS_2	OR455461_1__177982-179535-__WNX97802_1	AH12	0.654692	341	2757.000000	1	1:1	true	false	0.533333
2	MN091626_1__24879-26381+__QDJ97640_1	PALS_2	MW349128_1__219310-220863+__QQO92593_1	Machias	0.650803	354	2706.000000	0		false	false	
2	MN091626_1__24879-26381+__QDJ97640_1	PALS_2	OR770614_1__150938-152491-__WPH64254_1	PB50	0.656753	338	2736.000000	1	1:1	true	false	0.503356
2	MZ779063_1__125252-126754+__UAJ17040_1	UFV_DC4	OR455461_1__177982-179535-__WNX97802_1	AH12	0.650231	371	2697.000000	1	1:1	true	false	0.513158
2	MZ779063_1__125252-126754+__UAJ17040_1	UFV_DC4	MW349128_1__219310-220863+__QQO92593_1	Machias	0.643984	346	2669.000000	0		false	false	
2	MZ779063_1__125252-126754+__UAJ17040_1	UFV_DC4	OR770614_1__150938-152491-__WPH64254_1	PB50	0.650231	370	2681.000000	0		false	false	
3	MW218148_1__10647-12152+__QPI16926_1	SA1	OR455461_1__177982-179535-__WNX97802_1	AH12	0.635705	319	2505.000000	0		false	false	
3	MW218148_1__10647-12152+__QPI16926_1	SA1	MW349128_1__219310-220863+__QQO92593_1	Machias	0.636278	328	2479.000000	0		false	false	
3	MW218148_1__10647-12152+__QPI16926_1	SA1	OR770614_1__150938-152491-__WPH64254_1	PB50	0.631628	340	2496.000000	0		false	false	
3	MW248466_1__215089-216594+__QQM14740_1	MarsHill	OR455461_1__177982-179535-__WNX97802_1	AH12	0.651316	300	2657.000000	0		false	false	
3	MW248466_1__215089-216594+__QQM14740_1	MarsHill	MW349128_1__219310-220863+__QQO92593_1	Machias	0.650391	305	2663.000000	0		false	false	
3	MW248466_1__215089-216594+__QQM14740_1	MarsHill	OR770614_1__150938-152491-__WPH64254_1	PB50	0.652769	343	2660.000000	0		false	false	
3	MW349129_1__214290-215795+__QQO92858_1	Madawaska	OR455461_1__177982-179535-__WNX97802_1	AH12	0.644458	391	2696.000000	1	1:1	true	false	0.503311
3	MW349129_1__214290-215795+__QQO92858_1	Madawaska	MW349128_1__219310-220863+__QQO92593_1	Machias	0.646514	360	2690.000000	0		false	false	
3	MW349129_1__214290-215795+__QQO92858_1	Madawaska	OR770614_1__150938-152491-__WPH64254_1	PB50	0.648223	346	2688.000000	0		false	false	
3	OR836606_1__73311-74813-__WRM43423_1	LY01	OR455461_1__177982-179535-__WNX97802_1	AH12	0.641445	351	2637.000000	0		false	false	
3	OR836606_1__73311-74813-__WRM43423_1	LY01	MW349128_1__219310-220863+__QQO92593_1	Machias	0.643540	360	2666.000000	0		false	false	
3	OR836606_1__73311-74813-__WRM43423_1	LY01	OR770614_1__150938-152491-__WPH64254_1	PB50	0.645917	364	2683.000000	1	1:1	true	false	0.500000
3	LC680885_1__167556-169058+__BDE75684_1	S6	OR455461_1__177982-179535-__WNX97802_1	AH12	0.644021	389	2696.000000	1	3:3	false	false	0.483444
3	LC680885_1__167556-169058+__BDE75684_1	S6	MW349128_1__219310-220863+__QQO92593_1	Machias	0.644822	352	2639.000000	1	1:1	true	false	0.500000
3	LC680885_1__167556-169058+__BDE75684_1	S6	OR770614_1__150938-152491-__WPH64254_1	PB50	0.644643	360	2653.000000	0		false	false	
3	MN091626_1__24879-26381+__QDJ97640_1	PALS_2	OR455461_1__177982-179535-__WNX97802_1	AH12	0.653560	343	2739.000000	1	1:1	true	false	0.509934
3	MN091626_1__24879-26381+__QDJ97640_1	PALS_2	MW349128_1__219310-220863+__QQO92593_1	Machias	0.651595	340	2707.000000	0		false	false	
3	MN091626_1__24879-26381+__QDJ97640_1	PALS_2	OR770614_1__150938-152491-__WPH64254_1	PB50	0.655621	340	2730.000000	0		false	false	
3	MZ779063_1__125252-126754+__UAJ17040_1	UFV_DC4	OR455461_1__177982-179535-__WNX97802_1	AH12	0.652696	371	2713.000000	0		false	false	
3	MZ779063_1__125252-126754+__UAJ17040_1	UFV_DC4	MW349128_1__219310-220863+__QQO92593_1	Machias	0.644293	346	2644.000000	1	1:1	true	false	0.510204
3	MZ779063_1__125252-126754+__UAJ17040_1	UFV_DC4	OR770614_1__150938-152491-__WPH64254_1	PB50	0.645102	372	2664.000000	0		false	false	
4	MW218148_1__10647-12152+__QPI16926_1	SA1	OR455461_1__177982-179535-__WNX97802_1	AH12	0.635526	261	2509.000000	0		false	false	
4	MW218148_1__10647-12152+__QPI16926_1	SA1	MW349128_1__219310-220863+__QQO92593_1	Machias	0.636307	334	2506.000000	1	4:3	false	false	0.488722
4	MW218148_1__10647-12152+__QPI16926_1	SA1	OR770614_1__150938-152491-__WPH64254_1	PB50	0.629037	344	2485.000000	0		false	false	
4	MW248466_1__215089-216594+__QQM14740_1	MarsHill	OR455461_1__177982-179535-__WNX97802_1	AH12	0.651903	328	2684.000000	1	4:3	false	false	0.511628
4	MW248466_1__215089-216594+__QQM14740_1	MarsHill	MW349128_1__219310-220863+__QQO92593_1	Machias	0.651794	325	2674.000000	1	4:3	false	false	0.477612
4	MW248466_1__215089-216594+__QQM14740_1	MarsHill	OR770614_1__150938-152491-__WPH64254_1	PB50	0.649830	369	2668.000000	0		false	false	
4	MW349129_1__214290-215795+__QQO92858_1	Madawaska	OR455461_1__177982-179535-__WNX97802_1	AH12	0.648574	399	2700.000000	1	1:1	true	false	0.506667
4	MW349129_1__214290-215795+__QQO92858_1	Madawaska	MW349128_1__219310-220863+__QQO92593_1	Machias	0.648490	368	2685.000000	1	1:1	true	false	0.532468
4	MW349129_1__214290-215795+__QQO92858_1	Madawaska	OR770614_1__150938-152491-__WPH64254_1	PB50	0.647149	366	2683.000000	0		false	false	
4	OR836606_1__73311-74813-__WRM43423_1	LY01	OR455461_1__177982-179535-__WNX97802_1	AH12	0.640074	393	2643.000000	1	2:2	false	true	0.513699
4	OR836606_1__73311-74813-__WRM43423_1	LY01	MW349128_1__219310-220863+__QQO92593_1	Machias	0.644192	400	2651.000000	1	4:3	false	false	0.484615
4	OR836606_1__73311-74813-__WRM43423_1	LY01	OR770614_1__150938-152491-__WPH64254_1	PB50	0.641764	406	2658.000000	1	4:3	false	false	0.443609
4	LC680885_1__167556-169058+__BDE75684_1	S6	OR455461_1__177982-179535-__WNX97802_1	AH12	0.649567	355	2698.000000	0		false	false	
4	LC680885_1__167556-169058+__BDE75684_1	S6	MW349128_1__219310-220863+__QQO92593_1	Machias	0.642703	364	2648.000000	0		false	false	
4	LC680885_1__167556-169058+__BDE75684_1	S6	OR770614_1__150938-152491-__WPH64254_1	PB50	0.649443	346	2677.000000	0		false	false	
4	MN091626_1__24879-26381+__QDJ97640_1	PALS_2	OR455461_1__177982-179535-__WNX97802_1	AH12	0.651106	395	2736.000000	0		false	false	
4	MN091626_1__24879-26381+__QDJ97640_1	PALS_2	MW349128_1__219310-220863+__QQO92593_1	Machias	0.651192	344	2705.000000	0		false	false	
4	MN091626_1__24879-26381+__QDJ97640_1	PALS_2	OR770614_1__150938-152491-__WPH64254_1	PB50	0.653061	350	2714.000000	0		false	false	
4	MZ779063_1__125252-126754+__UAJ17040_1	UFV_DC4	OR455461_1__177982-179535-__WNX97802_1	AH12	0.648382	371	2703.000000	0		false	false	
4	MZ779063_1__125252-126754+__UAJ17040_1	UFV_DC4	MW349128_1__219310-220863+__QQO92593_1	Machias	0.644115	354	2662.000000	0		false	false	
4	MZ779063_1__125252-126754+__UAJ17040_1	UFV_DC4	OR770614_1__150938-152491-__WPH64254_1	PB50	0.646267	416	2672.000000	1	4:3	false	false	0.474453
5	MW218148_1__10647-12152+__QPI16926_1	SA1	OR455461_1__177982-179535-__WNX97802_1	AH12	0.637539	307	2525.000000	0		false	false	
5	MW218148_1__10647-12152+__QPI16926_1	SA1	MW349128_1__219310-220863+__QQO92593_1	Machias	0.633962	326	2508.000000	0		false	false	
5	MW218148_1__10647-12152+__QPI16926_1	SA1	OR770614_1__150938-152491-__WPH64254_1	PB50	0.634123	296	2496.000000	0		false	false	
5	MW248466_1__215089-216594+__QQM14740_1	MarsHill	OR455461_1__177982-179535-__WNX97802_1	AH12	0.650016	362	2690.000000	0		false	false	
5	MW248466_1__215089-216594+__QQM14740_1	MarsHill	MW349128_1__219310-220863+__QQO92593_1	Machias	0.652500	315	2680.000000	0		false	false	
5	MW248466_1__215089-216594+__QQM14740_1	MarsHill	OR770614_1__150938-152491-__WPH64254_1	PB50	0.653846	311	2687.000000	0		false	false	
5	MW349129_1__214290-215795+__QQO92858_1	Madawaska	OR455461_1__177982-179535-__WNX97802_1	AH12	0.648966	355	2695.000000	0		false	false	
5	MW349129_1__214290-215795+__QQO92858_1	Madawaska	MW349128_1__219310-220863+__QQO92593_1	Machias	0.649985	350	2691.000000	0		false	false	
5	MW349129_1__214290-215795+__QQO92858_1	Madawaska	OR770614_1__150938-152491-__WPH64254_1	PB50	0.646805	354	2694.000000	1	1:1	true	false	0.523490
5	OR836606_1__73311-74813-__WRM43423_1	LY01	OR455461_1__177982-179535-__WNX97802_1	AH12	0.639546	389	2644.000000	1	4:3	false	false	0.496124
5	OR836606_1__73311-74813-__WRM43423_1	LY01	MW349128_1__219310-220863+__QQO92593_1	Machias	0.642682	406	2659.000000	3	1:1;2:2;3:3	true	true	0.490196
5	OR836606_1__73311-74813-__WRM43423_1	LY01	OR770614_1__150938-152491-__WPH64254_1	PB50	0.643629	356	2653.000000	0		false	false	
5	LC680885_1__167556-169058+__BDE75684_1	S6	OR455461_1__177982-179535-__WNX97802_1	AH12	0.649166	359	2704.000000	0		false	false	
5	LC680885_1__167556-169058+__BDE75684_1	S6	MW349128_1__219310-220863+__QQO92593_1	Machias	0.644293	348	2680.000000	1	1:1	true	false	0.535948
5	LC680885_1__167556-169058+__BDE75684_1	S6	OR770614_1__150938-152491-__WPH64254_1	PB50	0.649459	352	2676.000000	1	1:1	true	false	0.486667
5	MN091626_1__24879-26381+__QDJ97640_1	PALS_2	OR455461_1__177982-179535-__WNX97802_1	AH12	0.653099	369	2735.000000	2	1:1;2:2	true	true	0.494944
5	MN091626_1__24879-26381+__QDJ97640_1	PALS_2	MW349128_1__219310-220863+__QQO92593_1	Machias	0.647005	392	2683.000000	1	4:3	false	false	0.469231
5	MN091626_1__24879-26381+__QDJ97640_1	PALS_2	OR770614_1__150938-152491-__WPH64254_1	PB50	0.650399	398	2683.000000	1	4:3	false	false	0.462687
5	MZ779063_1__125252-126754+__UAJ17040_1	UFV_DC4	OR455461_1__177982-179535-__WNX97802_1	AH12	0.648765	361	2702.000000	0		false	false	
5	MZ779063_1__125252-126754+__UAJ17040_1	UFV_DC4	MW349128_1__219310-220863+__QQO92593_1	Machias	0.645859	352	2662.000000	1	1:1	true	false	0.493243
5	MZ779063_1__125252-126754+__UAJ17040_1	UFV_DC4	OR770614_1__150938-152491-__WPH64254_1	PB50	0.649199	368	2674.000000	1	1:1	true	false	0.506849
6	MW218148_1__10647-12152+__QPI16926_1	SA1	OR455461_1__177982-179535-__WNX97802_1	AH12	0.638600	309	2532.000000	1	4:3	false	false	0.492647
6	MW218148_1__10647-12152+__QPI16926_1	SA1	MW349128_1__219310-220863+__QQO92593_1	Machias	0.635962	306	2506.000000	0		false	false	
6	MW218148_1__10647-12152+__QPI16926_1	SA1	OR770614_1__150938-152491-__WPH64254_1	PB50	0.633207	302	2506.000000	0		false	false	
6	MW248466_1__215089-216594+__QQM14740_1	MarsHill	OR455461_1__177982-179535-__WNX97802_1	AH12	0.646512	366	2658.000000	0		false	false	
6	MW248466_1__215089-216594+__QQM14740_1	MarsHill	MW349128_1__219310-220863+__QQO92593_1	Machias	0.645542	353	2643.000000	0		false	false	
6	MW248466_1__215089-216594+__QQM14740_1	MarsHill	OR770614_1__150938-152491-__WPH64254_1	PB50	0.648171	367	2667.000000	1	1:1	true	false	0.526667
6	MW349129_1__214290-215795+__QQO92858_1	Madawaska	OR455461_1__177982-179535-__WNX97802_1	AH12	0.646390	387	2697.000000	1	2:2	false	true	0.523810
6	MW349129_1__214290-215795+__QQO92858_1	Madawaska	MW349128_1__219310-220863+__QQO92593_1	Machias	0.644083	400	2693.000000	1	2:2	false	true	0.506494
6	MW349129_1__214290-215795+__QQO92858_1	Madawaska	OR770614_1__150938-152491-__WPH64254_1	PB50	0.648657	354	2684.000000	1	1:1	true	false	0.486486
6	OR836606_1__73311-74813-__WRM43423_1	LY01	OR455461_1__177982-179535-__WNX97802_1	AH12	0.649644	337	2670.000000	1	4:3	false	false	0.492647
6	OR836606_1__73311-74813-__WRM43423_1	LY01	MW349128_1__219310-220863+__QQO92593_1	Machias	0.642769	374	2661.000000	0		false	false	
6	OR836606_1__73311-74813-__WRM43423_1	LY01	OR770614_1__150938-152491-__WPH64254_1	PB50	0.640591	368	2653.000000	0		false	false	
6	LC680885_1__167556-169058+__BDE75684_1	S6	OR455461_1__177982-179535-__WNX97802_1	AH12	0.653573	349	2706.000000	0		false	false	
6	LC680885_1__167556-169058+__BDE75684_1	S6	MW349128_1__219310-220863+__QQO92593_1	Machias	0.642924	340	2655.000000	0		false	false	
6	LC680885_1__167556-169058+__BDE75684_1	S6	OR770614_1__150938-152491-__WPH64254_1	PB50	0.645686	396	2680.000000	2	2:2;3:3	false	true	0.522263
6	MN091626_1__24879-26381+__QDJ97640_1	PALS_2	OR455461_1__177982-179535-__WNX97802_1	AH12	0.657072	345	2746.000000	0		false	false	
6	MN091626_1__24879-26381+__QDJ97640_1	PALS_2	MW349128_1__219310-220863+__QQO92593_1	Machias	0.645032	384	2696.000000	0		false	false	
6	MN091626_1__24879-26381+__QDJ97640_1	PALS_2	OR770614_1__150938-152491-__WPH64254_1	PB50	0.652456	356	2715.000000	1	1:1	true	false	0.565789
6	MZ779063_1__125252-126754+__UAJ17040_1	UFV_DC4	OR455461_1__177982-179535-__WNX97802_1	AH12	0.650647	373	2718.000000	0		false	false	
6	MZ779063_1__125252-126754+__UAJ17040_1	UFV_DC4	MW349128_1__219310-220863+__QQO92593_1	Machias	0.646895	354	2661.000000	1	1:1	true	false	0.520000
6	MZ779063_1__125252-126754+__UAJ17040_1	UFV_DC4	OR770614_1__150938-152491-__WPH64254_1	PB50	0.649907	364	2687.000000	0		false	false	
7	MW218148_1__10647-12152+__QPI16926_1	SA1	OR455461_1__177982-179535-__WNX97802_1	AH12	0.638284	309	2525.000000	0		false	false	
7	MW218148_1__10647-12152+__QPI16926_1	SA1	MW349128_1__219310-220863+__QQO92593_1	Machias	0.635564	332	2490.000000	0		false	false	
7	MW218148_1__10647-12152+__QPI16926_1	SA1	OR770614_1__150938-152491-__WPH64254_1	PB50	0.633892	292	2500.000000	0		false	false	
7	MW248466_1__215089-216594+__QQM14740_1	MarsHill	OR455461_1__177982-179535-__WNX97802_1	AH12	0.650452	330	2671.000000	0		false	false	
7	MW248466_1__215089-216594+__QQM14740_1	MarsHill	MW349128_1__219310-220863+__QQO92593_1	Machias	0.649875	307	2667.000000	1	4:3	false	false	0.443609
7	MW248466_1__215089-216594+__QQM14740_1	MarsHill	OR770614_1__150938-152491-__WPH64254_1	PB50	0.649242	381	2676.000000	1	4:3	false	false	0.500000
7	MW349129_1__214290-215795+__QQO92858_1	Madawaska	OR455461_1__177982-179535-__WNX97802_1	AH12	0.647149	367	2683.000000	1	1:1	true	false	0.490323
7	MW349129_1__214290-215795+__QQO92858_1	Madawaska	MW349128_1__219310-220863+__QQO92593_1	Machias	0.650324	362	2708.000000	1	1:1	true	false	0.528662
7	MW349129_1__214290-215795+__QQO92858_1	Madawaska	OR770614_1__150938-152491-__WPH64254_1	PB50	0.648632	382	2677.000000	0		false	false	
7	OR836606_1__73311-74813-__WRM43423_1	LY01	OR455461_1__177982-179535-__WNX97802_1	AH12	0.643995	403	2654.000000	1	4:3	false	false	0.546154
7	OR836606_1__73311-74813-__WRM43423_1	LY01	MW349128_1__219310-220863+__QQO92593_1	Machias	0.642047	400	2670.000000	1	4:3	false	false	0.541985
7	OR836606_1__73311-74813-__WRM43423_1	LY01	OR770614_1__150938-152491-__WPH64254_1	PB50	0.643958	362	2671.000000	1	1:1	true	false	0.519737
7	LC680885_1__167556-169058+__BDE75684_1	S6	OR455461_1__177982-179535-__WNX97802_1	AH12	0.648365	367	2708.000000	0		false	false	
7	LC680885_1__167556-169058+__BDE75684_1	S6	MW349128_1__219310-220863+__QQO92593_1	Machias	0.643056	348	2640.000000	0		false	false	
7	LC680885_1__167556-169058+__BDE75684_1	S6	OR770614_1__150938-152491-__WPH64254_1	PB50	0.645679	362	2652.000000	0		false	false	
7	MN091626_1__24879-26381+__QDJ97640_1	PALS_2	OR455461_1__177982-179535-__WNX97802_1	AH12	0.653597	361	2728.000000	0		false	false	
7	MN091626_1__24879-26381+__QDJ97640_1	PALS_2	MW349128_1__219310-220863+__QQO92593_1	Machias	0.649612	332	2688.000000	0		false	false	
7	MN091626_1__24879-26381+__QDJ97640_1	PALS_2	OR770614_1__150938-152491-__WPH64254_1	PB50	0.649263	394	2706.000000	1	4:3	false	false	0.473684
7	MZ779063_1__125252-126754+__UAJ17040_1	UFV_DC4	OR455461_1__177982-179535-__WNX97802_1	AH12	0.651342	363	2732.000000	0		false	false	
7	MZ779063_1__125252-126754+__UAJ17040_1	UFV_DC4	MW349128_1__219310-220863+__QQO92593_1	Machias	0.639864	372	2661.000000	1	3:3	false	false	0.510067
7	MZ779063_1__125252-126754+__UAJ17040_1	UFV_DC4	OR770614_1__150938-152491-__WPH64254_1	PB50	0.645429	378	2674.000000	0		false	false	
8	MW218148_1__10647-12152+__QPI16926_1	SA1	OR455461_1__177982-179535-__WNX97802_1	AH12	0.635156	293	2520.000000	0		false	false	
8	MW218148_1__10647-12152+__QPI16926_1	SA1	MW349128_1__219310-220863+__QQO92593_1	Machias	0.636106	314	2507.000000	0		false	false	
8	MW218148_1__10647-12152+__QPI16926_1	SA1	OR770614_1__150938-152491-__WPH64254_1	PB50	0.634392	328	2513.000000	0		false	false	
8	MW248466_1__215089-216594+__QQM14740_1	MarsHill	OR455461_1__177982-179535-__WNX97802_1	AH12	0.649830	370	2668.000000	1	4:3	false	false	0.481203
8	MW248466_1__215089-216594+__QQM14740_1	MarsHill	MW349128_1__219310-220863+__QQO92593_1	Machias	0.650031	327	2670.000000	1	4:3	false	false	0.471014
8	MW248466_1__215089-216594+__QQM14740_1	MarsHill	OR770614_1__150938-152491-__WPH64254_1	PB50	0.651322	345	2679.000000	0		false	false	
8	MW349129_1__214290-215795+__QQO92858_1	Madawaska	OR455461_1__177982-179535-__WNX97802_1	AH12	0.651249	363	2713.000000	1	1:1	true	false	0.493333
8	MW349129_1__214290-215795+__QQO92858_1	Madawaska	MW349128_1__219310-220863+__QQO92593_1	Machias	0.648982	360	2694.000000	1	1:1	true	false	0.516340
8	MW349129_1__214290-215795+__QQO92858_1	Madawaska	OR770614_1__150938-152491-__WPH64254_1	PB50	0.650617	356	2712.000000	1	1:1	true	false	0.510067
8	OR836606_1__73311-74813-__WRM43423_1	LY01	OR455461_1__177982-179535-__WNX97802_1	AH12	0.645550	347	2687.000000	1	1:1	true	false	0.532895
8	OR836606_1__73311-74813-__WRM43423_1	LY01	MW349128_1__219310-220863+__QQO92593_1	Machias	0.641238	402	2659.000000	1	4:3	false	false	0.459854
8	OR836606_1__73311-74813-__WRM43423_1	LY01	OR770614_1__150938-152491-__WPH64254_1	PB50	0.643890	372	2663.000000	0		false	false	
8	LC680885_1__167556-169058+__BDE75684_1	S6	OR455461_1__177982-179535-__WNX97802_1	AH12	0.650494	355	2719.000000	1	1:1	true	false	0.529801
8	LC680885_1__167556-169058+__BDE75684_1	S6	MW349128_1__219310-220863+__QQO92593_1	Machias	0.643408	360	2657.000000	0		false	false	
8	LC680885_1__167556-169058+__BDE75684_1	S6	OR770614_1__150938-152491-__WPH64254_1	PB50	0.645737	380	2653.000000	0		false	false	
8	MN091626_1__24879-26381+__QDJ97640_1	PALS_2	OR455461_1__177982-179535-__WNX97802_1	AH12	0.655460	367	2745.000000	0		false	false	
8	MN091626_1__24879-26381+__QDJ97640_1	PALS_2	MW349128_1__219310-220863+__QQO92593_1	Machias	0.647805	350	2691.000000	0		false	false	
8	MN091626_1__24879-26381+__QDJ97640_1	PALS_2	OR770614_1__150938-152491-__WPH64254_1	PB50	0.653061	350	2710.000000	0		false	false	
8	MZ779063_1__125252-126754+__UAJ17040_1	UFV_DC4	OR455461_1__177982-179535-__WNX97802_1	AH12	0.651852	361	2732.000000	0		false	false	
8	MZ779063_1__125252-126754+__UAJ17040_1	UFV_DC4	MW349128_1__219310-220863+__QQO92593_1	Machias	0.645171	362	2660.000000	0		false	false	
8	MZ779063_1__125252-126754+__UAJ17040_1	UFV_DC4	OR770614_1__150938-152491-__WPH64254_1	PB50	0.648998	370	2677.000000	1	1:1	true	false	0.476190
9	MW218148_1__10647-12152+__QPI16926_1	SA1	OR455461_1__177982-179535-__WNX97802_1	AH12	0.639912	321	2542.000000	1	4:3	false	false	0.484615
9	MW218148_1__10647-12152+__QPI16926_1	SA1	MW349128_1__219310-220863+__QQO92593_1	Machias	0.634816	308	2508.000000	1	4:3	false	false	0.511278
9	MW218148_1__10647-12152+__QPI16926_1	SA1	OR770614_1__150938-152491-__WPH64254_1	PB50	0.633937	260	2498.000000	0		false	false	
9	MW248466_1__215089-216594+__QQM14740_1	MarsHill	OR455461_1__177982-179535-__WNX97802_1	AH12	0.650636	362	2676.000000	1	4:3	false	false	0.481203
9	MW248466_1__215089-216594+__QQM14740_1	MarsHill	MW349128_1__219310-220863+__QQO92593_1	Machias	0.641352	367	2653.000000	0		false	false	
9	MW248466_1__215089-216594+__QQM14740_1	MarsHill	OR770614_1__150938-152491-__WPH64254_1	PB50	0.654039	303	2681.000000	1	4:3	false	false	0.484848
9	MW349129_1__214290-215795+__QQO92858_1	Madawaska	OR455461_1__177982-179535-__WNX97802_1	AH12	0.653502	359	2729.000000	1	1:1	true	false	0.509804
9	MW349129_1__214290-215795+__QQO92858_1	Madawaska	MW349128_1__219310-220863+__QQO92593_1	Machias	0.645878	354	2673.000000	0		false	false	
9	MW349129_1__214290-215795+__QQO92858_1	Madawaska	OR770614_1__150938-152491-__WPH64254_1	PB50	0.647931	352	2708.000000	0		false	false	
9	OR836606_1__73311-74813-__WRM43423_1	LY01	OR455461_1__177982-179535-__WNX97802_1	AH12	0.642813	387	2647.000000	1	4:3	false	false	0.446154
9	OR836606_1__73311-74813-__WRM43423_1	LY01	MW349128_1__219310-220863+__QQO92593_1	Machias	0.646206	358	2683.000000	1	1:1	true	false	0.540000
9	OR836606_1__73311-74813-__WRM43423_1	LY01	OR770614_1__150938-152491-__WPH64254_1	PB50	0.638821	386	2664.000000	0		false	false	
9	LC680885_1__167556-169058+__BDE75684_1	S6	OR455461_1__177982-179535-__WNX97802_1	AH12	0.652967	355	2699.000000	0		false	false	
9	LC680885_1__167556-169058+__BDE75684_1	S6	MW349128_1__219310-220863+__QQO92593_1	Machias	0.644802	346	2672.000000	0		false	false	
9	LC680885_1__167556-169058+__BDE75684_1	S6	OR770614_1__150938-152491-__WPH64254_1	PB50	0.651300	346	2671.000000	0		false	false	
9	MN091626_1__24879-26381+__QDJ97640_1	PALS_2	OR455461_1__177982-179535-__WNX97802_1	AH12	0.656984	355	2754.000000	0		false	false	
9	MN091626_1__24879-26381+__QDJ97640_1	PALS_2	MW349128_1__219310-220863+__QQO92593_1	Machias	0.647970	336	2710.000000	0		false	false	
9	MN091626_1__24879-26381+__QDJ97640_1	PALS_2	OR770614_1__150938-152491-__WPH64254_1	PB50	0.652658	354	2700.000000	0		false	false	
9	MZ779063_1__125252-126754+__UAJ17040_1	UFV_DC4	OR455461_1__177982-179535-__WNX97802_1	AH12	0.648682	405	2718.000000	0		false	false	
9	MZ779063_1__125252-126754+__UAJ17040_1	UFV_DC4	MW349128_1__219310-220863+__QQO92593_1	Machias	0.647295	350	2671.000000	1	1:1	true	false	0.533333
9	MZ779063_1__125252-126754+__UAJ17040_1	UFV_DC4	OR770614_1__150938-152491-__WPH64254_1	PB50	0.650940	366	2702.000000	1	1:1	true	false	0.537415
10	MW218148_1__10647-12152+__QPI16926_1	SA1	OR455461_1__177982-179535-__WNX97802_1	AH12	0.634016	317	2508.000000	0		false	false	
10	MW218148_1__10647-12152+__QPI16926_1	SA1	MW349128_1__219310-220863+__QQO92593_1	Machias	0.634378	284	2489.000000	0		false	false	
10	MW218148_1__10647-12152+__QPI16926_1	SA1	OR770614_1__150938-152491-__WPH64254_1	PB50	0.635703	296	2511.000000	0		false	false	
10	MW248466_1__215089-216594+__QQM14740_1	MarsHill	OR455461_1__177982-179535-__WNX97802_1	AH12	0.648062	366	2677.000000	0		false	false	
10	MW248466_1__215089-216594+__QQM14740_1	MarsHill	MW349128_1__219310-220863+__QQO92593_1	Machias	0.651783	365	2705.000000	1	4:3	false	false	0.534351
10	MW248466_1__215089-216594+__QQM14740_1	MarsHill	OR770614_1__150938-152491-__WPH64254_1	PB50	0.651047	317	2675.000000	0		false	false	
10	MW349129_1__214290-215795+__QQO92858_1	Madawaska	OR455461_1__177982-179535-__WNX97802_1	AH12	0.653502	359	2713.000000	0		false	false	
10	MW349129_1__214290-215795+__QQO92858_1	Madawaska	MW349128_1__219310-220863+__QQO92593_1	Machias	0.647731	354	2687.000000	0		false	false	
10	MW349129_1__214290-215795+__QQO92858_1	Madawaska	OR770614_1__150938-152491-__WPH64254_1	PB50	0.653036	332	2692.000000	0		false	false	
10	OR836606_1__73311-74813-__WRM43423_1	LY01	OR455461_1__177982-179535-__WNX97802_1	AH12	0.644047	359	2658.000000	0		false	false	
10	OR836606_1__73311-74813-__WRM43423_1	LY01	MW349128_1__219310-220863+__QQO92593_1	Machias	0.646083	384	2658.000000	1	1:1	true	false	0.500000
10	OR836606_1__73311-74813-__WRM43423_1	LY01	OR770614_1__150938-152491-__WPH64254_1	PB50	0.644499	400	2662.000000	0		false	false	
10	LC680885_1__167556-169058+__BDE75684_1	S6	OR455461_1__177982-179535-__WNX97802_1	AH12	0.648114	351	2690.000000	0		false	false	
10	LC680885_1__167556-169058+__BDE75684_1	S6	MW349128_1__219310-220863+__QQO92593_1	Machias	0.643497	356	2648.000000	0		false	false	
10	LC680885_1__167556-169058+__BDE75684_1	S6	OR770614_1__150938-152491-__WPH64254_1	PB50	0.645865	388	2666.000000	1	1:1	true	false	0.521739
10	MN091626_1__24879-26381+__QDJ97640_1	PALS_2	OR455461_1__177982-179535-__WNX97802_1	AH12	0.657169	341	2745.000000	0		false	false	
10	MN091626_1__24879-26381+__QDJ97640_1	PALS_2	MW349128_1__219310-220863+__QQO92593_1	Machias	0.650554	378	2719.000000	2	1:1;2:2	true	true	0.518195
10	MN091626_1__24879-26381+__QDJ97640_1	PALS_2	OR770614_1__150938-152491-__WPH64254_1	PB50	0.653538	382	2714.000000	3	1:1;2:2;3:3	true	true	0.518987
10	MZ779063_1__125252-126754+__UAJ17040_1	UFV_DC4	OR455461_1__177982-179535-__WNX97802_1	AH12	0.648900	335	2687.000000	0		false	false	
10	MZ779063_1__125252-126754+__UAJ17040_1	UFV_DC4	MW349128_1__219310-220863+__QQO92593_1	Machias	0.644672	336	2659.000000	0		false	false	
10	MZ779063_1__125252-126754+__UAJ17040_1	UFV_DC4	OR770614_1__150938-152491-__WPH64254_1	PB50	0.646315	366	2681.000000	0		false	false	
11	MW218148_1__10647-12152+__QPI16926_1	SA1	OR455461_1__177982-179535-__WNX97802_1	AH12	0.638615	265	2520.000000	0		false	false	
11	MW218148_1__10647-12152+__QPI16926_1	SA1	MW349128_1__219310-220863+__QQO92593_1	Machias	0.633838	302	2492.000000	0		false	false	
11	MW218148_1__10647-12152+__QPI16926_1	SA1	OR770614_1__150938-152491-__WPH64254_1	PB50	0.635182	276	2505.000000	0		false	false	
11	MW248466_1__215089-216594+__QQM14740_1	MarsHill	OR455461_1__177982-179535-__WNX97802_1	AH12	0.652651	290	2685.000000	0		false	false	
11	MW248466_1__215089-216594+__QQM14740_1	MarsHill	MW349128_1__219310-220863+__QQO92593_1	Machias	0.651819	291	2678.000000	1	4:3	false	false	0.465649
11	MW248466_1__215089-216594+__QQM14740_1	MarsHill	OR770614_1__150938-152491-__WPH64254_1	PB50	0.647059	307	2660.000000	0		false	false	
11	MW349129_1__214290-215795+__QQO92858_1	Madawaska	OR455461_1__177982-179535-__WNX97802_1	AH12	0.645379	391	2689.000000	2	2:2;3:3	false	true	0.496667
11	MW349129_1__214290-215795+__QQO92858_1	Madawaska	MW349128_1__219310-220863+__QQO92593_1	Machias	0.646315	362	2677.000000	0		false	false	
11	MW349129_1__214290-215795+__QQO92858_1	Madawaska	OR770614_1__150938-152491-__WPH64254_1	PB50	0.643516	384	2684.000000	1	2:2	false	true	0.474359
11	OR836606_1__73311-74813-__WRM43423_1	LY01	OR455461_1__177982-179535-__WNX97802_1	AH12	0.644293	341	2644.000000	0		false	false	
11	OR836606_1__73311-74813-__WRM43423_1	LY01	MW349128_1__219310-220863+__QQO92593_1	Machias	0.643650	362	2676.000000	0		false	false	
11	OR836606_1__73311-74813-__WRM43423_1	LY01	OR770614_1__150938-152491-__WPH64254_1	PB50	0.641475	384	2677.000000	1	1:1	true	false	0.525974
11	LC680885_1__167556-169058+__BDE75684_1	S6	OR455461_1__177982-179535-__WNX97802_1	AH12	0.649074	363	2705.000000	0		false	false	
11	LC680885_1__167556-169058+__BDE75684_1	S6	MW349128_1__219310-220863+__QQO92593_1	Machias	0.639349	398	2631.000000	1	4:3	false	false	0.473282
11	LC680885_1__167556-169058+__BDE75684_1	S6	OR770614_1__150938-152491-__WPH64254_1	PB50	0.645660	356	2653.000000	1	4:3	false	false	0.488722
11	MN091626_1__24879-26381+__QDJ97640_1	PALS_2	OR455461_1__177982-179535-__WNX97802_1	AH12	0.657903	349	2740.000000	0		false	false	
11	MN091626_1__24879-26381+__QDJ97640_1	PALS_2	MW349128_1__219310-220863+__QQO92593_1	Machias	0.648933	348	2693.000000	0		false	false	
11	MN091626_1__24879-26381+__QDJ97640_1	PALS_2	OR770614_1__150938-152491-__WPH64254_1	PB50	0.651393	342	2706.000000	0		false	false	
11	MZ779063_1__125252-126754+__UAJ17040_1	UFV_DC4	OR455461_1__177982-179535-__WNX97802_1	AH12	0.652684	365	2730.000000	0		false	false	
11	MZ779063_1__125252-126754+__UAJ17040_1	UFV_DC4	MW349128_1__219310-220863+__QQO92593_1	Machias	0.640335	336	2653.000000	0		false	false	
11	MZ779063_1__125252-126754+__UAJ17040_1	UFV_DC4	OR770614_1__150938-152491-__WPH64254_1	PB50	0.649090	366	2672.000000	0		false	false	
12	MW218148_1__10647-12152+__QPI16926_1	SA1	OR455461_1__177982-179535-__WNX97802_1	AH12	0.639133	335	2521.000000	0		false	false	
12	MW218148_1__10647-12152+__QPI16926_1	SA1	MW349128_1__219310-220863+__QQO92593_1	Machias	0.636076	286	2490.000000	0		false	false	
12	MW218148_1__10647-12152+__QPI16926_1	SA1	OR770614_1__150938-152491-__WPH64254_1	PB50	0.628571	266	2482.000000	0		false	false	
12	MW248466_1__215089-216594+__QQM14740_1	MarsHill	OR455461_1__177982-179535-__WNX97802_1	AH12	0.649270	354	2663.000000	1	4:3	false	false	0.469697
12	MW248466_1__215089-216594+__QQM14740_1	MarsHill	MW349128_1__219310-220863+__QQO92593_1	Machias	0.646967	345	2677.000000	1	4:3	false	false	0.463235
12	MW248466_1__215089-216594+__QQM14740_1	MarsHill	OR770614_1__150938-152491-__WPH64254_1	PB50	0.650501	307	2653.000000	0		false	false	
12	MW349129_1__214290-215795+__QQO92858_1	Madawaska	OR455461_1__177982-179535-__WNX97802_1	AH12	0.644021	383	2684.000000	0		false	false	
12	MW349129_1__214290-215795+__QQO92858_1	Madawaska	MW349128_1__219310-220863+__QQO92593_1	Machias	0.644390	400	2676.000000	0		false	false	
12	MW349129_1__214290-215795+__QQO92858_1	Madawaska	OR770614_1__150938-152491-__WPH64254_1	PB50	0.648933	342	2697.000000	0		false	false	
12	OR836606_1__73311-74813-__WRM43423_1	LY01	OR455461_1__177982-179535-__WNX97802_1	AH12	0.642128	341	2639.000000	0		false	false	
12	OR836606_1__73311-74813-__WRM43423_1	LY01	MW349128_1__219310-220863+__QQO92593_1	Machias	0.640515	400	2651.000000	0		false	false	
12	OR836606_1__73311-74813-__WRM43423_1	LY01	OR770614_1__150938-152491-__WPH64254_1	PB50	0.643781	370	2669.000000	0		false	false	
12	LC680885_1__167556-169058+__BDE75684_1	S6	OR455461_1__177982-179535-__WNX97802_1	AH12	0.653074	357	2709.000000	1	1:1	true	false	0.496644
12	LC680885_1__167556-169058+__BDE75684_1	S6	MW349128_1__219310-220863+__QQO92593_1	Machias	0.646677	352	2657.000000	1	1:1	true	false	0.496644
12	LC680885_1__167556-169058+__BDE75684_1	S6	OR770614_1__150938-152491-__WPH64254_1	PB50	0.645062	362	2658.000000	0		false	false	
12	MN091626_1__24879-26381+__QDJ97640_1	PALS_2	OR455461_1__177982-179535-__WNX97802_1	AH12	0.658718	341	2760.000000	1	1:1	true	false	0.513514
12	MN091626_1__24879-26381+__QDJ97640_1	PALS_2	MW349128_1__219310-220863+__QQO92593_1	Machias	0.650882	344	2686.000000	0		false	false	
12	MN091626_1__24879-26381+__QDJ97640_1	PALS_2	OR770614_1__150938-152491-__WPH64254_1	PB50	0.653465	346	2732.000000	1	1:1	true	false	0.536424
12	MZ779063_1__125252-126754+__UAJ17040_1	UFV_DC4	OR455461_1__177982-179535-__WNX97802_1	AH12	0.646267	417	2692.000000	0		false	false	
12	MZ779063_1__125252-126754+__UAJ17040_1	UFV_DC4	MW349128_1__219310-220863+__QQO92593_1	Machias	0.642636	344	2655.000000	1	1:1	true	false	0.506410
12	MZ779063_1__125252-126754+__UAJ17040_1	UFV_DC4	OR770614_1__150938-152491-__WPH64254_1	PB50	0.645679	360	2696.000000	0		false	false	
13	MW218148_1__10647-12152+__QPI16926_1	SA1	OR455461_1__177982-179535-__WNX97802_1	AH12	0.640620	289	2534.000000	0		false	false	
13	MW218148_1__10647-12152+__QPI16926_1	SA1	MW349128_1__219310-220863+__QQO92593_1	Machias	0.636679	302	2491.000000	0		false	false	
13	MW218148_1__10647-12152+__QPI16926_1	SA1	OR770614_1__150938-152491-__WPH64254_1	PB50	0.630072	324	2490.000000	0		false	false	
13	MW248466_1__215089-216594+__QQM14740_1	MarsHill	OR455461_1__177982-179535-__WNX97802_1	AH12	0.649286	360	2674.000000	0		false	false	
13	MW248466_1__215089-216594+__QQM14740_1	MarsHill	MW349128_1__219310-220863+__QQO92593_1	Machias	0.647826	355	2662.000000	0		false	false	
13	MW248466_1__215089-216594+__QQM14740_1	MarsHill	OR770614_1__150938-152491-__WPH64254_1	PB50	0.648447	355	2676.000000	0		false	false	
13	MW349129_1__214290-215795+__QQO92858_1	Madawaska	OR455461_1__177982-179535-__WNX97802_1	AH12	0.650062	381	2694.000000	1	1:1	true	false	0.509554
13	MW349129_1__214290-215795+__QQO92858_1	Madawaska	MW349128_1__219310-220863+__QQO92593_1	Machias	0.646173	382	2697.000000	1	1:1	true	false	0.503311
13	MW349129_1__214290-215795+__QQO92858_1	Madawaska	OR770614_1__150938-152491-__WPH64254_1	PB50	0.647167	372	2690.000000	1	1:1	true	false	0.500000
13	OR836606_1__73311-74813-__WRM43423_1	LY01	OR455461_1__177982-179535-__WNX97802_1	AH12	0.640233	407	2647.000000	0		false	false	
13	OR836606_1__73311-74813-__WRM43423_1	LY01	MW349128_1__219310-220863+__QQO92593_1	Machias	0.641764	406	2650.000000	0		false	false	
13	OR836606_1__73311-74813-__WRM43423_1	LY01	OR770614_1__150938-152491-__WPH64254_1	PB50	0.641800	362	2662.000000	0		false	false	
13	LC680885_1__167556-169058+__BDE75684_1	S6	OR455461_1__177982-179535-__WNX97802_1	AH12	0.646714	365	2691.000000	0		false	false	
13	LC680885_1__167556-169058+__BDE75684_1	S6	MW349128_1__219310-220863+__QQO92593_1	Machias	0.646210	400	2675.000000	2	1:1;2:2	true	true	0.525799
13	LC680885_1__167556-169058+__BDE75684_1	S6	OR770614_1__150938-152491-__WPH64254_1	PB50	0.649074	362	2673.000000	0		false	false	
13	MN091626_1__24879-26381+__QDJ97640_1	PALS_2	OR455461_1__177982-179535-__WNX97802_1	AH12	0.654084	347	2734.000000	0		false	false	
13	MN091626_1__24879-26381+__QDJ97640_1	PALS_2	MW349128_1__219310-220863+__QQO92593_1	Machias	0.649491	364	2710.000000	3	1:1;2:2;3:3	true	true	0.523179
13	MN091626_1__24879-26381+__QDJ97640_1	PALS_2	OR770614_1__150938-152491-__WPH64254_1	PB50	0.653074	356	2721.000000	0		false	false	
13	MZ779063_1__125252-126754+__UAJ17040_1	UFV_DC4	OR455461_1__177982-179535-__WNX97802_1	AH12	0.652992	365	2709.000000	1	4:3	false	false	0.484848
13	MZ779063_1__125252-126754+__UAJ17040_1	UFV_DC4	MW349128_1__219310-220863+__QQO92593_1	Machias	0.646168	352	2673.000000	1	1:1	true	false	0.489796
13	MZ779063_1__125252-126754+__UAJ17040_1	UFV_DC4	OR770614_1__150938-152491-__WPH64254_1	PB50	0.649799	362	2689.000000	1	1:1	true	false	0.540541
14	MW218148_1__10647-12152+__QPI16926_1	SA1	OR455461_1__177982-179535-__WNX97802_1	AH12	0.638986	277	2521.000000	0		false	false	
14	MW218148_1__10647-12152+__QPI16926_1	SA1	MW349128_1__219310-220863+__QQO92593_1	Machias	0.633617	320	2494.000000	0		false	false	
14	MW218148_1__10647-12152+__QPI16926_1	SA1	OR770614_1__150938-152491-__WPH64254_1	PB50	0.633123	306	2507.000000	0		false	false	
14	MW248466_1__215089-216594+__QQM14740_1	MarsHill	OR455461_1__177982-179535-__WNX97802_1	AH12	0.654279	320	2683.000000	0		false	false	
14	MW248466_1__215089-216594+__QQM14740_1	MarsHill	MW349128_1__219310-220863+__QQO92593_1	Machias	0.650419	357	2668.000000	0		false	false	
14	MW248466_1__215089-216594+__QQM14740_1	MarsHill	OR770614_1__150938-152491-__WPH64254_1	PB50	0.655291	303	2685.000000	0		false	false	
14	MW349129_1__214290-215795+__QQO92858_1	Madawaska	OR455461_1__177982-179535-__WNX97802_1	AH12	0.646714	359	2687.000000	0		false	false	
14	MW349129_1__214290-215795+__QQO92858_1	Madawaska	MW349128_1__219310-220863+__QQO92593_1	Machias	0.650293	350	2710.000000	0		false	false	
14	MW349129_1__214290-215795+__QQO92858_1	Madawaska	OR770614_1__150938-152491-__WPH64254_1	PB50	0.648732	344	2700.000000	0		false	false	
14	OR836606_1__73311-74813-__WRM43423_1	LY01	OR455461_1__177982-179535-__WNX97802_1	AH12	0.644992	365	2662.000000	0		false	false	
14	OR836606_1__73311-74813-__WRM43423_1	LY01	MW349128_1__219310-220863+__QQO92593_1	Machias	0.643650	362	2664.000000	0		false	false	
14	OR836606_1__73311-74813-__WRM43423_1	LY01	OR770614_1__150938-152491-__WPH64254_1	PB50	0.645788	356	2686.000000	1	1:1	true	false	0.503356
14	LC680885_1__167556-169058+__BDE75684_1	S6	OR455461_1__177982-179535-__WNX97802_1	AH12	0.650588	351	2706.000000	0		false	false	
14	LC680885_1__167556-169058+__BDE75684_1	S6	MW349128_1__219310-220863+__QQO92593_1	Machias	0.640971	394	2641.000000	2	1:1;2:2	true	true	0.488367
14	LC680885_1__167556-169058+__BDE75684_1	S6	OR770614_1__150938-152491-__WPH64254_1	PB50	0.648257	364	2678.000000	0		false	false	
14	MN091626_1__24879-26381+__QDJ97640_1	PALS_2	OR455461_1__177982-179535-__WNX97802_1	AH12	0.653490	359	2738.000000	0		false	false	
14	MN091626_1__24879-26381+__QDJ97640_1	PALS_2	MW349128_1__219310-220863+__QQO92593_1	Machias	0.651285	340	2712.000000	0		false	false	
14	MN091626_1__24879-26381+__QDJ97640_1	PALS_2	OR770614_1__150938-152491-__WPH64254_1	PB50	0.656250	346	2735.000000	1	1:1	true	false	0.526667
14	MZ779063_1__125252-126754+__UAJ17040_1	UFV_DC4	OR455461_1__177982-179535-__WNX97802_1	AH12	0.648690	371	2690.000000	0		false	false	
14	MZ779063_1__125252-126754+__UAJ17040_1	UFV_DC4	MW349128_1__219310-220863+__QQO92593_1	Machias	0.645340	382	2663.000000	1	1:1	true	false	0.520270
14	MZ779063_1__125252-126754+__UAJ17040_1	UFV_DC4	OR770614_1__150938-152491-__WPH64254_1	PB50	0.648148	360	2676.000000	0		false	false	
15	MW218148_1__10647-12152+__QPI16926_1	SA1	OR455461_1__177982-179535-__WNX97802_1	AH12	0.636825	267	2532.000000	0		false	false	
15	MW218148_1__10647-12152+__QPI16926_1	SA1	MW349128_1__219310-220863+__QQO92593_1	Machias	0.634951	272	2505.000000	0		false	false	
15	MW218148_1__10647-12152+__QPI16926_1	SA1	OR770614_1__150938-152491-__WPH64254_1	PB50	0.632731	272	2496.000000	0		false	false	
15	MW248466_1__215089-216594+__QQM14740_1	MarsHill	OR455461_1__177982-179535-__WNX97802_1	AH12	0.654534	290	2667.000000	0		false	false	
15	MW248466_1__215089-216594+__QQM14740_1	MarsHill	MW349128_1__219310-220863+__QQO92593_1	Machias	0.649969	303	2678.000000	0		false	false	
15	MW248466_1__215089-216594+__QQM14740_1	MarsHill	OR770614_1__150938-152491-__WPH64254_1	PB50	0.651539	349	2683.000000	1	4:3	false	false	0.473282
15	MW349129_1__214290-215795+__QQO92858_1	Madawaska	OR455461_1__177982-179535-__WNX97802_1	AH12	0.647762	401	2689.000000	0		false	false	
15	MW349129_1__214290-215795+__QQO92858_1	Madawaska	MW349128_1__219310-220863+__QQO92593_1	Machias	0.647513	350	2679.000000	0		false	false	
15	MW349129_1__214290-215795+__QQO92858_1	Madawaska	OR770614_1__150938-152491-__WPH64254_1	PB50	0.645917	366	2683.000000	0		false	false	
15	OR836606_1__73311-74813-__WRM43423_1	LY01	OR455461_1__177982-179535-__WNX97802_1	AH12	0.643365	341	2659.000000	0		false	false	
15	OR836606_1__73311-74813-__WRM43423_1	LY01	MW349128_1__219310-220863+__QQO92593_1	Machias	0.647402	380	2657.000000	1	1:1	true	false	0.536424
15	OR836606_1__73311-74813-__WRM43423_1	LY01	OR770614_1__150938-152491-__WPH64254_1	PB50	0.637899	386	2655.000000	1	3:3	false	false	0.486842
15	LC680885_1__167556-169058+__BDE75684_1	S6	OR455461_1__177982-179535-__WNX97802_1	AH12	0.651436	361	2707.000000	0		false	false	
15	LC680885_1__167556-169058+__BDE75684_1	S6	MW349128_1__219310-220863+__QQO92593_1	Machias	0.642879	356	2642.000000	0		false	false	
15	LC680885_1__167556-169058+__BDE75684_1	S6	OR770614_1__150938-152491-__WPH64254_1	PB50	0.648097	344	2679.000000	0		false	false	
15	MN091626_1__24879-26381+__QDJ97640_1	PALS_2	OR455461_1__177982-179535-__WNX97802_1	AH12	0.656375	361	2747.000000	0		false	false	
15	MN091626_1__24879-26381+__QDJ97640_1	PALS_2	MW349128_1__219310-220863+__QQO92593_1	Machias	0.651637	358	2712.000000	0		false	false	
15	MN091626_1__24879-26381+__QDJ97640_1	PALS_2	OR770614_1__150938-152491-__WPH64254_1	PB50	0.652537	346	2719.000000	1	1:1	true	false	0.513158
15	MZ779063_1__125252-126754+__UAJ17040_1	UFV_DC4	OR455461_1__177982-179535-__WNX97802_1	AH12	0.649291	365	2709.000000	0		false	false	
15	MZ779063_1__125252-126754+__UAJ17040_1	UFV_DC4	MW349128_1__219310-220863+__QQO92593_1	Machias	0.647478	342	2681.000000	1	1:1	true	false	0.506849
15	MZ779063_1__125252-126754+__UAJ17040_1	UFV_DC4	OR770614_1__150938-152491-__WPH64254_1	PB50	0.646409	396	2676.000000	0		false	false	
16	MW218148_1__10647-12152+__QPI16926_1	SA1	OR455461_1__177982-179535-__WNX97802_1	AH12	0.637915	297	2544.000000	1	4:3	false	false	0.454545
16	MW218148_1__10647-12152+__QPI16926_1	SA1	MW349128_1__219310-220863+__QQO92593_1	Machias	0.638828	312	2528.000000	1	4:3	false	false	0.466165
16	MW218148_1__10647-12152+__QPI16926_1	SA1	OR770614_1__150938-152491-__WPH64254_1	PB50	0.636306	312	2532.000000	0		false	false	
16	MW248466_1__215089-216594+__QQM14740_1	MarsHill	OR455461_1__177982-179535-__WNX97802_1	AH12	0.649265	314	2664.000000	2	3:2;4:3	false	false	0.484473
16	MW248466_1__215089-216594+__QQM14740_1	MarsHill	MW349128_1__219310-220863+__QQO92593_1	Machias	0.649938	371	2670.000000	0		false	false	
16	MW248466_1__215089-216594+__QQM14740_1	MarsHill	OR770614_1__150938-152491-__WPH64254_1	PB50	0.651918	379	2677.000000	0		false	false	
16	MW349129_1__214290-215795+__QQO92858_1	Madawaska	OR455461_1__177982-179535-__WNX97802_1	AH12	0.643937	359	2692.000000	0		false	false	
16	MW349129_1__214290-215795+__QQO92858_1	Madawaska	MW349128_1__219310-220863+__QQO92593_1	Machias	0.643798	406	2669.000000	1	2:2	false	true	0.493421
16	MW349129_1__214290-215795+__QQO92858_1	Madawaska	OR770614_1__150938-152491-__WPH64254_1	PB50	0.649058	350	2702.000000	1	1:1	true	false	0.509804
16	OR836606_1__73311-74813-__WRM43423_1	LY01	OR455461_1__177982-179535-__WNX97802_1	AH12	0.642527	365	2666.000000	0		false	false	
16	OR836606_1__73311-74813-__WRM43423_1	LY01	MW349128_1__219310-220863+__QQO92593_1	Machias	0.643756	392	2643.000000	0		false	false	
16	OR836606_1__73311-74813-__WRM43423_1	LY01	OR770614_1__150938-152491-__WPH64254_1	PB50	0.641151	406	2652.000000	0		false	false	
16	LC680885_1__167556-169058+__BDE75684_1	S6	OR455461_1__177982-179535-__WNX97802_1	AH12	0.653621	373	2714.000000	1	1:1	true	false	0.486842
16	LC680885_1__167556-169058+__BDE75684_1	S6	MW349128_1__219310-220863+__QQO92593_1	Machias	0.642174	360	2649.000000	0		false	false	
16	LC680885_1__167556-169058+__BDE75684_1	S6	OR770614_1__150938-152491-__WPH64254_1	PB50	0.647404	354	2673.000000	0		false	false	
16	MN091626_1__24879-26381+__QDJ97640_1	PALS_2	OR455461_1__177982-179535-__WNX97802_1	AH12	0.660797	357	2752.000000	0		false	false	
16	MN091626_1__24879-26381+__QDJ97640_1	PALS_2	MW349128_1__219310-220863+__QQO92593_1	Machias	0.652120	344	2730.000000	1	1:1	true	false	0.549669
16	MN091626_1__24879-26381+__QDJ97640_1	PALS_2	OR770614_1__150938-152491-__WPH64254_1	PB50	0.652979	360	2714.000000	1	1:1	true	false	0.536424
16	MZ779063_1__125252-126754+__UAJ17040_1	UFV_DC4	OR455461_1__177982-179535-__WNX97802_1	AH12	0.653086	361	2732.000000	0		false	false	
16	MZ779063_1__125252-126754+__UAJ17040_1	UFV_DC4	MW349128_1__219310-220863+__QQO92593_1	Machias	0.647295	350	2651.000000	0		false	false	
16	MZ779063_1__125252-126754+__UAJ17040_1	UFV_DC4	OR770614_1__150938-152491-__WPH64254_1	PB50	0.650354	378	2698.000000	0		false	false	
17	MW218148_1__10647-12152+__QPI16926_1	SA1	OR455461_1__177982-179535-__WNX97802_1	AH12	0.639003	305	2538.000000	0		false	false	
17	MW218148_1__10647-12152+__QPI16926_1	SA1	MW349128_1__219310-220863+__QQO92593_1	Machias	0.634293	288	2490.000000	0		false	false	
17	MW218148_1__10647-12152+__QPI16926_1	SA1	OR770614_1__150938-152491-__WPH64254_1	PB50	0.631629	302	2499.000000	0		false	false	
17	MW248466_1__215089-216594+__QQM14740_1	MarsHill	OR455461_1__177982-179535-__WNX97802_1	AH12	0.649906	320	2657.000000	0		false	false	
17	MW248466_1__215089-216594+__QQM14740_1	MarsHill	MW349128_1__219310-220863+__QQO92593_1	Machias	0.651468	319	2684.000000	0		false	false	
17	MW248466_1__215089-216594+__QQM14740_1	MarsHill	OR770614_1__150938-152491-__WPH64254_1	PB50	0.650093	351	2670.000000	1	4:3	false	false	0.496183
17	MW349129_1__214290-215795+__QQO92858_1	Madawaska	OR455461_1__177982-179535-__WNX97802_1	AH12	0.647835	391	2713.000000	1	1:1	true	false	0.477707
17	MW349129_1__214290-215795+__QQO92858_1	Madawaska	MW349128_1__219310-220863+__QQO92593_1	Machias	0.646192	388	2684.000000	0		false	false	
17	MW349129_1__214290-215795+__QQO92858_1	Madawaska	OR770614_1__150938-152491-__WPH64254_1	PB50	0.644042	388	2703.000000	2	1:1;2:2	true	true	0.498473
17	OR836606_1__73311-74813-__WRM43423_1	LY01	OR455461_1__177982-179535-__WNX97802_1	AH12	0.645577	387	2670.000000	1	4:3	false	false	0.507576
17	OR836606_1__73311-74813-__WRM43423_1	LY01	MW349128_1__219310-220863+__QQO92593_1	Machias	0.645201	396	2675.000000	1	4:3	false	false	0.450382
17	OR836606_1__73311-74813-__WRM43423_1	LY01	OR770614_1__150938-152491-__WPH64254_1	PB50	0.642835	364	2677.000000	1	1:1	true	false	0.525974
17	LC680885_1__167556-169058+__BDE75684_1	S6	OR455461_1__177982-179535-__WNX97802_1	AH12	0.649510	411	2684.000000	1	4:3	false	false	0.454545
17	LC680885_1__167556-169058+__BDE75684_1	S6	MW349128_1__219310-220863+__QQO92593_1	Machias	0.640750	390	2633.000000	1	3:3	false	false	0.486667
17	LC680885_1__167556-169058+__BDE75684_1	S6	OR770614_1__150938-152491-__WPH64254_1	PB50	0.650031	374	2680.000000	0		false	false	
17	MN091626_1__24879-26381+__QDJ97640_1	PALS_2	OR455461_1__177982-179535-__WNX97802_1	AH12	0.656047	349	2762.000000	0		false	false	
17	MN091626_1__24879-26381+__QDJ97640_1	PALS_2	MW349128_1__219310-220863+__QQO92593_1	Machias	0.648949	354	2700.000000	0		false	false	
17	MN091626_1__24879-26381+__QDJ97640_1	PALS_2	OR770614_1__150938-152491-__WPH64254_1	PB50	0.652589	370	2707.000000	0		false	false	
17	MZ779063_1__125252-126754+__UAJ17040_1	UFV_DC4	OR455461_1__177982-179535-__WNX97802_1	AH12	0.652041	399	2704.000000	0		false	false	
17	MZ779063_1__125252-126754+__UAJ17040_1	UFV_DC4	MW349128_1__219310-220863+__QQO92593_1	Machias	0.645930	342	2658.000000	0		false	false	
17	MZ779063_1__125252-126754+__UAJ17040_1	UFV_DC4	OR770614_1__150938-152491-__WPH64254_1	PB50	0.649291	364	2689.000000	0		false	false	
18	MW218148_1__10647-12152+__QPI16926_1	SA1	OR455461_1__177982-179535-__WNX97802_1	AH12	0.637051	315	2524.000000	0		false	false	
18	MW218148_1__10647-12152+__QPI16926_1	SA1	MW349128_1__219310-220863+__QQO92593_1	Machias	0.636392	308	2495.000000	0		false	false	
18	MW218148_1__10647-12152+__QPI16926_1	SA1	OR770614_1__150938-152491-__WPH64254_1	PB50	0.632736	332	2491.000000	0		false	false	
18	MW248466_1__215089-216594+__QQM14740_1	MarsHill	OR455461_1__177982-179535-__WNX97802_1	AH12	0.651861	310	2679.000000	1	4:3	false	false	0.511278
18	MW248466_1__215089-216594+__QQM14740_1	MarsHill	MW349128_1__219310-220863+__QQO92593_1	Machias	0.648959	353	2664.000000	0		false	false	
18	MW248466_1__215089-216594+__QQM14740_1	MarsHill	OR770614_1__150938-152491-__WPH64254_1	PB50	0.650573	377	2659.000000	0		false	false	
18	MW349129_1__214290-215795+__QQO92858_1	Madawaska	OR455461_1__177982-179535-__WNX97802_1	AH12	0.650432	365	2706.000000	1	1:1	true	false	0.509554
18	MW349129_1__214290-215795+__QQO92858_1	Madawaska	MW349128_1__219310-220863+__QQO92593_1	Machias	0.647221	390	2683.000000	1	4:3	false	false	0.484848
18	MW349129_1__214290-215795+__QQO92858_1	Madawaska	OR770614_1__150938-152491-__WPH64254_1	PB50	0.646206	360	2683.000000	0		false	false	
18	OR836606_1__73311-74813-__WRM43423_1	LY01	OR455461_1__177982-179535-__WNX97802_1	AH12	0.639914	379	2639.000000	1	4:3	false	false	0.469231
18	OR836606_1__73311-74813-__WRM43423_1	LY01	MW349128_1__219310-220863+__QQO92593_1	Machias	0.638422	412	2660.000000	0		false	false	
18	OR836606_1__73311-74813-__WRM43423_1	LY01	OR770614_1__150938-152491-__WPH64254_1	PB50	0.641850	402	2657.000000	1	4:3	false	false	0.458015
18	LC680885_1__167556-169058+__BDE75684_1	S6	OR455461_1__177982-179535-__WNX97802_1	AH12	0.650077	353	2710.000000	0		false	false	
18	LC680885_1__167556-169058+__BDE75684_1	S6	MW349128_1__219310-220863+__QQO92593_1	Machias	0.646914	362	2644.000000	0		false	false	
18	LC680885_1__167556-169058+__BDE75684_1	S6	OR770614_1__150938-152491-__WPH64254_1	PB50	0.646192	394	2676.000000	1	4:3	false	false	0.523077
18	MN091626_1__24879-26381+__QDJ97640_1	PALS_2	OR455461_1__177982-179535-__WNX97802_1	AH12	0.654321	363	2752.000000	0		false	false	
18	MN091626_1__24879-26381+__QDJ97640_1	PALS_2	MW349128_1__219310-220863+__QQO92593_1	Machias	0.649646	384	2673.000000	1	4:3	false	false	0.435115
18	MN091626_1__24879-26381+__QDJ97640_1	PALS_2	OR770614_1__150938-152491-__WPH64254_1	PB50	0.648498	340	2701.000000	0		false	false	
18	MZ779063_1__125252-126754+__UAJ17040_1	UFV_DC4	OR455461_1__177982-179535-__WNX97802_1	AH12	0.651866	367	2699.000000	0		false	false	
18	MZ779063_1__125252-126754+__UAJ17040_1	UFV_DC4	MW349128_1__219310-220863+__QQO92593_1	Machias	0.642658	350	2650.000000	1	1:1	true	false	0.513514
18	MZ779063_1__125252-126754+__UAJ17040_1	UFV_DC4	OR770614_1__150938-152491-__WPH64254_1	PB50	0.643361	402	2673.000000	1	3:3	false	false	0.486667
19	MW218148_1__10647-12152+__QPI16926_1	SA1	OR455461_1__177982-179535-__WNX97802_1	AH12	0.639924	299	2532.000000	0		false	false	
19	MW218148_1__10647-12152+__QPI16926_1	SA1	MW349128_1__219310-220863+__QQO92593_1	Machias	0.633585	314	2499.000000	0		false	false	
19	MW218148_1__10647-12152+__QPI16926_1	SA1	OR770614_1__150938-152491-__WPH64254_1	PB50	0.635959	262	2494.000000	0		false	false	
19	MW248466_1__215089-216594+__QQM14740_1	MarsHill	OR455461_1__177982-179535-__WNX97802_1	AH12	0.649578	314	2667.000000	0		false	false	
19	MW248466_1__215089-216594+__QQM14740_1	MarsHill	MW349128_1__219310-220863+__QQO92593_1	Machias	0.650982	333	2682.000000	0		false	false	
19	MW248466_1__215089-216594+__QQM14740_1	MarsHill	OR770614_1__150938-152491-__WPH64254_1	PB50	0.650961	367	2674.000000	0		false	false	
19	MW349129_1__214290-215795+__QQO92858_1	Madawaska	OR455461_1__177982-179535-__WNX97802_1	AH12	0.647874	369	2699.000000	1	1:1	true	false	0.509554
19	MW349129_1__214290-215795+__QQO92858_1	Madawaska	MW349128_1__219310-220863+__QQO92593_1	Machias	0.649644	338	2698.000000	0		false	false	
19	MW349129_1__214290-215795+__QQO92858_1	Madawaska	OR770614_1__150938-152491-__WPH64254_1	PB50	0.649074	356	2685.000000	0		false	false	
19	OR836606_1__73311-74813-__WRM43423_1	LY01	OR455461_1__177982-179535-__WNX97802_1	AH12	0.642482	353	2640.000000	0		false	false	
19	OR836606_1__73311-74813-__WRM43423_1	LY01	MW349128_1__219310-220863+__QQO92593_1	Machias	0.641231	374	2650.000000	0		false	false	
19	OR836606_1__73311-74813-__WRM43423_1	LY01	OR770614_1__150938-152491-__WPH64254_1	PB50	0.645290	392	2658.000000	0		false	false	
19	LC680885_1__167556-169058+__BDE75684_1	S6	OR455461_1__177982-179535-__WNX97802_1	AH12	0.650558	339	2688.000000	0		false	false	
19	LC680885_1__167556-169058+__BDE75684_1	S6	MW349128_1__219310-220863+__QQO92593_1	Machias	0.642222	400	2652.000000	1	2:2	false	true	0.532468
19	LC680885_1__167556-169058+__BDE75684_1	S6	OR770614_1__150938-152491-__WPH64254_1	PB50	0.646914	396	2668.000000	0		false	false	
19	MN091626_1__24879-26381+__QDJ97640_1	PALS_2	OR455461_1__177982-179535-__WNX97802_1	AH12	0.649523	377	2732.000000	1	3:3	false	false	0.543624
19	MN091626_1__24879-26381+__QDJ97640_1	PALS_2	MW349128_1__219310-220863+__QQO92593_1	Machias	0.651501	344	2712.000000	1	1:1	true	false	0.500000
19	MN091626_1__24879-26381+__QDJ97640_1	PALS_2	OR770614_1__150938-152491-__WPH64254_1	PB50	0.650558	338	2712.000000	0		false	false	
19	MZ779063_1__125252-126754+__UAJ17040_1	UFV_DC4	OR455461_1__177982-179535-__WNX97802_1	AH12	0.645744	413	2709.000000	1	4:3	false	false	0.518519
19	MZ779063_1__125252-126754+__UAJ17040_1	UFV_DC4	MW349128_1__219310-220863+__QQO92593_1	Machias	0.641597	342	2656.000000	0		false	false	
19	MZ779063_1__125252-126754+__UAJ17040_1	UFV_DC4	OR770614_1__150938-152491-__WPH64254_1	PB50	0.645993	394	2667.000000	1	2:2	false	true	0.479452
20	MW218148_1__10647-12152+__QPI16926_1	SA1	OR455461_1__177982-179535-__WNX97802_1	AH12	0.639428	257	2536.000000	0		false	false	
20	MW218148_1__10647-12152+__QPI16926_1	SA1	MW349128_1__219310-220863+__QQO92593_1	Machias	0.636850	316	2511.000000	0		false	false	
20	MW218148_1__10647-12152+__QPI16926_1	SA1	OR770614_1__150938-152491-__WPH64254_1	PB50	0.633617	320	2498.000000	0		false	false	
20	MW248466_1__215089-216594+__QQM14740_1	MarsHill	OR455461_1__177982-179535-__WNX97802_1	AH12	0.649189	324	2664.000000	0		false	false	
20	MW248466_1__215089-216594+__QQM14740_1	MarsHill	MW349128_1__219310-220863+__QQO92593_1	Machias	0.650187	347	2673.000000	1	4:3	false	false	0.469231
20	MW248466_1__215089-216594+__QQM14740_1	MarsHill	OR770614_1__150938-152491-__WPH64254_1	PB50	0.658133	321	2709.000000	1	4:3	false	false	0.477273
20	MW349129_1__214290-215795+__QQO92858_1	Madawaska	OR455461_1__177982-179535-__WNX97802_1	AH12	0.650647	369	2698.000000	1	1:1	true	false	0.483444
20	MW349129_1__214290-215795+__QQO92858_1	Madawaska	MW349128_1__219310-220863+__QQO92593_1	Machias	0.640931	404	2668.000000	0		false	false	
20	MW349129_1__214290-215795+__QQO92858_1	Madawaska	OR770614_1__150938-152491-__WPH64254_1	PB50	0.650309	356	2697.000000	1	1:1	true	false	0.512658
20	OR836606_1__73311-74813-__WRM43423_1	LY01	OR455461_1__177982-179535-__WNX97802_1	AH12	0.643827	355	2662.000000	0		false	false	
20	OR836606_1__73311-74813-__WRM43423_1	LY01	MW349128_1__219310-220863+__QQO92593_1	Machias	0.643848	360	2665.000000	0		false	false	
20	OR836606_1__73311-74813-__WRM43423_1	LY01	OR770614_1__150938-152491-__WPH64254_1	PB50	0.639026	362	2659.000000	0		false	false	
20	LC680885_1__167556-169058+__BDE75684_1	S6	OR455461_1__177982-179535-__WNX97802_1	AH12	0.652658	355	2728.000000	0		false	false	
20	LC680885_1__167556-169058+__BDE75684_1	S6	MW349128_1__219310-220863+__QQO92593_1	Machias	0.648716	344	2677.000000	0		false	false	
20	LC680885_1__167556-169058+__BDE75684_1	S6	OR770614_1__150938-152491-__WPH64254_1	PB50	0.644063	400	2674.000000	1	2:2	false	true	0.490066
20	MN091626_1__24879-26381+__QDJ97640_1	PALS_2	OR455461_1__177982-179535-__WNX97802_1	AH12	0.656086	373	2750.000000	1	1:1	true	false	0.503356
20	MN091626_1__24879-26381+__QDJ97640_1	PALS_2	MW349128_1__219310-220863+__QQO92593_1	Machias	0.652443	350	2708.000000	0		false	false	
20	MN091626_1__24879-26381+__QDJ97640_1	PALS_2	OR770614_1__150938-152491-__WPH64254_1	PB50	0.654203	354	2715.000000	0		false	false	
20	MZ779063_1__125252-126754+__UAJ17040_1	UFV_DC4	OR455461_1__177982-179535-__WNX97802_1	AH12	0.650740	369	2709.000000	0		false	false	
20	MZ779063_1__125252-126754+__UAJ17040_1	UFV_DC4	MW349128_1__219310-220863+__QQO92593_1	Machias	0.645331	348	2655.000000	0		false	false	
20	MZ779063_1__125252-126754+__UAJ17040_1	UFV_DC4	OR770614_1__150938-152491-__WPH64254_1	PB50	0.643974	402	2683.000000	1	1:1	true	false	0.482993
21	MW218148_1__10647-12152+__QPI16926_1	SA1	OR455461_1__177982-179535-__WNX97802_1	AH12	0.638311	315	2524.000000	0		false	false	
21	MW218148_1__10647-12152+__QPI16926_1	SA1	MW349128_1__219310-220863+__QQO92593_1	Machias	0.639303	276	2492.000000	0		false	false	
21	MW218148_1__10647-12152+__QPI16926_1	SA1	OR770614_1__150938-152491-__WPH64254_1	PB50	0.638608	286	2522.000000	0		false	false	
21	MW248466_1__215089-216594+__QQM14740_1	MarsHill	OR455461_1__177982-179535-__WNX97802_1	AH12	0.648114	384	2674.000000	0		false	false	
21	MW248466_1__215089-216594+__QQM14740_1	MarsHill	MW349128_1__219310-220863+__QQO92593_1	Machias	0.650203	313	2669.000000	0		false	false	
21	MW248466_1__215089-216594+__QQM14740_1	MarsHill	OR770614_1__150938-152491-__WPH64254_1	PB50	0.654387	321	2673.000000	0		false	false	
21	MW349129_1__214290-215795+__QQO92858_1	Madawaska	OR455461_1__177982-179535-__WNX97802_1	AH12	0.650940	363	2706.000000	0		false	false	
21	MW349129_1__214290-215795+__QQO92858_1	Madawaska	MW349128_1__219310-220863+__QQO92593_1	Machias	0.647713	348	2692.000000	0		false	false	
21	MW349129_1__214290-215795+__QQO92858_1	Madawaska	OR770614_1__150938-152491-__WPH64254_1	PB50	0.649475	352	2707.000000	0		false	false	
21	OR836606_1__73311-74813-__WRM43423_1	LY01	OR455461_1__177982-179535-__WNX97802_1	AH12	0.639939	385	2634.000000	0		false	false	
21	OR836606_1__73311-74813-__WRM43423_1	LY01	MW349128_1__219310-220863+__QQO92593_1	Machias	0.644157	360	2660.000000	0		false	false	
21	OR836606_1__73311-74813-__WRM43423_1	LY01	OR770614_1__150938-152491-__WPH64254_1	PB50	0.646573	410	2667.000000	1	4:3	false	false	0.507463
21	LC680885_1__167556-169058+__BDE75684_1	S6	OR455461_1__177982-179535-__WNX97802_1	AH12	0.649058	357	2694.000000	0		false	false	
21	LC680885_1__167556-169058+__BDE75684_1	S6	MW349128_1__219310-220863+__QQO92593_1	Machias	0.641998	368	2655.000000	1	1:1	true	false	0.519231
21	LC680885_1__167556-169058+__BDE75684_1	S6	OR770614_1__150938-152491-__WPH64254_1	PB50	0.647822	356	2666.000000	0		false	false	
21	MN091626_1__24879-26381+__QDJ97640_1	PALS_2	OR455461_1__177982-179535-__WNX97802_1	AH12	0.650447	377	2749.000000	1	3:3	false	false	0.526316
21	MN091626_1__24879-26381+__QDJ97640_1	PALS_2	MW349128_1__219310-220863+__QQO92593_1	Machias	0.651717	348	2700.000000	0		false	false	
21	MN091626_1__24879-26381+__QDJ97640_1	PALS_2	OR770614_1__150938-152491-__WPH64254_1	PB50	0.651235	362	2710.000000	0		false	false	
21	MZ779063_1__125252-126754+__UAJ17040_1	UFV_DC4	OR455461_1__177982-179535-__WNX97802_1	AH12	0.650710	357	2723.000000	0		false	false	
21	MZ779063_1__125252-126754+__UAJ17040_1	UFV_DC4	MW349128_1__219310-220863+__QQO92593_1	Machias	0.645131	350	2666.000000	1	1:1	true	false	0.560000
21	MZ779063_1__125252-126754+__UAJ17040_1	UFV_DC4	OR770614_1__150938-152491-__WPH64254_1	PB50	0.644992	370	2670.000000	0		false	false	
22	MW218148_1__10647-12152+__QPI16926_1	SA1	OR455461_1__177982-179535-__WNX97802_1	AH12	0.637276	341	2514.000000	1	4:3	false	false	0.488722
22	MW218148_1__10647-12152+__QPI16926_1	SA1	MW349128_1__219310-220863+__QQO92593_1	Machias	0.637021	330	2499.000000	1	4:3	false	false	0.492308
22	MW218148_1__10647-12152+__QPI16926_1	SA1	OR770614_1__150938-152491-__WPH64254_1	PB50	0.632903	324	2501.000000	0		false	false	
22	MW248466_1__215089-216594+__QQM14740_1	MarsHill	OR455461_1__177982-179535-__WNX97802_1	AH12	0.650689	300	2659.000000	0		false	false	
22	MW248466_1__215089-216594+__QQM14740_1	MarsHill	MW349128_1__219310-220863+__QQO92593_1	Machias	0.650141	289	2677.000000	1	4:3	false	false	0.488722
22	MW248466_1__215089-216594+__QQM14740_1	MarsHill	OR770614_1__150938-152491-__WPH64254_1	PB50	0.654978	303	2694.000000	1	4:3	false	false	0.526718
22	MW349129_1__214290-215795+__QQO92858_1	Madawaska	OR455461_1__177982-179535-__WNX97802_1	AH12	0.646533	367	2681.000000	1	1:1	true	false	0.506494
22	MW349129_1__214290-215795+__QQO92858_1	Madawaska	MW349128_1__219310-220863+__QQO92593_1	Machias	0.648565	358	2685.000000	0		false	false	
22	MW349129_1__214290-215795+__QQO92858_1	Madawaska	OR770614_1__150938-152491-__WPH64254_1	PB50	0.648916	336	2686.000000	0		false	false	
22	OR836606_1__73311-74813-__WRM43423_1	LY01	OR455461_1__177982-179535-__WNX97802_1	AH12	0.644802	339	2644.000000	0		false	false	
22	OR836606_1__73311-74813-__WRM43423_1	LY01	MW349128_1__219310-220863+__QQO92593_1	Machias	0.642748	396	2651.000000	0		false	false	
22	OR836606_1__73311-74813-__WRM43423_1	LY01	OR770614_1__150938-152491-__WPH64254_1	PB50	0.643890	372	2667.000000	0		false	false	
22	LC680885_1__167556-169058+__BDE75684_1	S6	OR455461_1__177982-179535-__WNX97802_1	AH12	0.653560	343	2711.000000	0		false	false	
22	LC680885_1__167556-169058+__BDE75684_1	S6	MW349128_1__219310-220863+__QQO92593_1	Machias	0.643100	360	2654.000000	0		false	false	
22	LC680885_1__167556-169058+__BDE75684_1	S6	OR770614_1__150938-152491-__WPH64254_1	PB50	0.647896	346	2666.000000	1	1:1	true	false	0.503401
22	MN091626_1__24879-26381+__QDJ97640_1	PALS_2	OR455461_1__177982-179535-__WNX97802_1	AH12	0.651422	355	2748.000000	1	3:3	false	false	0.533784
22	MN091626_1__24879-26381+__QDJ97640_1	PALS_2	MW349128_1__219310-220863+__QQO92593_1	Machias	0.649258	354	2703.000000	0		false	false	
22	MN091626_1__24879-26381+__QDJ97640_1	PALS_2	OR770614_1__150938-152491-__WPH64254_1	PB50	0.651141	366	2723.000000	2	1:1;3:3	true	false	0.527072
22	MZ779063_1__125252-126754+__UAJ17040_1	UFV_DC4	OR455461_1__177982-179535-__WNX97802_1	AH12	0.650000	361	2710.000000	0		false	false	
22	MZ779063_1__125252-126754+__UAJ17040_1	UFV_DC4	MW349128_1__219310-220863+__QQO92593_1	Machias	0.647331	362	2673.000000	1	1:1	true	false	0.516779
22	MZ779063_1__125252-126754+__UAJ17040_1	UFV_DC4	OR770614_1__150938-152491-__WPH64254_1	PB50	0.649707	366	2686.000000	1	1:1	true	false	0.527027
23	MW218148_1__10647-12152+__QPI16926_1	SA1	OR455461_1__177982-179535-__WNX97802_1	AH12	0.638626	315	2531.000000	0		false	false	
23	MW218148_1__10647-12152+__QPI16926_1	SA1	MW349128_1__219310-220863+__QQO92593_1	Machias	0.632672	320	2481.000000	0		false	false	
23	MW218148_1__10647-12152+__QPI16926_1	SA1	OR770614_1__150938-152491-__WPH64254_1	PB50	0.636162	282	2513.000000	0		false	false	
23	MW248466_1__215089-216594+__QQM14740_1	MarsHill	OR455461_1__177982-179535-__WNX97802_1	AH12	0.655517	314	2680.000000	1	4:3	false	false	0.496183
23	MW248466_1__215089-216594+__QQM14740_1	MarsHill	MW349128_1__219310-220863+__QQO92593_1	Machias	0.650295	349	2699.000000	1	4:3	false	false	0.488889
23	MW248466_1__215089-216594+__QQM14740_1	MarsHill	OR770614_1__150938-152491-__WPH64254_1	PB50	0.651891	367	2687.000000	1	4:3	false	false	0.529851
23	MW349129_1__214290-215795+__QQO92858_1	Madawaska	OR455461_1__177982-179535-__WNX97802_1	AH12	0.648815	375	2695.000000	0		false	false	
23	MW349129_1__214290-215795+__QQO92858_1	Madawaska	MW349128_1__219310-220863+__QQO92593_1	Machias	0.649475	352	2687.000000	0		false	false	
23	MW349129_1__214290-215795+__QQO92858_1	Madawaska	OR770614_1__150938-152491-__WPH64254_1	PB50	0.648949	348	2692.000000	1	1:1	true	false	0.540000
23	OR836606_1__73311-74813-__WRM43423_1	LY01	OR455461_1__177982-179535-__WNX97802_1	AH12	0.643011	385	2652.000000	0		false	false	
23	OR836606_1__73311-74813-__WRM43423_1	LY01	MW349128_1__219310-220863+__QQO92593_1	Machias	0.638174	402	2641.000000	1	3:3	false	false	0.496644
23	OR836606_1__73311-74813-__WRM43423_1	LY01	OR770614_1__150938-152491-__WPH64254_1	PB50	0.644301	402	2669.000000	1	4:3	false	false	0.454545
23	LC680885_1__167556-169058+__BDE75684_1	S6	OR455461_1__177982-179535-__WNX97802_1	AH12	0.653074	357	2705.000000	0		false	false	
23	LC680885_1__167556-169058+__BDE75684_1	S6	MW349128_1__219310-220863+__QQO92593_1	Machias	0.643387	354	2646.000000	0		false	false	
23	LC680885_1__167556-169058+__BDE75684_1	S6	OR770614_1__150938-152491-__WPH64254_1	PB50	0.648607	342	2675.000000	0		false	false	
23	MN091626_1__24879-26381+__QDJ97640_1	PALS_2	OR455461_1__177982-179535-__WNX97802_1	AH12	0.652241	353	2735.000000	0		false	false	
23	MN091626_1__24879-26381+__QDJ97640_1	PALS_2	MW349128_1__219310-220863+__QQO92593_1	Machias	0.647637	398	2676.000000	1	4:3	false	false	0.488889
23	MN091626_1__24879-26381+__QDJ97640_1	PALS_2	OR770614_1__150938-152491-__WPH64254_1	PB50	0.650278	350	2715.000000	0		false	false	
23	MZ779063_1__125252-126754+__UAJ17040_1	UFV_DC4	OR455461_1__177982-179535-__WNX97802_1	AH12	0.649090	367	2708.000000	0		false	false	
23	MZ779063_1__125252-126754+__UAJ17040_1	UFV_DC4	MW349128_1__219310-220863+__QQO92593_1	Machias	0.640939	358	2653.000000	0		false	false	
23	MZ779063_1__125252-126754+__UAJ17040_1	UFV_DC4	OR770614_1__150938-152491-__WPH64254_1	PB50	0.652187	372	2693.000000	1	1:1	true	false	0.529801
24	MW218148_1__10647-12152+__QPI16926_1	SA1	OR455461_1__177982-179535-__WNX97802_1	AH12	0.642313	263	2542.000000	0		false	false	
24	MW218148_1__10647-12152+__QPI16926_1	SA1	MW349128_1__219310-220863+__QQO92593_1	Machias	0.637021	330	2499.000000	1	4:3	false	false	0.455224
24	MW218148_1__10647-12152+__QPI16926_1	SA1	OR770614_1__150938-152491-__WPH64254_1	PB50	0.633481	274	2492.000000	0		false	false	
24	MW248466_1__215089-216594+__QQM14740_1	MarsHill	OR455461_1__177982-179535-__WNX97802_1	AH12	0.650341	368	2680.000000	0		false	false	
24	MW248466_1__215089-216594+__QQM14740_1	MarsHill	MW349128_1__219310-220863+__QQO92593_1	Machias	0.644631	359	2657.000000	0		false	false	
24	MW248466_1__215089-216594+__QQM14740_1	MarsHill	OR770614_1__150938-152491-__WPH64254_1	PB50	0.651766	313	2676.000000	0		false	false	
24	MW349129_1__214290-215795+__QQO92858_1	Madawaska	OR455461_1__177982-179535-__WNX97802_1	AH12	0.648365	361	2704.000000	0		false	false	
24	MW349129_1__214290-215795+__QQO92858_1	Madawaska	MW349128_1__219310-220863+__QQO92593_1	Machias	0.646714	358	2707.000000	0		false	false	
24	MW349129_1__214290-215795+__QQO92858_1	Madawaska	OR770614_1__150938-152491-__WPH64254_1	PB50	0.648182	368	2706.000000	0		false	false	
24	OR836606_1__73311-74813-__WRM43423_1	LY01	OR455461_1__177982-179535-__WNX97802_1	AH12	0.642813	359	2654.000000	0		false	false	
24	OR836606_1__73311-74813-__WRM43423_1	LY01	MW349128_1__219310-220863+__QQO92593_1	Machias	0.644684	364	2659.000000	0		false	false	
24	OR836606_1__73311-74813-__WRM43423_1	LY01	OR770614_1__150938-152491-__WPH64254_1	PB50	0.643650	362	2656.000000	1	1:1	true	false	0.483660
24	LC680885_1__167556-169058+__BDE75684_1	S6	OR455461_1__177982-179535-__WNX97802_1	AH12	0.647004	359	2707.000000	0		false	false	
24	LC680885_1__167556-169058+__BDE75684_1	S6	MW349128_1__219310-220863+__QQO92593_1	Machias	0.644712	350	2669.000000	1	1:1	true	false	0.516779
24	LC680885_1__167556-169058+__BDE75684_1	S6	OR770614_1__150938-152491-__WPH64254_1	PB50	0.645859	354	2662.000000	0		false	false	
24	MN091626_1__24879-26381+__QDJ97640_1	PALS_2	OR455461_1__177982-179535-__WNX97802_1	AH12	0.653763	341	2740.000000	0		false	false	
24	MN091626_1__24879-26381+__QDJ97640_1	PALS_2	MW349128_1__219310-220863+__QQO92593_1	Machias	0.648640	354	2689.000000	0		false	false	
24	MN091626_1__24879-26381+__QDJ97640_1	PALS_2	OR770614_1__150938-152491-__WPH64254_1	PB50	0.651731	354	2711.000000	1	1:1	true	false	0.543046
24	MZ779063_1__125252-126754+__UAJ17040_1	UFV_DC4	OR455461_1__177982-179535-__WNX97802_1	AH12	0.649985	355	2723.000000	0		false	false	
24	MZ779063_1__125252-126754+__UAJ17040_1	UFV_DC4	MW349128_1__219310-220863+__QQO92593_1	Machias	0.647023	362	2682.000000	0		false	false	
24	MZ779063_1__125252-126754+__UAJ17040_1	UFV_DC4	OR770614_1__150938-152491-__WPH64254_1	PB50	0.651328	356	2689.000000	0		false	false	
25	MW218148_1__10647-12152+__QPI16926_1	SA1	OR455461_1__177982-179535-__WNX97802_1	AH12	0.640051	279	2532.000000	0		false	false	
25	MW218148_1__10647-12152+__QPI16926_1	SA1	MW349128_1__219310-220863+__QQO92593_1	Machias	0.633155	312	2482.000000	0		false	false	
25	MW218148_1__10647-12152+__QPI16926_1	SA1	OR770614_1__150938-152491-__WPH64254_1	PB50	0.632524	312	2504.000000	0		false	false	
25	MW248466_1__215089-216594+__QQM14740_1	MarsHill	OR455461_1__177982-179535-__WNX97802_1	AH12	0.647169	310	2650.000000	0		false	false	
25	MW248466_1__215089-216594+__QQM14740_1	MarsHill	MW349128_1__219310-220863+__QQO92593_1	Machias	0.652079	359	2673.000000	1	4:3	false	false	0.500000
25	MW248466_1__215089-216594+__QQM14740_1	MarsHill	OR770614_1__150938-152491-__WPH64254_1	PB50	0.651755	353	2683.000000	1	4:3	false	false	0.507576
25	MW349129_1__214290-215795+__QQO92858_1	Madawaska	OR455461_1__177982-179535-__WNX97802_1	AH12	0.652362	355	2708.000000	0		false	false	
25	MW349129_1__214290-215795+__QQO92858_1	Madawaska	MW349128_1__219310-220863+__QQO92593_1	Machias	0.652859	346	2721.000000	1	1:1	true	false	0.539474
25	MW349129_1__214290-215795+__QQO92858_1	Madawaska	OR770614_1__150938-152491-__WPH64254_1	PB50	0.650588	344	2706.000000	0		false	false	
25	OR836606_1__73311-74813-__WRM43423_1	LY01	OR455461_1__177982-179535-__WNX97802_1	AH12	0.645808	363	2661.000000	1	1:1	true	false	0.470968
25	OR836606_1__73311-74813-__WRM43423_1	LY01	MW349128_1__219310-220863+__QQO92593_1	Machias	0.644814	372	2672.000000	0		false	false	
25	OR836606_1__73311-74813-__WRM43423_1	LY01	OR770614_1__150938-152491-__WPH64254_1	PB50	0.647258	366	2657.000000	1	1:1	true	false	0.543046
25	LC680885_1__167556-169058+__BDE75684_1	S6	OR455461_1__177982-179535-__WNX97802_1	AH12	0.650015	409	2720.000000	1	4:3	false	false	0.529851
25	LC680885_1__167556-169058+__BDE75684_1	S6	MW349128_1__219310-220863+__QQO92593_1	Machias	0.645686	396	2652.000000	0		false	false	
25	LC680885_1__167556-169058+__BDE75684_1	S6	OR770614_1__150938-152491-__WPH64254_1	PB50	0.648125	390	2657.000000	1	4:3	false	false	0.484615
25	MN091626_1__24879-26381+__QDJ97640_1	PALS_2	OR455461_1__177982-179535-__WNX97802_1	AH12	0.653374	403	2750.000000	0		false	false	
25	MN091626_1__24879-26381+__QDJ97640_1	PALS_2	MW349128_1__219310-220863+__QQO92593_1	Machias	0.645211	376	2678.000000	0		false	false	
25	MN091626_1__24879-26381+__QDJ97640_1	PALS_2	OR770614_1__150938-152491-__WPH64254_1	PB50	0.651342	364	2708.000000	0		false	false	
25	MZ779063_1__125252-126754+__UAJ17040_1	UFV_DC4	OR455461_1__177982-179535-__WNX97802_1	AH12	0.652254	357	2706.000000	0		false	false	
25	MZ779063_1__125252-126754+__UAJ17040_1	UFV_DC4	MW349128_1__219310-220863+__QQO92593_1	Machias	0.644424	354	2649.000000	0		false	false	
25	MZ779063_1__125252-126754+__UAJ17040_1	UFV_DC4	OR770614_1__150938-152491-__WPH64254_1	PB50	0.644773	366	2662.000000	0		false	false	
26	MW218148_1__10647-12152+__QPI16926_1	SA1	OR455461_1__177982-179535-__WNX97802_1	AH12	0.638459	301	2527.000000	1	4:3	false	false	0.485075
26	MW218148_1__10647-12152+__QPI16926_1	SA1	MW349128_1__219310-220863+__QQO92593_1	Machias	0.633217	264	2485.000000	0		false	false	
26	MW218148_1__10647-12152+__QPI16926_1	SA1	OR770614_1__150938-152491-__WPH64254_1	PB50	0.633825	340	2493.000000	0		false	false	
26	MW248466_1__215089-216594+__QQM14740_1	MarsHill	OR455461_1__177982-179535-__WNX97802_1	AH12	0.647150	372	2675.000000	0		false	false	
26	MW248466_1__215089-216594+__QQM14740_1	MarsHill	MW349128_1__219310-220863+__QQO92593_1	Machias	0.651040	357	2674.000000	0		false	false	
26	MW248466_1__215089-216594+__QQM14740_1	MarsHill	OR770614_1__150938-152491-__WPH64254_1	PB50	0.653656	371	2670.000000	1	4:3	false	false	0.477273
26	MW349129_1__214290-215795+__QQO92858_1	Madawaska	OR455461_1__177982-179535-__WNX97802_1	AH12	0.650354	375	2702.000000	0		false	false	
26	MW349129_1__214290-215795+__QQO92858_1	Madawaska	MW349128_1__219310-220863+__QQO92593_1	Machias	0.649117	334	2723.000000	0		false	false	
26	MW349129_1__214290-215795+__QQO92858_1	Madawaska	OR770614_1__150938-152491-__WPH64254_1	PB50	0.648240	352	2691.000000	0		false	false	
26	OR836606_1__73311-74813-__WRM43423_1	LY01	OR455461_1__177982-179535-__WNX97802_1	AH12	0.647531	355	2638.000000	1	4:3	false	false	0.525926
26	OR836606_1__73311-74813-__WRM43423_1	LY01	MW349128_1__219310-220863+__QQO92593_1	Machias	0.646187	352	2660.000000	0		false	false	
26	OR836606_1__73311-74813-__WRM43423_1	LY01	OR770614_1__150938-152491-__WPH64254_1	PB50	0.643979	368	2658.000000	0		false	false	
26	LC680885_1__167556-169058+__BDE75684_1	S6	OR455461_1__177982-179535-__WNX97802_1	AH12	0.650696	353	2696.000000	0		false	false	
26	LC680885_1__167556-169058+__BDE75684_1	S6	MW349128_1__219310-220863+__QQO92593_1	Machias	0.645621	344	2667.000000	0		false	false	
26	LC680885_1__167556-169058+__BDE75684_1	S6	OR770614_1__150938-152491-__WPH64254_1	PB50	0.649231	382	2688.000000	3	1:1;2:2;3:3	true	true	0.527027
26	MN091626_1__24879-26381+__QDJ97640_1	PALS_2	OR455461_1__177982-179535-__WNX97802_1	AH12	0.654810	349	2758.000000	0		false	false	
26	MN091626_1__24879-26381+__QDJ97640_1	PALS_2	MW349128_1__219310-220863+__QQO92593_1	Machias	0.648900	336	2703.000000	0		false	false	
26	MN091626_1__24879-26381+__QDJ97640_1	PALS_2	OR770614_1__150938-152491-__WPH64254_1	PB50	0.654287	344	2707.000000	0		false	false	
26	MZ779063_1__125252-126754+__UAJ17040_1	UFV_DC4	OR455461_1__177982-179535-__WNX97802_1	AH12	0.648507	379	2700.000000	0		false	false	
26	MZ779063_1__125252-126754+__UAJ17040_1	UFV_DC4	MW349128_1__219310-220863+__QQO92593_1	Machias	0.647349	368	2692.000000	0		false	false	
26	MZ779063_1__125252-126754+__UAJ17040_1	UFV_DC4	OR770614_1__150938-152491-__WPH64254_1	PB50	0.651034	362	2681.000000	1	1:1	true	false	0.506757
27	MW218148_1__10647-12152+__QPI16926_1	SA1	OR455461_1__177982-179535-__WNX97802_1	AH12	0.639657	261	2528.000000	0		false	false	
27	MW218148_1__10647-12152+__QPI16926_1	SA1	MW349128_1__219310-220863+__QQO92593_1	Machias	0.632724	310	2485.000000	0		false	false	
27	MW218148_1__10647-12152+__QPI16926_1	SA1	OR770614_1__150938-152491-__WPH64254_1	PB50	0.630832	310	2503.000000	1	4:3	false	false	0.435115
27	MW248466_1__215089-216594+__QQM14740_1	MarsHill	OR455461_1__177982-179535-__WNX97802_1	AH12	0.654580	314	2683.000000	0		false	false	
27	MW248466_1__215089-216594+__QQM14740_1	MarsHill	MW349128_1__219310-220863+__QQO92593_1	Machias	0.654363	309	2703.000000	2	3:2;4:3	false	false	0.520688
27	MW248466_1__215089-216594+__QQM14740_1	MarsHill	OR770614_1__150938-152491-__WPH64254_1	PB50	0.651257	361	2682.000000	0		false	false	
27	MW349129_1__214290-215795+__QQO92858_1	Madawaska	OR455461_1__177982-179535-__WNX97802_1	AH12	0.646387	353	2697.000000	0		false	false	
27	MW349129_1__214290-215795+__QQO92858_1	Madawaska	MW349128_1__219310-220863+__QQO92593_1	Machias	0.646895	350	2693.000000	0		false	false	
27	MW349129_1__214290-215795+__QQO92858_1	Madawaska	OR770614_1__150938-152491-__WPH64254_1	PB50	0.649258	348	2707.000000	0		false	false	
27	OR836606_1__73311-74813-__WRM43423_1	LY01	OR455461_1__177982-179535-__WNX97802_1	AH12	0.640741	355	2644.000000	0		false	false	
27	OR836606_1__73311-74813-__WRM43423_1	LY01	MW349128_1__219310-220863+__QQO92593_1	Machias	0.642417	362	2660.000000	0		false	false	
27	OR836606_1__73311-74813-__WRM43423_1	LY01	OR770614_1__150938-152491-__WPH64254_1	PB50	0.641579	358	2650.000000	0		false	false	
27	LC680885_1__167556-169058+__BDE75684_1	S6	OR455461_1__177982-179535-__WNX97802_1	AH12	0.652456	357	2711.000000	0		false	false	
27	LC680885_1__167556-169058+__BDE75684_1	S6	MW349128_1__219310-220863+__QQO92593_1	Machias	0.645949	350	2665.000000	0		false	false	
27	LC680885_1__167556-169058+__BDE75684_1	S6	OR770614_1__150938-152491-__WPH64254_1	PB50	0.649693	402	2670.000000	3	1:1;2:2;3:3	true	true	0.513158
27	MN091626_1__24879-26381+__QDJ97640_1	PALS_2	OR455461_1__177982-179535-__WNX97802_1	AH12	0.650231	373	2741.000000	0		false	false	
27	MN091626_1__24879-26381+__QDJ97640_1	PALS_2	MW349128_1__219310-220863+__QQO92593_1	Machias	0.649242	348	2716.000000	0		false	false	
27	MN091626_1__24879-26381+__QDJ97640_1	PALS_2	OR770614_1__150938-152491-__WPH64254_1	PB50	0.650539	372	2708.000000	2	1:1;3:3	true	false	0.513428
27	MZ779063_1__125252-126754+__UAJ17040_1	UFV_DC4	OR455461_1__177982-179535-__WNX97802_1	AH12	0.649494	403	2701.000000	0		false	false	
27	MZ779063_1__125252-126754+__UAJ17040_1	UFV_DC4	MW349128_1__219310-220863+__QQO92593_1	Machias	0.647004	356	2659.000000	0		false	false	
27	MZ779063_1__125252-126754+__UAJ17040_1	UFV_DC4	OR770614_1__150938-152491-__WPH64254_1	PB50	0.644042	392	2675.000000	1	3:3	false	false	0.506757
28	MW218148_1__10647-12152+__QPI16926_1	SA1	OR455461_1__177982-179535-__WNX97802_1	AH12	0.636679	303	2519.000000	0		false	false	
28	MW218148_1__10647-12152+__QPI16926_1	SA1	MW349128_1__219310-220863+__QQO92593_1	Machias	0.633838	302	2492.000000	0		false	false	
28	MW218148_1__10647-12152+__QPI16926_1	SA1	OR770614_1__150938-152491-__WPH64254_1	PB50	0.632362	282	2497.000000	0		false	false	
28	MW248466_1__215089-216594+__QQM14740_1	MarsHill	OR455461_1__177982-179535-__WNX97802_1	AH12	0.653521	306	2673.000000	1	4:3	false	false	0.500000
28	MW248466_1__215089-216594+__QQM14740_1	MarsHill	MW349128_1__219310-220863+__QQO92593_1	Machias	0.650455	289	2676.000000	0		false	false	
28	MW248466_1__215089-216594+__QQM14740_1	MarsHill	OR770614_1__150938-152491-__WPH64254_1	PB50	0.651794	325	2666.000000	0		false	false	
28	MW349129_1__214290-215795+__QQO92858_1	Madawaska	OR455461_1__177982-179535-__WNX97802_1	AH12	0.642485	411	2682.000000	0		false	false	
28	MW349129_1__214290-215795+__QQO92858_1	Madawaska	MW349128_1__219310-220863+__QQO92593_1	Machias	0.647622	352	2697.000000	0		false	false	
28	MW349129_1__214290-215795+__QQO92858_1	Madawaska	OR770614_1__150938-152491-__WPH64254_1	PB50	0.652443	344	2728.000000	1	1:1	true	false	0.539474
28	OR836606_1__73311-74813-__WRM43423_1	LY01	OR455461_1__177982-179535-__WNX97802_1	AH12	0.644486	367	2658.000000	1	1:1	true	false	0.500000
28	OR836606_1__73311-74813-__WRM43423_1	LY01	MW349128_1__219310-220863+__QQO92593_1	Machias	0.643252	394	2643.000000	0		false	false	
28	OR836606_1__73311-74813-__WRM43423_1	LY01	OR770614_1__150938-152491-__WPH64254_1	PB50	0.644773	360	2658.000000	0		false	false	
28	LC680885_1__167556-169058+__BDE75684_1	S6	OR455461_1__177982-179535-__WNX97802_1	AH12	0.647276	381	2700.000000	1	1:1	true	false	0.510067
28	LC680885_1__167556-169058+__BDE75684_1	S6	MW349128_1__219310-220863+__QQO92593_1	Machias	0.642460	354	2649.000000	0		false	false	
28	LC680885_1__167556-169058+__BDE75684_1	S6	OR770614_1__150938-152491-__WPH64254_1	PB50	0.648223	352	2676.000000	0		false	false	
28	MN091626_1__24879-26381+__QDJ97640_1	PALS_2	OR455461_1__177982-179535-__WNX97802_1	AH12	0.656289	371	2739.000000	1	1:1	true	false	0.538961
28	MN091626_1__24879-26381+__QDJ97640_1	PALS_2	MW349128_1__219310-220863+__QQO92593_1	Machias	0.644854	392	2690.000000	1	2:2	false	true	0.509677
28	MN091626_1__24879-26381+__QDJ97640_1	PALS_2	OR770614_1__150938-152491-__WPH64254_1	PB50	0.652026	348	2715.000000	0		false	false	
28	MZ779063_1__125252-126754+__UAJ17040_1	UFV_DC4	OR455461_1__177982-179535-__WNX97802_1	AH12	0.647840	361	2689.000000	0		false	false	
28	MZ779063_1__125252-126754+__UAJ17040_1	UFV_DC4	MW349128_1__219310-220863+__QQO92593_1	Machias	0.645072	394	2654.000000	0		false	false	
28	MZ779063_1__125252-126754+__UAJ17040_1	UFV_DC4	OR770614_1__150938-152491-__WPH64254_1	PB50	0.650940	366	2718.000000	0		false	false	
29	MW218148_1__10647-12152+__QPI16926_1	SA1	OR455461_1__177982-179535-__WNX97802_1	AH12	0.638284	309	2525.000000	0		false	false	
29	MW218148_1__10647-12152+__QPI16926_1	SA1	MW349128_1__219310-220863+__QQO92593_1	Machias	0.632358	320	2490.000000	0		false	false	
29	MW218148_1__10647-12152+__QPI16926_1	SA1	OR770614_1__150938-152491-__WPH64254_1	PB50	0.633103	322	2494.000000	0		false	false	
29	MW248466_1__215089-216594+__QQM14740_1	MarsHill	OR455461_1__177982-179535-__WNX97802_1	AH12	0.653918	296	2688.000000	0		false	false	
29	MW248466_1__215089-216594+__QQM14740_1	MarsHill	MW349128_1__219310-220863+__QQO92593_1	Machias	0.648403	303	2659.000000	0		false	false	
29	MW248466_1__215089-216594+__QQM14740_1	MarsHill	OR770614_1__150938-152491-__WPH64254_1	PB50	0.655496	301	2682.000000	0		false	false	
29	MW349129_1__214290-215795+__QQO92858_1	Madawaska	OR455461_1__177982-179535-__WNX97802_1	AH12	0.649258	349	2683.000000	0		false	false	
29	MW349129_1__214290-215795+__QQO92858_1	Madawaska	MW349128_1__219310-220863+__QQO92593_1	Machias	0.650774	336	2716.000000	1	1:1	true	false	0.472973
29	MW349129_1__214290-215795+__QQO92858_1	Madawaska	OR770614_1__150938-152491-__WPH64254_1	PB50	0.652778	356	2729.000000	1	1:1	true	false	0.506579
29	OR836606_1__73311-74813-__WRM43423_1	LY01	OR455461_1__177982-179535-__WNX97802_1	AH12	0.645660	349	2665.000000	0		false	false	
29	OR836606_1__73311-74813-__WRM43423_1	LY01	MW349128_1__219310-220863+__QQO92593_1	Machias	0.645718	366	2646.000000	0		false	false	
29	OR836606_1__73311-74813-__WRM43423_1	LY01	OR770614_1__150938-152491-__WPH64254_1	PB50	0.644376	364	2660.000000	0		false	false	
29	LC680885_1__167556-169058+__BDE75684_1	S6	OR455461_1__177982-179535-__WNX97802_1	AH12	0.650911	357	2716.000000	1	1:1	true	false	0.512658
29	LC680885_1__167556-169058+__BDE75684_1	S6	MW349128_1__219310-220863+__QQO92593_1	Machias	0.647713	354	2668.000000	0		false	false	
29	LC680885_1__167556-169058+__BDE75684_1	S6	OR770614_1__150938-152491-__WPH64254_1	PB50	0.651932	352	2684.000000	0		false	false	
29	MN091626_1__24879-26381+__QDJ97640_1	PALS_2	OR455461_1__177982-179535-__WNX97802_1	AH12	0.654287	345	2735.000000	0		false	false	
29	MN091626_1__24879-26381+__QDJ97640_1	PALS_2	MW349128_1__219310-220863+__QQO92593_1	Machias	0.650401	358	2688.000000	1	1:1	true	false	0.513158
29	MN091626_1__24879-26381+__QDJ97640_1	PALS_2	OR770614_1__150938-152491-__WPH64254_1	PB50	0.655631	346	2721.000000	0		false	false	
29	MZ779063_1__125252-126754+__UAJ17040_1	UFV_DC4	OR455461_1__177982-179535-__WNX97802_1	AH12	0.651156	371	2718.000000	0		false	false	
29	MZ779063_1__125252-126754+__UAJ17040_1	UFV_DC4	MW349128_1__219310-220863+__QQO92593_1	Machias	0.642196	364	2652.000000	0		false	false	
29	MZ779063_1__125252-126754+__UAJ17040_1	UFV_DC4	OR770614_1__150938-152491-__WPH64254_1	PB50	0.648890	368	2699.000000	1	1:1	true	false	0.503401
30	MW218148_1__10647-12152+__QPI16926_1	SA1	OR455461_1__177982-179535-__WNX97802_1	AH12	0.637432	261	2531.000000	0		false	false	
30	MW218148_1__10647-12152+__QPI16926_1	SA1	MW349128_1__219310-220863+__QQO92593_1	Machias	0.636219	272	2509.000000	0		false	false	
30	MW218148_1__10647-12152+__QPI16926_1	SA1	OR770614_1__150938-152491-__WPH64254_1	PB50	0.637622	324	2530.000000	1	4:3	false	false	0.529412
30	MW248466_1__215089-216594+__QQM14740_1	MarsHill	OR455461_1__177982-179535-__WNX97802_1	AH12	0.650233	366	2674.000000	0		false	false	
30	MW248466_1__215089-216594+__QQM14740_1	MarsHill	MW349128_1__219310-220863+__QQO92593_1	Machias	0.651379	369	2687.000000	1	4:3	false	false	0.492308
30	MW248466_1__215089-216594+__QQM14740_1	MarsHill	OR770614_1__150938-152491-__WPH64254_1	PB50	0.655344	333	2692.000000	2	3:2;4:3	false	false	0.498602
30	MW349129_1__214290-215795+__QQO92858_1	Madawaska	OR455461_1__177982-179535-__WNX97802_1	AH12	0.652576	359	2700.000000	0		false	false	
30	MW349129_1__214290-215795+__QQO92858_1	Madawaska	MW349128_1__219310-220863+__QQO92593_1	Machias	0.647149	400	2675.000000	0		false	false	
30	MW349129_1__214290-215795+__QQO92858_1	Madawaska	OR770614_1__150938-152491-__WPH64254_1	PB50	0.649876	348	2693.000000	0		false	false	
30	OR836606_1__73311-74813-__WRM43423_1	LY01	OR455461_1__177982-179535-__WNX97802_1	AH12	0.643100	353	2662.000000	0		false	false	
30	OR836606_1__73311-74813-__WRM43423_1	LY01	MW349128_1__219310-220863+__QQO92593_1	Machias	0.649723	366	2681.000000	1	1:1	true	false	0.516129
30	OR836606_1__73311-74813-__WRM43423_1	LY01	OR770614_1__150938-152491-__WPH64254_1	PB50	0.642945	394	2680.000000	1	4:3	false	false	0.500000
30	LC680885_1__167556-169058+__BDE75684_1	S6	OR455461_1__177982-179535-__WNX97802_1	AH12	0.652375	367	2703.000000	1	1:1	true	false	0.551282
30	LC680885_1__167556-169058+__BDE75684_1	S6	MW349128_1__219310-220863+__QQO92593_1	Machias	0.645508	404	2654.000000	0		false	false	
30	LC680885_1__167556-169058+__BDE75684_1	S6	OR770614_1__150938-152491-__WPH64254_1	PB50	0.646589	390	2666.000000	0		false	false	
30	MN091626_1__24879-26381+__QDJ97640_1	PALS_2	OR455461_1__177982-179535-__WNX97802_1	AH12	0.652094	379	2738.000000	0		false	false	
30	MN091626_1__24879-26381+__QDJ97640_1	PALS_2	MW349128_1__219310-220863+__QQO92593_1	Machias	0.647601	386	2686.000000	1	2:2	false	true	0.493333
30	MN091626_1__24879-26381+__QDJ97640_1	PALS_2	OR770614_1__150938-152491-__WPH64254_1	PB50	0.654630	362	2719.000000	0		false	false	
30	MZ779063_1__125252-126754+__UAJ17040_1	UFV_DC4	OR455461_1__177982-179535-__WNX97802_1	AH12	0.650769	381	2699.000000	0		false	false	
30	MZ779063_1__125252-126754+__UAJ17040_1	UFV_DC4	MW349128_1__219310-220863+__QQO92593_1	Machias	0.641388	394	2646.000000	0		false	false	
30	MZ779063_1__125252-126754+__UAJ17040_1	UFV_DC4	OR770614_1__150938-152491-__WPH64254_1	PB50	0.647657	368	2679.000000	0		false	false	
31	MW218148_1__10647-12152+__QPI16926_1	SA1	OR455461_1__177982-179535-__WNX97802_1	AH12	0.638197	313	2530.000000	0		false	false	
31	MW218148_1__10647-12152+__QPI16926_1	SA1	MW349128_1__219310-220863+__QQO92593_1	Machias	0.636220	294	2503.000000	0		false	false	
31	MW218148_1__10647-12152+__QPI16926_1	SA1	OR770614_1__150938-152491-__WPH64254_1	PB50	0.634615	310	2519.000000	0		false	false	
31	MW248466_1__215089-216594+__QQM14740_1	MarsHill	OR455461_1__177982-179535-__WNX97802_1	AH12	0.646695	392	2664.000000	0		false	false	
31	MW248466_1__215089-216594+__QQM14740_1	MarsHill	MW349128_1__219310-220863+__QQO92593_1	Machias	0.647717	353	2672.000000	0		false	false	
31	MW248466_1__215089-216594+__QQM14740_1	MarsHill	OR770614_1__150938-152491-__WPH64254_1	PB50	0.650248	371	2681.000000	1	3:2	false	false	0.522581
31	MW349129_1__214290-215795+__QQO92858_1	Madawaska	OR455461_1__177982-179535-__WNX97802_1	AH12	0.650926	357	2695.000000	0		false	false	
31	MW349129_1__214290-215795+__QQO92858_1	Madawaska	MW349128_1__219310-220863+__QQO92593_1	Machias	0.651866	362	2691.000000	1	1:1	true	false	0.493671
31	MW349129_1__214290-215795+__QQO92858_1	Madawaska	OR770614_1__150938-152491-__WPH64254_1	PB50	0.642879	378	2695.000000	1	1:1	true	false	0.516779
31	OR836606_1__73311-74813-__WRM43423_1	LY01	OR455461_1__177982-179535-__WNX97802_1	AH12	0.646695	351	2652.000000	0		false	false	
31	OR836606_1__73311-74813-__WRM43423_1	LY01	MW349128_1__219310-220863+__QQO92593_1	Machias	0.644213	406	2662.000000	1	4:3	false	false	0.462121
31	OR836606_1__73311-74813-__WRM43423_1	LY01	OR770614_1__150938-152491-__WPH64254_1	PB50	0.642748	396	2675.000000	1	4:3	false	false	0.496183
31	LC680885_1__167556-169058+__BDE75684_1	S6	OR455461_1__177982-179535-__WNX97802_1	AH12	0.652388	373	2686.000000	1	4:3	false	false	0.473684
31	LC680885_1__167556-169058+__BDE75684_1	S6	MW349128_1__219310-220863+__QQO92593_1	Machias	0.643318	392	2655.000000	1	4:3	false	false	0.488722
31	LC680885_1__167556-169058+__BDE75684_1	S6	OR770614_1__150938-152491-__WPH64254_1	PB50	0.648131	356	2665.000000	0		false	false	
31	MN091626_1__24879-26381+__QDJ97640_1	PALS_2	OR455461_1__177982-179535-__WNX97802_1	AH12	0.656047	349	2734.000000	0		false	false	
31	MN091626_1__24879-26381+__QDJ97640_1	PALS_2	MW349128_1__219310-220863+__QQO92593_1	Machias	0.644992	372	2694.000000	0		false	false	
31	MN091626_1__24879-26381+__QDJ97640_1	PALS_2	OR770614_1__150938-152491-__WPH64254_1	PB50	0.647731	360	2711.000000	2	1:1;3:3	true	false	0.506643
31	MZ779063_1__125252-126754+__UAJ17040_1	UFV_DC4	OR455461_1__177982-179535-__WNX97802_1	AH12	0.649507	369	2693.000000	0		false	false	
31	MZ779063_1__125252-126754+__UAJ17040_1	UFV_DC4	MW349128_1__219310-220863+__QQO92593_1	Machias	0.644089	376	2656.000000	0		false	false	
31	MZ779063_1__125252-126754+__UAJ17040_1	UFV_DC4	OR770614_1__150938-152491-__WPH64254_1	PB50	0.646277	354	2675.000000	0		false	false	
32	MW218148_1__10647-12152+__QPI16926_1	SA1	OR455461_1__177982-179535-__WNX97802_1	AH12	0.636134	299	2528.000000	1	4:3	false	false	0.484615
32	MW218148_1__10647-12152+__QPI16926_1	SA1	MW349128_1__219310-220863+__QQO92593_1	Machias	0.638994	326	2520.000000	1	4:3	false	false	0.477941
32	MW218148_1__10647-12152+__QPI16926_1	SA1	OR770614_1__150938-152491-__WPH64254_1	PB50	0.633270	314	2504.000000	0		false	false	
32	MW248466_1__215089-216594+__QQM14740_1	MarsHill	OR455461_1__177982-179535-__WNX97802_1	AH12	0.653714	298	2675.000000	1	4:3	false	false	0.515385
32	MW248466_1__215089-216594+__QQM14740_1	MarsHill	MW349128_1__219310-220863+__QQO92593_1	Machias	0.651929	293	2664.000000	0		false	false	
32	MW248466_1__215089-216594+__QQM14740_1	MarsHill	OR770614_1__150938-152491-__WPH64254_1	PB50	0.657188	315	2681.000000	1	4:3	false	false	0.488722
32	MW349129_1__214290-215795+__QQO92858_1	Madawaska	OR455461_1__177982-179535-__WNX97802_1	AH12	0.650046	375	2707.000000	1	1:1	true	false	0.465839
32	MW349129_1__214290-215795+__QQO92858_1	Madawaska	MW349128_1__219310-220863+__QQO92593_1	Machias	0.647840	356	2693.000000	0		false	false	
32	MW349129_1__214290-215795+__QQO92858_1	Madawaska	OR770614_1__150938-152491-__WPH64254_1	PB50	0.651731	348	2707.000000	1	1:1	true	false	0.500000
32	OR836606_1__73311-74813-__WRM43423_1	LY01	OR455461_1__177982-179535-__WNX97802_1	AH12	0.642176	381	2646.000000	1	4:3	false	false	0.484615
32	OR836606_1__73311-74813-__WRM43423_1	LY01	MW349128_1__219310-220863+__QQO92593_1	Machias	0.640601	396	2646.000000	0		false	false	
32	OR836606_1__73311-74813-__WRM43423_1	LY01	OR770614_1__150938-152491-__WPH64254_1	PB50	0.642484	380	2665.000000	1	2:2	false	true	0.520000
32	LC680885_1__167556-169058+__BDE75684_1	S6	OR455461_1__177982-179535-__WNX97802_1	AH12	0.654810	349	2686.000000	1	4:3	false	false	0.481752
32	LC680885_1__167556-169058+__BDE75684_1	S6	MW349128_1__219310-220863+__QQO92593_1	Machias	0.643607	358	2658.000000	0		false	false	
32	LC680885_1__167556-169058+__BDE75684_1	S6	OR770614_1__150938-152491-__WPH64254_1	PB50	0.647713	354	2664.000000	1	1:1	true	false	0.539474
32	MN091626_1__24879-26381+__QDJ97640_1	PALS_2	OR455461_1__177982-179535-__WNX97802_1	AH12	0.655012	347	2731.000000	0		false	false	
32	MN091626_1__24879-26381+__QDJ97640_1	PALS_2	MW349128_1__219310-220863+__QQO92593_1	Machias	0.647931	358	2684.000000	0		false	false	
32	MN091626_1__24879-26381+__QDJ97640_1	PALS_2	OR770614_1__150938-152491-__WPH64254_1	PB50	0.652550	352	2714.000000	1	1:1	true	false	0.526316
32	MZ779063_1__125252-126754+__UAJ17040_1	UFV_DC4	OR455461_1__177982-179535-__WNX97802_1	AH12	0.650818	359	2713.000000	0		false	false	
32	MZ779063_1__125252-126754+__UAJ17040_1	UFV_DC4	MW349128_1__219310-220863+__QQO92593_1	Machias	0.644115	354	2662.000000	0		false	false	
32	MZ779063_1__125252-126754+__UAJ17040_1	UFV_DC4	OR770614_1__150938-152491-__WPH64254_1	PB50	0.650015	366	2681.000000	0		false	false	
33	MW218148_1__10647-12152+__QPI16926_1	SA1	OR455461_1__177982-179535-__WNX97802_1	AH12	0.638793	329	2527.000000	0		false	false	
33	MW218148_1__10647-12152+__QPI16926_1	SA1	MW349128_1__219310-220863+__QQO92593_1	Machias	0.632987	320	2484.000000	0		false	false	
33	MW218148_1__10647-12152+__QPI16926_1	SA1	OR770614_1__150938-152491-__WPH64254_1	PB50	0.633892	292	2488.000000	0		false	false	
33	MW248466_1__215089-216594+__QQM14740_1	MarsHill	OR455461_1__177982-179535-__WNX97802_1	AH12	0.653558	324	2670.000000	2	3:2;4:3	false	false	0.489510
33	MW248466_1__215089-216594+__QQM14740_1	MarsHill	MW349128_1__219310-220863+__QQO92593_1	Machias	0.651345	311	2679.000000	0		false	false	
33	MW248466_1__215089-216594+__QQM14740_1	MarsHill	OR770614_1__150938-152491-__WPH64254_1	PB50	0.655860	331	2684.000000	2	3:2;4:3	false	false	0.491263
33	MW349129_1__214290-215795+__QQO92858_1	Madawaska	OR455461_1__177982-179535-__WNX97802_1	AH12	0.649383	357	2696.000000	0		false	false	
33	MW349129_1__214290-215795+__QQO92858_1	Madawaska	MW349128_1__219310-220863+__QQO92593_1	Machias	0.651422	348	2700.000000	0		false	false	
33	MW349129_1__214290-215795+__QQO92858_1	Madawaska	OR770614_1__150938-152491-__WPH64254_1	PB50	0.650710	352	2707.000000	0		false	false	
33	OR836606_1__73311-74813-__WRM43423_1	LY01	OR455461_1__177982-179535-__WNX97802_1	AH12	0.645706	395	2655.000000	1	4:3	false	false	0.440299
33	OR836606_1__73311-74813-__WRM43423_1	LY01	MW349128_1__219310-220863+__QQO92593_1	Machias	0.643974	396	2663.000000	1	1:1	true	false	0.493750
33	OR836606_1__73311-74813-__WRM43423_1	LY01	OR770614_1__150938-152491-__WPH64254_1	PB50	0.647258	366	2685.000000	1	1:1	true	false	0.532895
33	LC680885_1__167556-169058+__BDE75684_1	S6	OR455461_1__177982-179535-__WNX97802_1	AH12	0.652362	361	2704.000000	1	1:1	true	false	0.506494
33	LC680885_1__167556-169058+__BDE75684_1	S6	MW349128_1__219310-220863+__QQO92593_1	Machias	0.648732	350	2688.000000	0		false	false	
33	LC680885_1__167556-169058+__BDE75684_1	S6	OR770614_1__150938-152491-__WPH64254_1	PB50	0.646877	350	2674.000000	0		false	false	
33	MN091626_1__24879-26381+__QDJ97640_1	PALS_2	OR455461_1__177982-179535-__WNX97802_1	AH12	0.657602	355	2756.000000	0		false	false	
33	MN091626_1__24879-26381+__QDJ97640_1	PALS_2	MW349128_1__219310-220863+__QQO92593_1	Machias	0.653181	358	2707.000000	0		false	false	
33	MN091626_1__24879-26381+__QDJ97640_1	PALS_2	OR770614_1__150938-152491-__WPH64254_1	PB50	0.651932	352	2712.000000	0		false	false	
33	MZ779063_1__125252-126754+__UAJ17040_1	UFV_DC4	OR455461_1__177982-179535-__WNX97802_1	AH12	0.650354	379	2718.000000	0		false	false	
33	MZ779063_1__125252-126754+__UAJ17040_1	UFV_DC4	MW349128_1__219310-220863+__QQO92593_1	Machias	0.645131	350	2658.000000	0		false	false	
33	MZ779063_1__125252-126754+__UAJ17040_1	UFV_DC4	OR770614_1__150938-152491-__WPH64254_1	PB50	0.639778	376	2674.000000	0		false	false	
34	MW218148_1__10647-12152+__QPI16926_1	SA1	OR455461_1__177982-179535-__WNX97802_1	AH12	0.638352	277	2523.000000	0		false	false	
34	MW218148_1__10647-12152+__QPI16926_1	SA1	MW349128_1__219310-220863+__QQO92593_1	Machias	0.633638	304	2491.000000	0		false	false	
34	MW218148_1__10647-12152+__QPI16926_1	SA1	OR770614_1__150938-152491-__WPH64254_1	PB50	0.636277	284	2499.000000	1	3:2	false	false	0.522581
34	MW248466_1__215089-216594+__QQM14740_1	MarsHill	OR455461_1__177982-179535-__WNX97802_1	AH12	0.652160	304	2671.000000	0		false	false	
34	MW248466_1__215089-216594+__QQM14740_1	MarsHill	MW349128_1__219310-220863+__QQO92593_1	Machias	0.649813	323	2666.000000	1	3:2	false	false	0.512987
34	MW248466_1__215089-216594+__QQM14740_1	MarsHill	OR770614_1__150938-152491-__WPH64254_1	PB50	0.647132	365	2660.000000	0		false	false	
34	MW349129_1__214290-215795+__QQO92858_1	Madawaska	OR455461_1__177982-179535-__WNX97802_1	AH12	0.651263	369	2700.000000	1	1:1	true	false	0.526316
34	MW349129_1__214290-215795+__QQO92858_1	Madawaska	MW349128_1__219310-220863+__QQO92593_1	Machias	0.650955	368	2713.000000	0		false	false	
34	MW349129_1__214290-215795+__QQO92858_1	Madawaska	OR770614_1__150938-152491-__WPH64254_1	PB50	0.646623	362	2696.000000	0		false	false	
34	OR836606_1__73311-74813-__WRM43423_1	LY01	OR455461_1__177982-179535-__WNX97802_1	AH12	0.639204	405	2640.000000	0		false	false	
34	OR836606_1__73311-74813-__WRM43423_1	LY01	MW349128_1__219310-220863+__QQO92593_1	Machias	0.644595	368	2656.000000	0		false	false	
34	OR836606_1__73311-74813-__WRM43423_1	LY01	OR770614_1__150938-152491-__WPH64254_1	PB50	0.642967	400	2663.000000	1	4:3	false	false	0.492537
34	LC680885_1__167556-169058+__BDE75684_1	S6	OR455461_1__177982-179535-__WNX97802_1	AH12	0.648716	345	2685.000000	0		false	false	
34	LC680885_1__167556-169058+__BDE75684_1	S6	MW349128_1__219310-220863+__QQO92593_1	Machias	0.639827	340	2637.000000	0		false	false	
34	LC680885_1__167556-169058+__BDE75684_1	S6	OR770614_1__150938-152491-__WPH64254_1	PB50	0.644636	388	2670.000000	2	1:1;3:3	true	false	0.513040
34	MN091626_1__24879-26381+__QDJ97640_1	PALS_2	OR455461_1__177982-179535-__WNX97802_1	AH12	0.652936	389	2727.000000	1	4:3	false	false	0.454545
34	MN091626_1__24879-26381+__QDJ97640_1	PALS_2	MW349128_1__219310-220863+__QQO92593_1	Machias	0.649025	344	2708.000000	0		false	false	
34	MN091626_1__24879-26381+__QDJ97640_1	PALS_2	OR770614_1__150938-152491-__WPH64254_1	PB50	0.650371	346	2706.000000	1	1:1	true	false	0.493243
34	MZ779063_1__125252-126754+__UAJ17040_1	UFV_DC4	OR455461_1__177982-179535-__WNX97802_1	AH12	0.651571	373	2735.000000	1	1:1	true	false	0.568627
34	MZ779063_1__125252-126754+__UAJ17040_1	UFV_DC4	MW349128_1__219310-220863+__QQO92593_1	Machias	0.642286	388	2660.000000	1	2:2	false	true	0.506667
34	MZ779063_1__125252-126754+__UAJ17040_1	UFV_DC4	OR770614_1__150938-152491-__WPH64254_1	PB50	0.647748	364	2702.000000	1	1:1	true	false	0.503311
35	MW218148_1__10647-12152+__QPI16926_1	SA1	OR455461_1__177982-179535-__WNX97802_1	AH12	0.633670	311	2514.000000	0		false	false	
35	MW218148_1__10647-12152+__QPI16926_1	SA1	MW349128_1__219310-220863+__QQO92593_1	Machias	0.636680	280	2493.000000	0		false	false	
35	MW218148_1__10647-12152+__QPI16926_1	SA1	OR770614_1__150938-152491-__WPH64254_1	PB50	0.630236	316	2500.000000	0		false	false	
35	MW248466_1__215089-216594+__QQM14740_1	MarsHill	OR455461_1__177982-179535-__WNX97802_1	AH12	0.647132	366	2660.000000	0		false	false	
35	MW248466_1__215089-216594+__QQM14740_1	MarsHill	MW349128_1__219310-220863+__QQO92593_1	Machias	0.652579	351	2686.000000	1	4:3	false	false	0.525926
35	MW248466_1__215089-216594+__QQM14740_1	MarsHill	OR770614_1__150938-152491-__WPH64254_1	PB50	0.648372	365	2660.000000	0		false	false	
35	MW349129_1__214290-215795+__QQO92858_1	Madawaska	OR455461_1__177982-179535-__WNX97802_1	AH12	0.649005	407	2716.000000	1	1:1	true	false	0.522581
35	MW349129_1__214290-215795+__QQO92858_1	Madawaska	MW349128_1__219310-220863+__QQO92593_1	Machias	0.647023	392	2702.000000	1	2:2	false	true	0.533784
35	MW349129_1__214290-215795+__QQO92858_1	Madawaska	OR770614_1__150938-152491-__WPH64254_1	PB50	0.645827	370	2692.000000	1	2:2	false	true	0.527027
35	OR836606_1__73311-74813-__WRM43423_1	LY01	OR455461_1__177982-179535-__WNX97802_1	AH12	0.647857	361	2672.000000	1	1:1	true	false	0.506579
35	OR836606_1__73311-74813-__WRM43423_1	LY01	MW349128_1__219310-220863+__QQO92593_1	Machias	0.646296	354	2666.000000	1	1:1	true	false	0.516556
35	OR836606_1__73311-74813-__WRM43423_1	LY01	OR770614_1__150938-152491-__WPH64254_1	PB50	0.643451	364	2671.000000	1	1:1	true	false	0.490066
35	LC680885_1__167556-169058+__BDE75684_1	S6	OR455461_1__177982-179535-__WNX97802_1	AH12	0.649861	349	2702.000000	1	1:1	true	false	0.513333
35	LC680885_1__167556-169058+__BDE75684_1	S6	MW349128_1__219310-220863+__QQO92593_1	Machias	0.641492	370	2639.000000	0		false	false	
35	LC680885_1__167556-169058+__BDE75684_1	S6	OR770614_1__150938-152491-__WPH64254_1	PB50	0.650990	346	2668.000000	0		false	false	
35	MN091626_1__24879-26381+__QDJ97640_1	PALS_2	OR455461_1__177982-179535-__WNX97802_1	AH12	0.657505	359	2753.000000	1	1:1	true	false	0.525641
35	MN091626_1__24879-26381+__QDJ97640_1	PALS_2	MW349128_1__219310-220863+__QQO92593_1	Machias	0.651235	362	2686.000000	0		false	false	
35	MN091626_1__24879-26381+__QDJ97640_1	PALS_2	OR770614_1__150938-152491-__WPH64254_1	PB50	0.652053	360	2697.000000	0		false	false	
35	MZ779063_1__125252-126754+__UAJ17040_1	UFV_DC4	OR455461_1__177982-179535-__WNX97802_1	AH12	0.648649	393	2724.000000	1	2:2	false	true	0.516779
35	MZ779063_1__125252-126754+__UAJ17040_1	UFV_DC4	MW349128_1__219310-220863+__QQO92593_1	Machias	0.645968	354	2652.000000	0		false	false	
35	MZ779063_1__125252-126754+__UAJ17040_1	UFV_DC4	OR770614_1__150938-152491-__WPH64254_1	PB50	0.647713	352	2684.000000	0		false	false	
36	MW218148_1__10647-12152+__QPI16926_1	SA1	OR455461_1__177982-179535-__WNX97802_1	AH12	0.638231	297	2539.000000	0		false	false	
36	MW218148_1__10647-12152+__QPI16926_1	SA1	MW349128_1__219310-220863+__QQO92593_1	Machias	0.636537	272	2492.000000	0		false	false	
36	MW218148_1__10647-12152+__QPI16926_1	SA1	OR770614_1__150938-152491-__WPH64254_1	PB50	0.636106	314	2511.000000	1	4:3	false	false	0.503759
36	MW248466_1__215089-216594+__QQM14740_1	MarsHill	OR455461_1__177982-179535-__WNX97802_1	AH12	0.652582	306	2668.000000	0		false	false	
36	MW248466_1__215089-216594+__QQM14740_1	MarsHill	MW349128_1__219310-220863+__QQO92593_1	Machias	0.652579	351	2674.000000	1	4:3	false	false	0.518797
36	MW248466_1__215089-216594+__QQM14740_1	MarsHill	OR770614_1__150938-152491-__WPH64254_1	PB50	0.652405	319	2673.000000	0		false	false	
36	MW349129_1__214290-215795+__QQO92858_1	Madawaska	OR455461_1__177982-179535-__WNX97802_1	AH12	0.649112	409	2710.000000	1	1:1	true	false	0.484076
36	MW349129_1__214290-215795+__QQO92858_1	Madawaska	MW349128_1__219310-220863+__QQO92593_1	Machias	0.648291	370	2712.000000	1	1:1	true	false	0.483221
36	MW349129_1__214290-215795+__QQO92858_1	Madawaska	OR770614_1__150938-152491-__WPH64254_1	PB50	0.645022	344	2684.000000	0		false	false	
36	OR836606_1__73311-74813-__WRM43423_1	LY01	OR455461_1__177982-179535-__WNX97802_1	AH12	0.642157	403	2644.000000	1	2:2	false	true	0.513699
36	OR836606_1__73311-74813-__WRM43423_1	LY01	MW349128_1__219310-220863+__QQO92593_1	Machias	0.644575	362	2657.000000	0		false	false	
36	OR836606_1__73311-74813-__WRM43423_1	LY01	OR770614_1__150938-152491-__WPH64254_1	PB50	0.642572	376	2652.000000	0		false	false	
36	LC680885_1__167556-169058+__BDE75684_1	S6	OR455461_1__177982-179535-__WNX97802_1	AH12	0.652053	361	2701.000000	0		false	false	
36	LC680885_1__167556-169058+__BDE75684_1	S6	MW349128_1__219310-220863+__QQO92593_1	Machias	0.645062	362	2670.000000	1	1:1	true	false	0.506410
36	LC680885_1__167556-169058+__BDE75684_1	S6	OR770614_1__150938-152491-__WPH64254_1	PB50	0.646368	352	2654.000000	0		false	false	
36	MN091626_1__24879-26381+__QDJ97640_1	PALS_2	OR455461_1__177982-179535-__WNX97802_1	AH12	0.656966	343	2744.000000	0		false	false	
36	MN091626_1__24879-26381+__QDJ97640_1	PALS_2	MW349128_1__219310-220863+__QQO92593_1	Machias	0.649830	336	2712.000000	0		false	false	
36	MN091626_1__24879-26381+__QDJ97640_1	PALS_2	OR770614_1__150938-152491-__WPH64254_1	PB50	0.652040	354	2694.000000	0		false	false	
36	MZ779063_1__125252-126754+__UAJ17040_1	UFV_DC4	OR455461_1__177982-179535-__WNX97802_1	AH12	0.651692	381	2696.000000	1	1:1	true	false	0.509677
36	MZ779063_1__125252-126754+__UAJ17040_1	UFV_DC4	MW349128_1__219310-220863+__QQO92593_1	Machias	0.640994	398	2652.000000	0		false	false	
36	MZ779063_1__125252-126754+__UAJ17040_1	UFV_DC4	OR770614_1__150938-152491-__WPH64254_1	PB50	0.643558	400	2662.000000	0		false	false	
37	MW218148_1__10647-12152+__QPI16926_1	SA1	OR455461_1__177982-179535-__WNX97802_1	AH12	0.635847	305	2528.000000	1	4:3	false	false	0.481481
37	MW218148_1__10647-12152+__QPI16926_1	SA1	MW349128_1__219310-220863+__QQO92593_1	Machias	0.637887	290	2481.000000	0		false	false	
37	MW218148_1__10647-12152+__QPI16926_1	SA1	OR770614_1__150938-152491-__WPH64254_1	PB50	0.630915	306	2506.000000	0		false	false	
37	MW248466_1__215089-216594+__QQM14740_1	MarsHill	OR455461_1__177982-179535-__WNX97802_1	AH12	0.648867	358	2661.000000	0		false	false	
37	MW248466_1__215089-216594+__QQM14740_1	MarsHill	MW349128_1__219310-220863+__QQO92593_1	Machias	0.650932	355	2672.000000	1	4:3	false	false	0.471014
37	MW248466_1__215089-216594+__QQM14740_1	MarsHill	OR770614_1__150938-152491-__WPH64254_1	PB50	0.653042	325	2670.000000	0		false	false	
37	MW349129_1__214290-215795+__QQO92858_1	Madawaska	OR455461_1__177982-179535-__WNX97802_1	AH12	0.650401	353	2696.000000	1	1:1	true	false	0.522876
37	MW349129_1__214290-215795+__QQO92858_1	Madawaska	MW349128_1__219310-220863+__QQO92593_1	Machias	0.648782	362	2689.000000	1	1:1	true	false	0.493590
37	MW349129_1__214290-215795+__QQO92858_1	Madawaska	OR770614_1__150938-152491-__WPH64254_1	PB50	0.650833	360	2704.000000	1	1:1	true	false	0.509434
37	OR836606_1__73311-74813-__WRM43423_1	LY01	OR455461_1__177982-179535-__WNX97802_1	AH12	0.642025	395	2655.000000	1	4:3	false	false	0.473684
37	OR836606_1__73311-74813-__WRM43423_1	LY01	MW349128_1__219310-220863+__QQO92593_1	Machias	0.642945	366	2651.000000	0		false	false	
37	OR836606_1__73311-74813-__WRM43423_1	LY01	OR770614_1__150938-152491-__WPH64254_1	PB50	0.640259	362	2651.000000	0		false	false	
37	LC680885_1__167556-169058+__BDE75684_1	S6	OR455461_1__177982-179535-__WNX97802_1	AH12	0.650891	391	2704.000000	1	4:3	false	false	0.500000
37	LC680885_1__167556-169058+__BDE75684_1	S6	MW349128_1__219310-220863+__QQO92593_1	Machias	0.645706	402	2667.000000	1	4:3	false	false	0.500000
37	LC680885_1__167556-169058+__BDE75684_1	S6	OR770614_1__150938-152491-__WPH64254_1	PB50	0.647168	344	2670.000000	0		false	false	
37	MN091626_1__24879-26381+__QDJ97640_1	PALS_2	OR455461_1__177982-179535-__WNX97802_1	AH12	0.653465	347	2732.000000	0		false	false	
37	MN091626_1__24879-26381+__QDJ97640_1	PALS_2	MW349128_1__219310-220863+__QQO92593_1	Machias	0.647909	386	2697.000000	3	1:1;2:2;3:3	true	true	0.461039
37	MN091626_1__24879-26381+__QDJ97640_1	PALS_2	OR770614_1__150938-152491-__WPH64254_1	PB50	0.648740	390	2723.000000	1	4:3	false	false	0.515152
37	MZ779063_1__125252-126754+__UAJ17040_1	UFV_DC4	OR455461_1__177982-179535-__WNX97802_1	AH12	0.650940	367	2710.000000	1	1:1	true	false	0.506579
37	MZ779063_1__125252-126754+__UAJ17040_1	UFV_DC4	MW349128_1__219310-220863+__QQO92593_1	Machias	0.646059	350	2651.000000	0		false	false	
37	MZ779063_1__125252-126754+__UAJ17040_1	UFV_DC4	OR770614_1__150938-152491-__WPH64254_1	PB50	0.645191	368	2671.000000	1	2:2	false	true	0.500000
38	MW218148_1__10647-12152+__QPI16926_1	SA1	OR455461_1__177982-179535-__WNX97802_1	AH12	0.639520	303	2510.000000	0		false	false	
38	MW218148_1__10647-12152+__QPI16926_1	SA1	MW349128_1__219310-220863+__QQO92593_1	Machias	0.637338	308	2508.000000	1	4:3	false	false	0.488889
38	MW218148_1__10647-12152+__QPI16926_1	SA1	OR770614_1__150938-152491-__WPH64254_1	PB50	0.631894	312	2494.000000	0		false	false	
38	MW248466_1__215089-216594+__QQM14740_1	MarsHill	OR455461_1__177982-179535-__WNX97802_1	AH12	0.651780	320	2659.000000	0		false	false	
38	MW248466_1__215089-216594+__QQM14740_1	MarsHill	MW349128_1__219310-220863+__QQO92593_1	Machias	0.649472	351	2684.000000	1	4:3	false	false	0.458015
38	MW248466_1__215089-216594+__QQM14740_1	MarsHill	OR770614_1__150938-152491-__WPH64254_1	PB50	0.648808	373	2664.000000	0		false	false	
38	MW349129_1__214290-215795+__QQO92858_1	Madawaska	OR455461_1__177982-179535-__WNX97802_1	AH12	0.648365	361	2684.000000	0		false	false	
38	MW349129_1__214290-215795+__QQO92858_1	Madawaska	MW349128_1__219310-220863+__QQO92593_1	Machias	0.642967	374	2674.000000	1	2:2	false	true	0.500000
38	MW349129_1__214290-215795+__QQO92858_1	Madawaska	OR770614_1__150938-152491-__WPH64254_1	PB50	0.647511	384	2711.000000	1	2:2	false	true	0.548387
38	OR836606_1__73311-74813-__WRM43423_1	LY01	OR455461_1__177982-179535-__WNX97802_1	AH12	0.644676	393	2648.000000	1	4:3	false	false	0.500000
38	OR836606_1__73311-74813-__WRM43423_1	LY01	MW349128_1__219310-220863+__QQO92593_1	Machias	0.644506	372	2661.000000	1	1:1	true	false	0.526316
38	OR836606_1__73311-74813-__WRM43423_1	LY01	OR770614_1__150938-152491-__WPH64254_1	PB50	0.644499	400	2650.000000	0		false	false	
38	LC680885_1__167556-169058+__BDE75684_1	S6	OR455461_1__177982-179535-__WNX97802_1	AH12	0.648160	403	2679.000000	0		false	false	
38	LC680885_1__167556-169058+__BDE75684_1	S6	MW349128_1__219310-220863+__QQO92593_1	Machias	0.645988	362	2667.000000	0		false	false	
38	LC680885_1__167556-169058+__BDE75684_1	S6	OR770614_1__150938-152491-__WPH64254_1	PB50	0.646896	390	2665.000000	1	1:1	true	false	0.503185
38	MN091626_1__24879-26381+__QDJ97640_1	PALS_2	OR455461_1__177982-179535-__WNX97802_1	AH12	0.655844	351	2757.000000	0		false	false	
38	MN091626_1__24879-26381+__QDJ97640_1	PALS_2	MW349128_1__219310-220863+__QQO92593_1	Machias	0.651595	340	2727.000000	0		false	false	
38	MN091626_1__24879-26381+__QDJ97640_1	PALS_2	OR770614_1__150938-152491-__WPH64254_1	PB50	0.649938	338	2714.000000	0		false	false	
38	MZ779063_1__125252-126754+__UAJ17040_1	UFV_DC4	OR455461_1__177982-179535-__WNX97802_1	AH12	0.650935	407	2693.000000	1	4:3	false	false	0.480916
38	MZ779063_1__125252-126754+__UAJ17040_1	UFV_DC4	MW349128_1__219310-220863+__QQO92593_1	Machias	0.641585	392	2643.000000	0		false	false	
38	MZ779063_1__125252-126754+__UAJ17040_1	UFV_DC4	OR770614_1__150938-152491-__WPH64254_1	PB50	0.644021	386	2680.000000	1	1:1	true	false	0.482993
39	MW218148_1__10647-12152+__QPI16926_1	SA1	OR455461_1__177982-179535-__WNX97802_1	AH12	0.639568	265	2533.000000	0		false	false	
39	MW218148_1__10647-12152+__QPI16926_1	SA1	MW349128_1__219310-220863+__QQO92593_1	Machias	0.639256	314	2521.000000	1	4:3	false	false	0.496296
39	MW218148_1__10647-12152+__QPI16926_1	SA1	OR770614_1__150938-152491-__WPH64254_1	PB50	0.637255	290	2523.000000	0		false	false	
39	MW248466_1__215089-216594+__QQM14740_1	MarsHill	OR455461_1__177982-179535-__WNX97802_1	AH12	0.651373	324	2653.000000	0		false	false	
39	MW248466_1__215089-216594+__QQM14740_1	MarsHill	MW349128_1__219310-220863+__QQO92593_1	Machias	0.646565	349	2671.000000	1	4:3	false	false	0.500000
39	MW248466_1__215089-216594+__QQM14740_1	MarsHill	OR770614_1__150938-152491-__WPH64254_1	PB50	0.651794	325	2666.000000	0		false	false	
39	MW349129_1__214290-215795+__QQO92858_1	Madawaska	OR455461_1__177982-179535-__WNX97802_1	AH12	0.651744	355	2722.000000	1	1:1	true	false	0.560811
39	MW349129_1__214290-215795+__QQO92858_1	Madawaska	MW349128_1__219310-220863+__QQO92593_1	Machias	0.640234	358	2672.000000	1	3:3	false	false	0.480000
39	MW349129_1__214290-215795+__QQO92858_1	Madawaska	OR770614_1__150938-152491-__WPH64254_1	PB50	0.647495	344	2688.000000	0		false	false	
39	OR836606_1__73311-74813-__WRM43423_1	LY01	OR455461_1__177982-179535-__WNX97802_1	AH12	0.645062	355	2650.000000	0		false	false	
39	OR836606_1__73311-74813-__WRM43423_1	LY01	MW349128_1__219310-220863+__QQO92593_1	Machias	0.642901	382	2654.000000	0		false	false	
39	OR836606_1__73311-74813-__WRM43423_1	LY01	OR770614_1__150938-152491-__WPH64254_1	PB50	0.641626	370	2644.000000	0		false	false	
39	LC680885_1__167556-169058+__BDE75684_1	S6	OR455461_1__177982-179535-__WNX97802_1	AH12	0.650617	363	2700.000000	0		false	false	
39	LC680885_1__167556-169058+__BDE75684_1	S6	MW349128_1__219310-220863+__QQO92593_1	Machias	0.642174	360	2645.000000	0		false	false	
39	LC680885_1__167556-169058+__BDE75684_1	S6	OR770614_1__150938-152491-__WPH64254_1	PB50	0.646040	346	2660.000000	0		false	false	
39	MN091626_1__24879-26381+__QDJ97640_1	PALS_2	OR455461_1__177982-179535-__WNX97802_1	AH12	0.656887	359	2743.000000	1	1:1	true	false	0.490446
39	MN091626_1__24879-26381+__QDJ97640_1	PALS_2	MW349128_1__219310-220863+__QQO92593_1	Machias	0.647240	368	2694.000000	1	3:3	false	false	0.506579
39	MN091626_1__24879-26381+__QDJ97640_1	PALS_2	OR770614_1__150938-152491-__WPH64254_1	PB50	0.653989	350	2711.000000	0		false	false	
39	MZ779063_1__125252-126754+__UAJ17040_1	UFV_DC4	OR455461_1__177982-179535-__WNX97802_1	AH12	0.649831	375	2703.000000	0		false	false	
39	MZ779063_1__125252-126754+__UAJ17040_1	UFV_DC4	MW349128_1__219310-220863+__QQO92593_1	Machias	0.640148	366	2649.000000	1	3:3	false	false	0.526667
39	MZ779063_1__125252-126754+__UAJ17040_1	UFV_DC4	OR770614_1__150938-152491-__WPH64254_1	PB50	0.647566	372	2672.000000	0		false	false	
40	MW218148_1__10647-12152+__QPI16926_1	SA1	OR455461_1__177982-179535-__WNX97802_1	AH12	0.636108	359	2519.000000	0		false	false	
40	MW218148_1__10647-12152+__QPI16926_1	SA1	MW349128_1__219310-220863+__QQO92593_1	Machias	0.634354	300	2476.000000	0		false	false	
40	MW218148_1__10647-12152+__QPI16926_1	SA1	OR770614_1__150938-152491-__WPH64254_1	PB50	0.631215	322	2492.000000	1	4:3	false	false	0.474074
40	MW248466_1__215089-216594+__QQM14740_1	MarsHill	OR455461_1__177982-179535-__WNX97802_1	AH12	0.648691	332	2667.000000	0		false	false	
40	MW248466_1__215089-216594+__QQM14740_1	MarsHill	MW349128_1__219310-220863+__QQO92593_1	Machias	0.651148	359	2664.000000	0		false	false	
40	MW248466_1__215089-216594+__QQM14740_1	MarsHill	OR770614_1__150938-152491-__WPH64254_1	PB50	0.650558	371	2668.000000	1	4:3	false	false	0.481203
40	MW349129_1__214290-215795+__QQO92858_1	Madawaska	OR455461_1__177982-179535-__WNX97802_1	AH12	0.644814	375	2672.000000	1	1:1	true	false	0.439189
40	MW349129_1__214290-215795+__QQO92858_1	Madawaska	MW349128_1__219310-220863+__QQO92593_1	Machias	0.648314	342	2695.000000	0		false	false	
40	MW349129_1__214290-215795+__QQO92858_1	Madawaska	OR770614_1__150938-152491-__WPH64254_1	PB50	0.647422	354	2700.000000	0		false	false	
40	OR836606_1__73311-74813-__WRM43423_1	LY01	OR455461_1__177982-179535-__WNX97802_1	AH12	0.641498	391	2636.000000	1	4:3	false	false	0.477612
40	OR836606_1__73311-74813-__WRM43423_1	LY01	MW349128_1__219310-220863+__QQO92593_1	Machias	0.643777	398	2670.000000	1	4:3	false	false	0.514706
40	OR836606_1__73311-74813-__WRM43423_1	LY01	OR770614_1__150938-152491-__WPH64254_1	PB50	0.642241	370	2662.000000	0		false	false	
40	LC680885_1__167556-169058+__BDE75684_1	S6	OR455461_1__177982-179535-__WNX97802_1	AH12	0.650293	357	2698.000000	0		false	false	
40	LC680885_1__167556-169058+__BDE75684_1	S6	MW349128_1__219310-220863+__QQO92593_1	Machias	0.643519	362	2651.000000	0		false	false	
40	LC680885_1__167556-169058+__BDE75684_1	S6	OR770614_1__150938-152491-__WPH64254_1	PB50	0.648490	374	2677.000000	1	1:1	true	false	0.487342
40	MN091626_1__24879-26381+__QDJ97640_1	PALS_2	OR455461_1__177982-179535-__WNX97802_1	AH12	0.654523	361	2733.000000	1	1:1	true	false	0.455696
40	MN091626_1__24879-26381+__QDJ97640_1	PALS_2	MW349128_1__219310-220863+__QQO92593_1	Machias	0.649446	386	2688.000000	0		false	false	
40	MN091626_1__24879-26381+__QDJ97640_1	PALS_2	OR770614_1__150938-152491-__WPH64254_1	PB50	0.654630	362	2727.000000	1	1:1	true	false	0.493333
40	MZ779063_1__125252-126754+__UAJ17040_1	UFV_DC4	OR455461_1__177982-179535-__WNX97802_1	AH12	0.651717	347	2696.000000	0		false	false	
40	MZ779063_1__125252-126754+__UAJ17040_1	UFV_DC4	MW349128_1__219310-220863+__QQO92593_1	Machias	0.644782	338	2657.000000	0		false	false	
40	MZ779063_1__125252-126754+__UAJ17040_1	UFV_DC4	OR770614_1__150938-152491-__WPH64254_1	PB50	0.648474	366	2686.000000	1	1:1	true	false	0.503226
41	MW218148_1__10647-12152+__QPI16926_1	SA1	OR455461_1__177982-179535-__WNX97802_1	AH12	0.638573	303	2521.000000	0		false	false	
41	MW218148_1__10647-12152+__QPI16926_1	SA1	MW349128_1__219310-220863+__QQO92593_1	Machias	0.637307	324	2507.000000	1	4:3	false	false	0.451852
41	MW218148_1__10647-12152+__QPI16926_1	SA1	OR770614_1__150938-152491-__WPH64254_1	PB50	0.633333	326	2498.000000	1	4:3	false	false	0.488722
41	MW248466_1__215089-216594+__QQM14740_1	MarsHill	OR455461_1__177982-179535-__WNX97802_1	AH12	0.649046	310	2660.000000	0		false	false	
41	MW248466_1__215089-216594+__QQM14740_1	MarsHill	MW349128_1__219310-220863+__QQO92593_1	Machias	0.645051	361	2666.000000	0		false	false	
41	MW248466_1__215089-216594+__QQM14740_1	MarsHill	OR770614_1__150938-152491-__WPH64254_1	PB50	0.650419	357	2672.000000	1	4:3	false	false	0.507576
41	MW349129_1__214290-215795+__QQO92858_1	Madawaska	OR455461_1__177982-179535-__WNX97802_1	AH12	0.647473	407	2705.000000	1	4:3	false	false	0.526316
41	MW349129_1__214290-215795+__QQO92858_1	Madawaska	MW349128_1__219310-220863+__QQO92593_1	Machias	0.649274	354	2686.000000	0		false	false	
41	MW349129_1__214290-215795+__QQO92858_1	Madawaska	OR770614_1__150938-152491-__WPH64254_1	PB50	0.641538	376	2693.000000	0		false	false	
41	OR836606_1__73311-74813-__WRM43423_1	LY01	OR455461_1__177982-179535-__WNX97802_1	AH12	0.644972	359	2659.000000	0		false	false	
41	OR836606_1__73311-74813-__WRM43423_1	LY01	MW349128_1__219310-220863+__QQO92593_1	Machias	0.646135	368	2663.000000	1	1:1	true	false	0.483444
41	OR836606_1__73311-74813-__WRM43423_1	LY01	OR770614_1__150938-152491-__WPH64254_1	PB50	0.644246	356	2671.000000	0		false	false	
41	LC680885_1__167556-169058+__BDE75684_1	S6	OR455461_1__177982-179535-__WNX97802_1	AH12	0.649723	375	2697.000000	1	1:1	true	false	0.532468
41	LC680885_1__167556-169058+__BDE75684_1	S6	MW349128_1__219310-220863+__QQO92593_1	Machias	0.640582	348	2632.000000	0		false	false	
41	LC680885_1__167556-169058+__BDE75684_1	S6	OR770614_1__150938-152491-__WPH64254_1	PB50	0.646658	346	2658.000000	0		false	false	
41	MN091626_1__24879-26381+__QDJ97640_1	PALS_2	OR455461_1__177982-179535-__WNX97802_1	AH12	0.655931	341	2737.000000	0		false	false	
41	MN091626_1__24879-26381+__QDJ97640_1	PALS_2	MW349128_1__219310-220863+__QQO92593_1	Machias	0.648699	338	2690.000000	0		false	false	
41	MN091626_1__24879-26381+__QDJ97640_1	PALS_2	OR770614_1__150938-152491-__WPH64254_1	PB50	0.650990	346	2716.000000	0		false	false	
41	MZ779063_1__125252-126754+__UAJ17040_1	UFV_DC4	OR455461_1__177982-179535-__WNX97802_1	AH12	0.651959	363	2702.000000	0		false	false	
41	MZ779063_1__125252-126754+__UAJ17040_1	UFV_DC4	MW349128_1__219310-220863+__QQO92593_1	Machias	0.647295	350	2675.000000	0		false	false	
41	MZ779063_1__125252-126754+__UAJ17040_1	UFV_DC4	OR770614_1__150938-152491-__WPH64254_1	PB50	0.652803	372	2671.000000	0		false	false	
42	MW218148_1__10647-12152+__QPI16926_1	SA1	OR455461_1__177982-179535-__WNX97802_1	AH12	0.640152	303	2540.000000	0		false	false	
42	MW218148_1__10647-12152+__QPI16926_1	SA1	MW349128_1__219310-220863+__QQO92593_1	Machias	0.633816	318	2507.000000	0		false	false	
42	MW218148_1__10647-12152+__QPI16926_1	SA1	OR770614_1__150938-152491-__WPH64254_1	PB50	0.635420	324	2529.000000	0		false	false	
42	MW248466_1__215089-216594+__QQM14740_1	MarsHill	OR455461_1__177982-179535-__WNX97802_1	AH12	0.650764	330	2678.000000	0		false	false	
42	MW248466_1__215089-216594+__QQM14740_1	MarsHill	MW349128_1__219310-220863+__QQO92593_1	Machias	0.649249	307	2657.000000	0		false	false	
42	MW248466_1__215089-216594+__QQM14740_1	MarsHill	OR770614_1__150938-152491-__WPH64254_1	PB50	0.653221	311	2673.000000	0		false	false	
42	MW349129_1__214290-215795+__QQO92858_1	Madawaska	OR455461_1__177982-179535-__WNX97802_1	AH12	0.646716	393	2695.000000	1	1:1	true	false	0.503311
42	MW349129_1__214290-215795+__QQO92858_1	Madawaska	MW349128_1__219310-220863+__QQO92593_1	Machias	0.647822	350	2698.000000	1	1:1	true	false	0.477124
42	MW349129_1__214290-215795+__QQO92858_1	Madawaska	OR770614_1__150938-152491-__WPH64254_1	PB50	0.649954	338	2725.000000	0		false	false	
42	OR836606_1__73311-74813-__WRM43423_1	LY01	OR455461_1__177982-179535-__WNX97802_1	AH12	0.645647	377	2654.000000	1	1:1	true	false	0.500000
42	OR836606_1__73311-74813-__WRM43423_1	LY01	MW349128_1__219310-220863+__QQO92593_1	Machias	0.643604	378	2671.000000	0		false	false	
42	OR836606_1__73311-74813-__WRM43423_1	LY01	OR770614_1__150938-152491-__WPH64254_1	PB50	0.646443	368	2674.000000	1	1:1	true	false	0.526316
42	LC680885_1__167556-169058+__BDE75684_1	S6	OR455461_1__177982-179535-__WNX97802_1	AH12	0.648005	349	2704.000000	0		false	false	
42	LC680885_1__167556-169058+__BDE75684_1	S6	MW349128_1__219310-220863+__QQO92593_1	Machias	0.642769	354	2648.000000	0		false	false	
42	LC680885_1__167556-169058+__BDE75684_1	S6	OR770614_1__150938-152491-__WPH64254_1	PB50	0.647931	358	2680.000000	0		false	false	
42	MN091626_1__24879-26381+__QDJ97640_1	PALS_2	OR455461_1__177982-179535-__WNX97802_1	AH12	0.652961	401	2733.000000	1	4:3	false	false	0.496241
42	MN091626_1__24879-26381+__QDJ97640_1	PALS_2	MW349128_1__219310-220863+__QQO92593_1	Machias	0.651515	350	2715.000000	0		false	false	
42	MN091626_1__24879-26381+__QDJ97640_1	PALS_2	OR770614_1__150938-152491-__WPH64254_1	PB50	0.654096	352	2725.000000	1	1:1	true	false	0.479730
42	MZ779063_1__125252-126754+__UAJ17040_1	UFV_DC4	OR455461_1__177982-179535-__WNX97802_1	AH12	0.652469	361	2698.000000	0		false	false	
42	MZ779063_1__125252-126754+__UAJ17040_1	UFV_DC4	MW349128_1__219310-220863+__QQO92593_1	Machias	0.645131	350	2682.000000	1	1:1	true	false	0.509934
42	MZ779063_1__125252-126754+__UAJ17040_1	UFV_DC4	OR770614_1__150938-152491-__WPH64254_1	PB50	0.648074	370	2688.000000	1	1:1	true	false	0.503311
43	MW218148_1__10647-12152+__QPI16926_1	SA1	OR455461_1__177982-179535-__WNX97802_1	AH12	0.641527	305	2522.000000	1	4:3	false	false	0.503759
43	MW218148_1__10647-12152+__QPI16926_1	SA1	MW349128_1__219310-220863+__QQO92593_1	Machias	0.635046	312	2488.000000	1	4:3	false	false	0.484615
43	MW218148_1__10647-12152+__QPI16926_1	SA1	OR770614_1__150938-152491-__WPH64254_1	PB50	0.630373	340	2484.000000	0		false	false	
43	MW248466_1__215089-216594+__QQM14740_1	MarsHill	OR455461_1__177982-179535-__WNX97802_1	AH12	0.650251	292	2679.000000	1	4:3	false	false	0.477273
43	MW248466_1__215089-216594+__QQM14740_1	MarsHill	MW349128_1__219310-220863+__QQO92593_1	Machias	0.647918	351	2669.000000	0		false	false	
43	MW248466_1__215089-216594+__QQM14740_1	MarsHill	OR770614_1__150938-152491-__WPH64254_1	PB50	0.652726	371	2681.000000	1	4:3	false	false	0.481481
43	MW349129_1__214290-215795+__QQO92858_1	Madawaska	OR455461_1__177982-179535-__WNX97802_1	AH12	0.651156	367	2686.000000	0		false	false	
43	MW349129_1__214290-215795+__QQO92858_1	Madawaska	MW349128_1__219310-220863+__QQO92593_1	Machias	0.650062	340	2683.000000	0		false	false	
43	MW349129_1__214290-215795+__QQO92858_1	Madawaska	OR770614_1__150938-152491-__WPH64254_1	PB50	0.645570	354	2694.000000	0		false	false	
43	OR836606_1__73311-74813-__WRM43423_1	LY01	OR455461_1__177982-179535-__WNX97802_1	AH12	0.643895	345	2646.000000	0		false	false	
43	OR836606_1__73311-74813-__WRM43423_1	LY01	MW349128_1__219310-220863+__QQO92593_1	Machias	0.646116	362	2672.000000	0		false	false	
43	OR836606_1__73311-74813-__WRM43423_1	LY01	OR770614_1__150938-152491-__WPH64254_1	PB50	0.642354	400	2661.000000	0		false	false	
43	LC680885_1__167556-169058+__BDE75684_1	S6	OR455461_1__177982-179535-__WNX97802_1	AH12	0.651852	363	2692.000000	1	1:1	true	false	0.519231
43	LC680885_1__167556-169058+__BDE75684_1	S6	MW349128_1__219310-220863+__QQO92593_1	Machias	0.646877	350	2666.000000	0		false	false	
43	LC680885_1__167556-169058+__BDE75684_1	S6	OR770614_1__150938-152491-__WPH64254_1	PB50	0.647727	394	2667.000000	1	4:3	false	false	0.511278
43	MN091626_1__24879-26381+__QDJ97640_1	PALS_2	OR455461_1__177982-179535-__WNX97802_1	AH12	0.649491	365	2734.000000	1	3:3	false	false	0.506757
43	MN091626_1__24879-26381+__QDJ97640_1	PALS_2	MW349128_1__219310-220863+__QQO92593_1	Machias	0.650077	352	2710.000000	0		false	false	
43	MN091626_1__24879-26381+__QDJ97640_1	PALS_2	OR770614_1__150938-152491-__WPH64254_1	PB50	0.651098	348	2702.000000	0		false	false	
43	MZ779063_1__125252-126754+__UAJ17040_1	UFV_DC4	OR455461_1__177982-179535-__WNX97802_1	AH12	0.647440	365	2691.000000	0		false	false	
43	MZ779063_1__125252-126754+__UAJ17040_1	UFV_DC4	MW349128_1__219310-220863+__QQO92593_1	Machias	0.645300	370	2657.000000	0		false	false	
43	MZ779063_1__125252-126754+__UAJ17040_1	UFV_DC4	OR770614_1__150938-152491-__WPH64254_1	PB50	0.650847	370	2691.000000	0		false	false	
44	MW218148_1__10647-12152+__QPI16926_1	SA1	OR455461_1__177982-179535-__WNX97802_1	AH12	0.639003	305	2518.000000	0		false	false	
44	MW218148_1__10647-12152+__QPI16926_1	SA1	MW349128_1__219310-220863+__QQO92593_1	Machias	0.631745	304	2485.000000	0		false	false	
44	MW218148_1__10647-12152+__QPI16926_1	SA1	OR770614_1__150938-152491-__WPH64254_1	PB50	0.633196	280	2492.000000	0		false	false	
44	MW248466_1__215089-216594+__QQM14740_1	MarsHill	OR455461_1__177982-179535-__WNX97802_1	AH12	0.649938	372	2658.000000	0		false	false	
44	MW248466_1__215089-216594+__QQM14740_1	MarsHill	MW349128_1__219310-220863+__QQO92593_1	Machias	0.650779	335	2657.000000	0		false	false	
44	MW248466_1__215089-216594+__QQM14740_1	MarsHill	OR770614_1__150938-152491-__WPH64254_1	PB50	0.651450	399	2682.000000	1	4:3	false	false	0.488889
44	MW349129_1__214290-215795+__QQO92858_1	Madawaska	OR455461_1__177982-179535-__WNX97802_1	AH12	0.648199	375	2685.000000	0		false	false	
44	MW349129_1__214290-215795+__QQO92858_1	Madawaska	MW349128_1__219310-220863+__QQO92593_1	Machias	0.643865	396	2697.000000	0		false	false	
44	MW349129_1__214290-215795+__QQO92858_1	Madawaska	OR770614_1__150938-152491-__WPH64254_1	PB50	0.643428	388	2685.000000	0		false	false	
44	OR836606_1__73311-74813-__WRM43423_1	LY01	OR455461_1__177982-179535-__WNX97802_1	AH12	0.642441	397	2656.000000	1	1:1	true	false	0.500000
44	OR836606_1__73311-74813-__WRM43423_1	LY01	MW349128_1__219310-220863+__QQO92593_1	Machias	0.646533	364	2669.000000	1	1:1	true	false	0.500000
44	OR836606_1__73311-74813-__WRM43423_1	LY01	OR770614_1__150938-152491-__WPH64254_1	PB50	0.644355	358	2673.000000	0		false	false	
44	LC680885_1__167556-169058+__BDE75684_1	S6	OR455461_1__177982-179535-__WNX97802_1	AH12	0.655428	349	2728.000000	0		false	false	
44	LC680885_1__167556-169058+__BDE75684_1	S6	MW349128_1__219310-220863+__QQO92593_1	Machias	0.644272	342	2649.000000	0		false	false	
44	LC680885_1__167556-169058+__BDE75684_1	S6	OR770614_1__150938-152491-__WPH64254_1	PB50	0.647805	350	2683.000000	0		false	false	
44	MN091626_1__24879-26381+__QDJ97640_1	PALS_2	OR455461_1__177982-179535-__WNX97802_1	AH12	0.655236	357	2742.000000	1	1:1	true	false	0.516129
44	MN091626_1__24879-26381+__QDJ97640_1	PALS_2	MW349128_1__219310-220863+__QQO92593_1	Machias	0.649845	342	2703.000000	0		false	false	
44	MN091626_1__24879-26381+__QDJ97640_1	PALS_2	OR770614_1__150938-152491-__WPH64254_1	PB50	0.654180	342	2705.000000	0		false	false	
44	MZ779063_1__125252-126754+__UAJ17040_1	UFV_DC4	OR455461_1__177982-179535-__WNX97802_1	AH12	0.648057	365	2701.000000	1	1:1	true	false	0.482993
44	MZ779063_1__125252-126754+__UAJ17040_1	UFV_DC4	MW349128_1__219310-220863+__QQO92593_1	Machias	0.643543	338	2661.000000	0		false	false	
44	MZ779063_1__125252-126754+__UAJ17040_1	UFV_DC4	OR770614_1__150938-152491-__WPH64254_1	PB50	0.646623	366	2676.000000	0		false	false	
45	MW218148_1__10647-12152+__QPI16926_1	SA1	OR455461_1__177982-179535-__WNX97802_1	AH12	0.637882	313	2519.000000	0		false	false	
45	MW218148_1__10647-12152+__QPI16926_1	SA1	MW349128_1__219310-220863+__QQO92593_1	Machias	0.629083	334	2473.000000	1	4:3	false	false	0.434783
45	MW218148_1__10647-12152+__QPI16926_1	SA1	OR770614_1__150938-152491-__WPH64254_1	PB50	0.634494	286	2495.000000	0		false	false	
45	MW248466_1__215089-216594+__QQM14740_1	MarsHill	OR455461_1__177982-179535-__WNX97802_1	AH12	0.649672	310	2674.000000	0		false	false	
45	MW248466_1__215089-216594+__QQM14740_1	MarsHill	MW349128_1__219310-220863+__QQO92593_1	Machias	0.649221	335	2670.000000	0		false	false	
45	MW248466_1__215089-216594+__QQM14740_1	MarsHill	OR770614_1__150938-152491-__WPH64254_1	PB50	0.654483	317	2668.000000	1	4:3	false	false	0.511450
45	MW349129_1__214290-215795+__QQO92858_1	Madawaska	OR455461_1__177982-179535-__WNX97802_1	AH12	0.648982	361	2674.000000	1	1:1	true	false	0.509804
45	MW349129_1__214290-215795+__QQO92858_1	Madawaska	MW349128_1__219310-220863+__QQO92593_1	Machias	0.642857	372	2672.000000	1	1:1	true	false	0.496732
45	MW349129_1__214290-215795+__QQO92858_1	Madawaska	OR770614_1__150938-152491-__WPH64254_1	PB50	0.647095	348	2682.000000	1	1:1	true	false	0.487179
45	OR836606_1__73311-74813-__WRM43423_1	LY01	OR455461_1__177982-179535-__WNX97802_1	AH12	0.641585	387	2651.000000	2	1:1;2:2	true	true	0.507221
45	OR836606_1__73311-74813-__WRM43423_1	LY01	MW349128_1__219310-220863+__QQO92593_1	Machias	0.647622	350	2669.000000	0		false	false	
45	OR836606_1__73311-74813-__WRM43423_1	LY01	OR770614_1__150938-152491-__WPH64254_1	PB50	0.644130	382	2662.000000	1	1:1	true	false	0.532468
45	LC680885_1__167556-169058+__BDE75684_1	S6	OR455461_1__177982-179535-__WNX97802_1	AH12	0.647931	359	2700.000000	0		false	false	
45	LC680885_1__167556-169058+__BDE75684_1	S6	MW349128_1__219310-220863+__QQO92593_1	Machias	0.645660	356	2649.000000	0		false	false	
45	LC680885_1__167556-169058+__BDE75684_1	S6	OR770614_1__150938-152491-__WPH64254_1	PB50	0.644822	352	2667.000000	0		false	false	
45	MN091626_1__24879-26381+__QDJ97640_1	PALS_2	OR455461_1__177982-179535-__WNX97802_1	AH12	0.653251	343	2736.000000	0		false	false	
45	MN091626_1__24879-26381+__QDJ97640_1	PALS_2	MW349128_1__219310-220863+__QQO92593_1	Machias	0.649938	338	2694.000000	0		false	false	
45	MN091626_1__24879-26381+__QDJ97640_1	PALS_2	OR770614_1__150938-152491-__WPH64254_1	PB50	0.648257	364	2698.000000	0		false	false	
45	MZ779063_1__125252-126754+__UAJ17040_1	UFV_DC4	OR455461_1__177982-179535-__WNX97802_1	AH12	0.649831	375	2695.000000	0		false	false	
45	MZ779063_1__125252-126754+__UAJ17040_1	UFV_DC4	MW349128_1__219310-220863+__QQO92593_1	Machias	0.647313	356	2670.000000	1	1:1	true	false	0.496644
45	MZ779063_1__125252-126754+__UAJ17040_1	UFV_DC4	OR770614_1__150938-152491-__WPH64254_1	PB50	0.652576	362	2692.000000	1	1:1	true	false	0.496644
46	MW218148_1__10647-12152+__QPI16926_1	SA1	OR455461_1__177982-179535-__WNX97802_1	AH12	0.637855	307	2524.000000	0		false	false	
46	MW218148_1__10647-12152+__QPI16926_1	SA1	MW349128_1__219310-220863+__QQO92593_1	Machias	0.637107	326	2490.000000	0		false	false	
46	MW218148_1__10647-12152+__QPI16926_1	SA1	OR770614_1__150938-152491-__WPH64254_1	PB50	0.633732	322	2512.000000	1	4:3	false	false	0.500000
46	MW248466_1__215089-216594+__QQM14740_1	MarsHill	OR455461_1__177982-179535-__WNX97802_1	AH12	0.648090	304	2660.000000	0		false	false	
46	MW248466_1__215089-216594+__QQM14740_1	MarsHill	MW349128_1__219310-220863+__QQO92593_1	Machias	0.647625	357	2669.000000	1	4:3	false	false	0.473684
46	MW248466_1__215089-216594+__QQM14740_1	MarsHill	OR770614_1__150938-152491-__WPH64254_1	PB50	0.651351	357	2681.000000	1	4:3	false	false	0.469697
46	MW349129_1__214290-215795+__QQO92858_1	Madawaska	OR455461_1__177982-179535-__WNX97802_1	AH12	0.647204	351	2684.000000	0		false	false	
46	MW349129_1__214290-215795+__QQO92858_1	Madawaska	MW349128_1__219310-220863+__QQO92593_1	Machias	0.649601	400	2699.000000	2	1:1;2:2	true	true	0.538456
46	MW349129_1__214290-215795+__QQO92858_1	Madawaska	OR770614_1__150938-152491-__WPH64254_1	PB50	0.649383	356	2700.000000	1	1:1	true	false	0.522876
46	OR836606_1__73311-74813-__WRM43423_1	LY01	OR455461_1__177982-179535-__WNX97802_1	AH12	0.643953	391	2644.000000	1	4:3	false	false	0.472868
46	OR836606_1__73311-74813-__WRM43423_1	LY01	MW349128_1__219310-220863+__QQO92593_1	Machias	0.644026	352	2663.000000	0		false	false	
46	OR836606_1__73311-74813-__WRM43423_1	LY01	OR770614_1__150938-152491-__WPH64254_1	PB50	0.640735	404	2651.000000	0		false	false	
46	LC680885_1__167556-169058+__BDE75684_1	S6	OR455461_1__177982-179535-__WNX97802_1	AH12	0.650998	393	2710.000000	0		false	false	
46	LC680885_1__167556-169058+__BDE75684_1	S6	MW349128_1__219310-220863+__QQO92593_1	Machias	0.644765	396	2659.000000	2	1:1;2:2	true	true	0.513180
46	LC680885_1__167556-169058+__BDE75684_1	S6	OR770614_1__150938-152491-__WPH64254_1	PB50	0.648949	354	2684.000000	0		false	false	
46	MN091626_1__24879-26381+__QDJ97640_1	PALS_2	OR455461_1__177982-179535-__WNX97802_1	AH12	0.653478	353	2739.000000	0		false	false	
46	MN091626_1__24879-26381+__QDJ97640_1	PALS_2	MW349128_1__219310-220863+__QQO92593_1	Machias	0.646769	382	2688.000000	1	2:2	false	true	0.506410
46	MN091626_1__24879-26381+__QDJ97640_1	PALS_2	OR770614_1__150938-152491-__WPH64254_1	PB50	0.647330	398	2701.000000	2	1:1;2:2	true	true	0.485942
46	MZ779063_1__125252-126754+__UAJ17040_1	UFV_DC4	OR455461_1__177982-179535-__WNX97802_1	AH12	0.648765	361	2698.000000	0		false	false	
46	MZ779063_1__125252-126754+__UAJ17040_1	UFV_DC4	MW349128_1__219310-220863+__QQO92593_1	Machias	0.644136	360	2653.000000	0		false	false	
46	MZ779063_1__125252-126754+__UAJ17040_1	UFV_DC4	OR770614_1__150938-152491-__WPH64254_1	PB50	0.646514	364	2682.000000	0		false	false	
47	MW218148_1__10647-12152+__QPI16926_1	SA1	OR455461_1__177982-179535-__WNX97802_1	AH12	0.637023	309	2525.000000	0		false	false	
47	MW218148_1__10647-12152+__QPI16926_1	SA1	MW349128_1__219310-220863+__QQO92593_1	Machias	0.632441	316	2473.000000	0		false	false	
47	MW218148_1__10647-12152+__QPI16926_1	SA1	OR770614_1__150938-152491-__WPH64254_1	PB50	0.635152	270	2522.000000	0		false	false	
47	MW248466_1__215089-216594+__QQM14740_1	MarsHill	OR455461_1__177982-179535-__WNX97802_1	AH12	0.648900	370	2667.000000	0		false	false	
47	MW248466_1__215089-216594+__QQM14740_1	MarsHill	MW349128_1__219310-220863+__QQO92593_1	Machias	0.649379	355	2681.000000	1	4:3	false	false	0.466667
47	MW248466_1__215089-216594+__QQM14740_1	MarsHill	OR770614_1__150938-152491-__WPH64254_1	PB50	0.652242	339	2669.000000	0		false	false	
47	MW349129_1__214290-215795+__QQO92858_1	Madawaska	OR455461_1__177982-179535-__WNX97802_1	AH12	0.649215	371	2697.000000	1	1:1	true	false	0.509434
47	MW349129_1__214290-215795+__QQO92858_1	Madawaska	MW349128_1__219310-220863+__QQO92593_1	Machias	0.648907	370	2682.000000	1	1:1	true	false	0.490323
47	MW349129_1__214290-215795+__QQO92858_1	Madawaska	OR770614_1__150938-152491-__WPH64254_1	PB50	0.648874	358	2672.000000	1	1:1	true	false	0.500000
47	OR836606_1__73311-74813-__WRM43423_1	LY01	OR455461_1__177982-179535-__WNX97802_1	AH12	0.643143	365	2660.000000	1	1:1	true	false	0.484076
47	OR836606_1__73311-74813-__WRM43423_1	LY01	MW349128_1__219310-220863+__QQO92593_1	Machias	0.642266	404	2654.000000	1	4:3	false	false	0.480916
47	OR836606_1__73311-74813-__WRM43423_1	LY01	OR770614_1__150938-152491-__WPH64254_1	PB50	0.645698	360	2659.000000	1	1:1	true	false	0.493243
47	LC680885_1__167556-169058+__BDE75684_1	S6	OR455461_1__177982-179535-__WNX97802_1	AH12	0.647713	355	2704.000000	0		false	false	
47	LC680885_1__167556-169058+__BDE75684_1	S6	MW349128_1__219310-220863+__QQO92593_1	Machias	0.643387	354	2650.000000	0		false	false	
47	LC680885_1__167556-169058+__BDE75684_1	S6	OR770614_1__150938-152491-__WPH64254_1	PB50	0.648548	358	2670.000000	0		false	false	
47	MN091626_1__24879-26381+__QDJ97640_1	PALS_2	OR455461_1__177982-179535-__WNX97802_1	AH12	0.654371	335	2735.000000	0		false	false	
47	MN091626_1__24879-26381+__QDJ97640_1	PALS_2	MW349128_1__219310-220863+__QQO92593_1	Machias	0.652430	344	2705.000000	1	1:1	true	false	0.493506
47	MN091626_1__24879-26381+__QDJ97640_1	PALS_2	OR770614_1__150938-152491-__WPH64254_1	PB50	0.653692	356	2711.000000	0		false	false	
47	MZ779063_1__125252-126754+__UAJ17040_1	UFV_DC4	OR455461_1__177982-179535-__WNX97802_1	AH12	0.646824	399	2697.000000	0		false	false	
47	MZ779063_1__125252-126754+__UAJ17040_1	UFV_DC4	MW349128_1__219310-220863+__QQO92593_1	Machias	0.639729	364	2656.000000	1	3:3	false	false	0.509934
47	MZ779063_1__125252-126754+__UAJ17040_1	UFV_DC4	OR770614_1__150938-152491-__WPH64254_1	PB50	0.647531	360	2682.000000	0		false	false	
48	MW218148_1__10647-12152+__QPI16926_1	SA1	OR455461_1__177982-179535-__WNX97802_1	AH12	0.639773	313	2529.000000	0		false	false	
48	MW218148_1__10647-12152+__QPI16926_1	SA1	MW349128_1__219310-220863+__QQO92593_1	Machias	0.637311	302	2513.000000	0		false	false	
48	MW218148_1__10647-12152+__QPI16926_1	SA1	OR770614_1__150938-152491-__WPH64254_1	PB50	0.631612	280	2489.000000	0		false	false	
48	MW248466_1__215089-216594+__QQM14740_1	MarsHill	OR455461_1__177982-179535-__WNX97802_1	AH12	0.649938	372	2682.000000	0		false	false	
48	MW248466_1__215089-216594+__QQM14740_1	MarsHill	MW349128_1__219310-220863+__QQO92593_1	Machias	0.648102	343	2667.000000	0		false	false	
48	MW248466_1__215089-216594+__QQM14740_1	MarsHill	OR770614_1__150938-152491-__WPH64254_1	PB50	0.648774	361	2654.000000	0		false	false	
48	MW349129_1__214290-215795+__QQO92858_1	Madawaska	OR455461_1__177982-179535-__WNX97802_1	AH12	0.651893	375	2717.000000	0		false	false	
48	MW349129_1__214290-215795+__QQO92858_1	Madawaska	MW349128_1__219310-220863+__QQO92593_1	Machias	0.647822	350	2698.000000	0		false	false	
48	MW349129_1__214290-215795+__QQO92858_1	Madawaska	OR770614_1__150938-152491-__WPH64254_1	PB50	0.649351	344	2714.000000	0		false	false	
48	OR836606_1__73311-74813-__WRM43423_1	LY01	OR455461_1__177982-179535-__WNX97802_1	AH12	0.643629	357	2649.000000	0		false	false	
48	OR836606_1__73311-74813-__WRM43423_1	LY01	MW349128_1__219310-220863+__QQO92593_1	Machias	0.644595	368	2656.000000	0		false	false	
48	OR836606_1__73311-74813-__WRM43423_1	LY01	OR770614_1__150938-152491-__WPH64254_1	PB50	0.644575	362	2669.000000	1	1:1	true	false	0.500000
48	LC680885_1__167556-169058+__BDE75684_1	S6	OR455461_1__177982-179535-__WNX97802_1	AH12	0.652241	353	2723.000000	0		false	false	
48	LC680885_1__167556-169058+__BDE75684_1	S6	MW349128_1__219310-220863+__QQO92593_1	Machias	0.646349	346	2655.000000	0		false	false	
48	LC680885_1__167556-169058+__BDE75684_1	S6	OR770614_1__150938-152491-__WPH64254_1	PB50	0.652752	350	2707.000000	1	1:1	true	false	0.526316
48	MN091626_1__24879-26381+__QDJ97640_1	PALS_2	OR455461_1__177982-179535-__WNX97802_1	AH12	0.657805	353	2773.000000	0		false	false	
48	MN091626_1__24879-26381+__QDJ97640_1	PALS_2	MW349128_1__219310-220863+__QQO92593_1	Machias	0.649552	348	2723.000000	1	1:1	true	false	0.517241
48	MN091626_1__24879-26381+__QDJ97640_1	PALS_2	OR770614_1__150938-152491-__WPH64254_1	PB50	0.652632	342	2726.000000	0		false	false	
48	MZ779063_1__125252-126754+__UAJ17040_1	UFV_DC4	OR455461_1__177982-179535-__WNX97802_1	AH12	0.653206	369	2725.000000	1	1:1	true	false	0.533333
48	MZ779063_1__125252-126754+__UAJ17040_1	UFV_DC4	MW349128_1__219310-220863+__QQO92593_1	Machias	0.644314	352	2655.000000	1	1:1	true	false	0.493243
48	MZ779063_1__125252-126754+__UAJ17040_1	UFV_DC4	OR770614_1__150938-152491-__WPH64254_1	PB50	0.651665	368	2690.000000	1	1:1	true	false	0.523490
49	MW218148_1__10647-12152+__QPI16926_1	SA1	OR455461_1__177982-179535-__WNX97802_1	AH12	0.635046	313	2524.000000	0		false	false	
49	MW218148_1__10647-12152+__QPI16926_1	SA1	MW349128_1__219310-220863+__QQO92593_1	Machias	0.633533	324	2499.000000	1	4:3	false	false	0.469231
49	MW218148_1__10647-12152+__QPI16926_1	SA1	OR770614_1__150938-152491-__WPH64254_1	PB50	0.629256	310	2496.000000	0		false	false	
49	MW248466_1__215089-216594+__QQM14740_1	MarsHill	OR455461_1__177982-179535-__WNX97802_1	AH12	0.646440	376	2662.000000	0		false	false	
49	MW248466_1__215089-216594+__QQM14740_1	MarsHill	MW349128_1__219310-220863+__QQO92593_1	Machias	0.650109	357	2681.000000	0		false	false	
49	MW248466_1__215089-216594+__QQM14740_1	MarsHill	OR770614_1__150938-152491-__WPH64254_1	PB50	0.649177	357	2680.000000	0		false	false	
49	MW349129_1__214290-215795+__QQO92858_1	Madawaska	OR455461_1__177982-179535-__WNX97802_1	AH12	0.643907	409	2679.000000	1	1:1	true	false	0.496732
49	MW349129_1__214290-215795+__QQO92858_1	Madawaska	MW349128_1__219310-220863+__QQO92593_1	Machias	0.649090	362	2684.000000	1	1:1	true	false	0.496732
49	MW349129_1__214290-215795+__QQO92858_1	Madawaska	OR770614_1__150938-152491-__WPH64254_1	PB50	0.647495	344	2708.000000	1	1:1	true	false	0.519737
49	OR836606_1__73311-74813-__WRM43423_1	LY01	OR455461_1__177982-179535-__WNX97802_1	AH12	0.645968	349	2652.000000	0		false	false	
49	OR836606_1__73311-74813-__WRM43423_1	LY01	MW349128_1__219310-220863+__QQO92593_1	Machias	0.640270	390	2648.000000	0		false	false	
49	OR836606_1__73311-74813-__WRM43423_1	LY01	OR770614_1__150938-152491-__WPH64254_1	PB50	0.644266	362	2666.000000	0		false	false	
49	LC680885_1__167556-169058+__BDE75684_1	S6	OR455461_1__177982-179535-__WNX97802_1	AH12	0.651932	353	2708.000000	0		false	false	
49	LC680885_1__167556-169058+__BDE75684_1	S6	MW349128_1__219310-220863+__QQO92593_1	Machias	0.642968	352	2641.000000	0		false	false	
49	LC680885_1__167556-169058+__BDE75684_1	S6	OR770614_1__150938-152491-__WPH64254_1	PB50	0.649660	350	2685.000000	0		false	false	
49	MN091626_1__24879-26381+__QDJ97640_1	PALS_2	OR455461_1__177982-179535-__WNX97802_1	AH12	0.654191	349	2720.000000	0		false	false	
49	MN091626_1__24879-26381+__QDJ97640_1	PALS_2	MW349128_1__219310-220863+__QQO92593_1	Machias	0.648000	382	2692.000000	1	1:1	true	false	0.516340
49	MN091626_1__24879-26381+__QDJ97640_1	PALS_2	OR770614_1__150938-152491-__WPH64254_1	PB50	0.650046	340	2704.000000	0		false	false	
49	MZ779063_1__125252-126754+__UAJ17040_1	UFV_DC4	OR455461_1__177982-179535-__WNX97802_1	AH12	0.646860	377	2707.000000	1	3:3	false	false	0.513333
49	MZ779063_1__125252-126754+__UAJ17040_1	UFV_DC4	MW349128_1__219310-220863+__QQO92593_1	Machias	0.644136	360	2661.000000	0		false	false	
49	MZ779063_1__125252-126754+__UAJ17040_1	UFV_DC4	OR770614_1__150938-152491-__WPH64254_1	PB50	0.649074	360	2693.000000	0		false	false	
50	MW218148_1__10647-12152+__QPI16926_1	SA1	OR455461_1__177982-179535-__WNX97802_1	AH12	0.635446	309	2526.000000	0		false	false	
50	MW218148_1__10647-12152+__QPI16926_1	SA1	MW349128_1__219310-220863+__QQO92593_1	Machias	0.636991	346	2494.000000	1	4:3	false	false	0.441176
50	MW218148_1__10647-12152+__QPI16926_1	SA1	OR770614_1__150938-152491-__WPH64254_1	PB50	0.630716	308	2493.000000	1	4:3	false	false	0.453846
50	MW248466_1__215089-216594+__QQM14740_1	MarsHill	OR455461_1__177982-179535-__WNX97802_1	AH12	0.650744	364	2674.000000	0		false	false	
50	MW248466_1__215089-216594+__QQM14740_1	MarsHill	MW349128_1__219310-220863+__QQO92593_1	Machias	0.648212	345	2669.000000	1	4:3	false	false	0.477612
50	MW248466_1__215089-216594+__QQM14740_1	MarsHill	OR770614_1__150938-152491-__WPH64254_1	PB50	0.653017	313	2680.000000	0		false	false	
50	MW349129_1__214290-215795+__QQO92858_1	Madawaska	OR455461_1__177982-179535-__WNX97802_1	AH12	0.650309	357	2709.000000	0		false	false	
50	MW349129_1__214290-215795+__QQO92858_1	Madawaska	MW349128_1__219310-220863+__QQO92593_1	Machias	0.645788	358	2686.000000	0		false	false	
50	MW349129_1__214290-215795+__QQO92858_1	Madawaska	OR770614_1__150938-152491-__WPH64254_1	PB50	0.644355	360	2697.000000	0		false	false	
50	OR836606_1__73311-74813-__WRM43423_1	LY01	OR455461_1__177982-179535-__WNX97802_1	AH12	0.643339	391	2658.000000	1	4:3	false	false	0.484848
50	OR836606_1__73311-74813-__WRM43423_1	LY01	MW349128_1__219310-220863+__QQO92593_1	Machias	0.646462	374	2665.000000	1	1:1	true	false	0.506579
50	OR836606_1__73311-74813-__WRM43423_1	LY01	OR770614_1__150938-152491-__WPH64254_1	PB50	0.642394	356	2649.000000	0		false	false	
50	LC680885_1__167556-169058+__BDE75684_1	S6	OR455461_1__177982-179535-__WNX97802_1	AH12	0.651422	355	2720.000000	0		false	false	
50	LC680885_1__167556-169058+__BDE75684_1	S6	MW349128_1__219310-220863+__QQO92593_1	Machias	0.642349	352	2647.000000	0		false	false	
50	LC680885_1__167556-169058+__BDE75684_1	S6	OR770614_1__150938-152491-__WPH64254_1	PB50	0.647531	362	2658.000000	0		false	false	
50	MN091626_1__24879-26381+__QDJ97640_1	PALS_2	OR455461_1__177982-179535-__WNX97802_1	AH12	0.653977	345	2728.000000	0		false	false	
50	MN091626_1__24879-26381+__QDJ97640_1	PALS_2	MW349128_1__219310-220863+__QQO92593_1	Machias	0.649969	350	2700.000000	0		false	false	
50	MN091626_1__24879-26381+__QDJ97640_1	PALS_2	OR770614_1__150938-152491-__WPH64254_1	PB50	0.653156	346	2713.000000	0		false	false	
50	MZ779063_1__125252-126754+__UAJ17040_1	UFV_DC4	OR455461_1__177982-179535-__WNX97802_1	AH12	0.648148	361	2700.000000	0		false	false	
50	MZ779063_1__125252-126754+__UAJ17040_1	UFV_DC4	MW349128_1__219310-220863+__QQO92593_1	Machias	0.647713	352	2684.000000	0		false	false	
50	MZ779063_1__125252-126754+__UAJ17040_1	UFV_DC4	OR770614_1__150938-152491-__WPH64254_1	PB50	0.648165	366	2679.000000	0		false	false	
51	MW218148_1__10647-12152+__QPI16926_1	SA1	OR455461_1__177982-179535-__WNX97802_1	AH12	0.638863	297	2525.000000	1	4:3	false	false	0.507692
51	MW218148_1__10647-12152+__QPI16926_1	SA1	MW349128_1__219310-220863+__QQO92593_1	Machias	0.637112	282	2506.000000	0		false	false	
51	MW218148_1__10647-12152+__QPI16926_1	SA1	OR770614_1__150938-152491-__WPH64254_1	PB50	0.633931	320	2517.000000	0		false	false	
51	MW248466_1__215089-216594+__QQM14740_1	MarsHill	OR455461_1__177982-179535-__WNX97802_1	AH12	0.651984	318	2684.000000	1	3:2	false	false	0.515924
51	MW248466_1__215089-216594+__QQM14740_1	MarsHill	MW349128_1__219310-220863+__QQO92593_1	Machias	0.651207	297	2667.000000	0		false	false	
51	MW248466_1__215089-216594+__QQM14740_1	MarsHill	OR770614_1__150938-152491-__WPH64254_1	PB50	0.652174	355	2668.000000	0		false	false	
51	MW349129_1__214290-215795+__QQO92858_1	Madawaska	OR455461_1__177982-179535-__WNX97802_1	AH12	0.647367	371	2687.000000	1	1:1	true	false	0.489933
51	MW349129_1__214290-215795+__QQO92858_1	Madawaska	MW349128_1__219310-220863+__QQO92593_1	Machias	0.649443	340	2689.000000	0		false	false	
51	MW349129_1__214290-215795+__QQO92858_1	Madawaska	OR770614_1__150938-152491-__WPH64254_1	PB50	0.647604	346	2682.000000	1	1:1	true	false	0.487179
51	OR836606_1__73311-74813-__WRM43423_1	LY01	OR455461_1__177982-179535-__WNX97802_1	AH12	0.643143	365	2648.000000	1	1:1	true	false	0.512821
51	OR836606_1__73311-74813-__WRM43423_1	LY01	MW349128_1__219310-220863+__QQO92593_1	Machias	0.644410	404	2671.000000	1	2:2	false	true	0.513333
51	OR836606_1__73311-74813-__WRM43423_1	LY01	OR770614_1__150938-152491-__WPH64254_1	PB50	0.640899	368	2660.000000	0		false	false	
51	LC680885_1__167556-169058+__BDE75684_1	S6	OR455461_1__177982-179535-__WNX97802_1	AH12	0.653597	361	2720.000000	1	1:1	true	false	0.516556
51	LC680885_1__167556-169058+__BDE75684_1	S6	MW349128_1__219310-220863+__QQO92593_1	Machias	0.644733	356	2652.000000	0		false	false	
51	LC680885_1__167556-169058+__BDE75684_1	S6	OR770614_1__150938-152491-__WPH64254_1	PB50	0.645640	350	2666.000000	0		false	false	
51	MN091626_1__24879-26381+__QDJ97640_1	PALS_2	OR455461_1__177982-179535-__WNX97802_1	AH12	0.658017	357	2753.000000	0		false	false	
51	MN091626_1__24879-26381+__QDJ97640_1	PALS_2	MW349128_1__219310-220863+__QQO92593_1	Machias	0.652201	334	2722.000000	0		false	false	
51	MN091626_1__24879-26381+__QDJ97640_1	PALS_2	OR770614_1__150938-152491-__WPH64254_1	PB50	0.652322	342	2715.000000	0		false	false	
51	MZ779063_1__125252-126754+__UAJ17040_1	UFV_DC4	OR455461_1__177982-179535-__WNX97802_1	AH12	0.649399	367	2711.000000	0		false	false	
51	MZ779063_1__125252-126754+__UAJ17040_1	UFV_DC4	MW349128_1__219310-220863+__QQO92593_1	Machias	0.643255	344	2657.000000	0		false	false	
51	MZ779063_1__125252-126754+__UAJ17040_1	UFV_DC4	OR770614_1__150938-152491-__WPH64254_1	PB50	0.650154	380	2697.000000	0		false	false	
52	MW218148_1__10647-12152+__QPI16926_1	SA1	OR455461_1__177982-179535-__WNX97802_1	AH12	0.635220	327	2524.000000	0		false	false	
52	MW218148_1__10647-12152+__QPI16926_1	SA1	MW349128_1__219310-220863+__QQO92593_1	Machias	0.635561	310	2512.000000	1	4:3	false	false	0.446154
52	MW218148_1__10647-12152+__QPI16926_1	SA1	OR770614_1__150938-152491-__WPH64254_1	PB50	0.631912	296	2495.000000	0		false	false	
52	MW248466_1__215089-216594+__QQM14740_1	MarsHill	OR455461_1__177982-179535-__WNX97802_1	AH12	0.648850	352	2670.000000	1	4:3	false	false	0.465116
52	MW248466_1__215089-216594+__QQM14740_1	MarsHill	MW349128_1__219310-220863+__QQO92593_1	Machias	0.651207	297	2667.000000	0		false	false	
52	MW248466_1__215089-216594+__QQM14740_1	MarsHill	OR770614_1__150938-152491-__WPH64254_1	PB50	0.649035	343	2684.000000	0		false	false	
52	MW349129_1__214290-215795+__QQO92858_1	Madawaska	OR455461_1__177982-179535-__WNX97802_1	AH12	0.650401	353	2688.000000	0		false	false	
52	MW349129_1__214290-215795+__QQO92858_1	Madawaska	MW349128_1__219310-220863+__QQO92593_1	Machias	0.646499	388	2683.000000	2	1:1;2:2	true	true	0.486667
52	MW349129_1__214290-215795+__QQO92858_1	Madawaska	OR770614_1__150938-152491-__WPH64254_1	PB50	0.650000	356	2682.000000	1	1:1	true	false	0.480519
52	OR836606_1__73311-74813-__WRM43423_1	LY01	OR455461_1__177982-179535-__WNX97802_1	AH12	0.645379	389	2657.000000	1	4:3	false	false	0.518797
52	OR836606_1__73311-74813-__WRM43423_1	LY01	MW349128_1__219310-220863+__QQO92593_1	Machias	0.641937	398	2644.000000	0		false	false	
52	OR836606_1__73311-74813-__WRM43423_1	LY01	OR770614_1__150938-152491-__WPH64254_1	PB50	0.642439	368	2655.000000	0		false	false	
52	LC680885_1__167556-169058+__BDE75684_1	S6	OR455461_1__177982-179535-__WNX97802_1	AH12	0.649443	347	2709.000000	1	1:1	true	false	0.523490
52	LC680885_1__167556-169058+__BDE75684_1	S6	MW349128_1__219310-220863+__QQO92593_1	Machias	0.642704	392	2641.000000	1	4:3	false	false	0.466165
52	LC680885_1__167556-169058+__BDE75684_1	S6	OR770614_1__150938-152491-__WPH64254_1	PB50	0.644725	384	2677.000000	1	3:3	false	false	0.520270
52	MN091626_1__24879-26381+__QDJ97640_1	PALS_2	OR455461_1__177982-179535-__WNX97802_1	AH12	0.657382	345	2761.000000	0		false	false	
52	MN091626_1__24879-26381+__QDJ97640_1	PALS_2	MW349128_1__219310-220863+__QQO92593_1	Machias	0.648541	392	2706.000000	1	4:3	false	false	0.439394
52	MN091626_1__24879-26381+__QDJ97640_1	PALS_2	OR770614_1__150938-152491-__WPH64254_1	PB50	0.653370	350	2713.000000	0		false	false	
52	MZ779063_1__125252-126754+__UAJ17040_1	UFV_DC4	OR455461_1__177982-179535-__WNX97802_1	AH12	0.648474	367	2702.000000	1	1:1	true	false	0.522293
52	MZ779063_1__125252-126754+__UAJ17040_1	UFV_DC4	MW349128_1__219310-220863+__QQO92593_1	Machias	0.645331	348	2655.000000	1	1:1	true	false	0.509934
52	MZ779063_1__125252-126754+__UAJ17040_1	UFV_DC4	OR770614_1__150938-152491-__WPH64254_1	PB50	0.647149	404	2683.000000	1	1:1	true	false	0.536913
53	MW218148_1__10647-12152+__QPI16926_1	SA1	OR455461_1__177982-179535-__WNX97802_1	AH12	0.637947	281	2525.000000	0		false	false	
53	MW218148_1__10647-12152+__QPI16926_1	SA1	MW349128_1__219310-220863+__QQO92593_1	Machias	0.632288	346	2489.000000	0		false	false	
53	MW218148_1__10647-12152+__QPI16926_1	SA1	OR770614_1__150938-152491-__WPH64254_1	PB50	0.633218	324	2504.000000	1	4:3	false	false	0.500000
53	MW248466_1__215089-216594+__QQM14740_1	MarsHill	OR455461_1__177982-179535-__WNX97802_1	AH12	0.654699	322	2672.000000	0		false	false	
53	MW248466_1__215089-216594+__QQM14740_1	MarsHill	MW349128_1__219310-220863+__QQO92593_1	Machias	0.649674	349	2673.000000	0		false	false	
53	MW248466_1__215089-216594+__QQM14740_1	MarsHill	OR770614_1__150938-152491-__WPH64254_1	PB50	0.650297	309	2680.000000	0		false	false	
53	MW349129_1__214290-215795+__QQO92858_1	Madawaska	OR455461_1__177982-179535-__WNX97802_1	AH12	0.649166	353	2700.000000	0		false	false	
53	MW349129_1__214290-215795+__QQO92858_1	Madawaska	MW349128_1__219310-220863+__QQO92593_1	Machias	0.650062	340	2679.000000	0		false	false	
53	MW349129_1__214290-215795+__QQO92858_1	Madawaska	OR770614_1__150938-152491-__WPH64254_1	PB50	0.649507	364	2689.000000	1	1:1	true	false	0.522013
53	OR836606_1__73311-74813-__WRM43423_1	LY01	OR455461_1__177982-179535-__WNX97802_1	AH12	0.641690	361	2648.000000	1	1:1	true	false	0.533333
53	OR836606_1__73311-74813-__WRM43423_1	LY01	MW349128_1__219310-220863+__QQO92593_1	Machias	0.645589	358	2661.000000	1	4:3	false	false	0.488889
53	OR836606_1__73311-74813-__WRM43423_1	LY01	OR770614_1__150938-152491-__WPH64254_1	PB50	0.641324	398	2666.000000	0		false	false	
53	LC680885_1__167556-169058+__BDE75684_1	S6	OR455461_1__177982-179535-__WNX97802_1	AH12	0.654512	355	2722.000000	0		false	false	
53	LC680885_1__167556-169058+__BDE75684_1	S6	MW349128_1__219310-220863+__QQO92593_1	Machias	0.644444	362	2652.000000	0		false	false	
53	LC680885_1__167556-169058+__BDE75684_1	S6	OR770614_1__150938-152491-__WPH64254_1	PB50	0.650185	354	2668.000000	0		false	false	
53	MN091626_1__24879-26381+__QDJ97640_1	PALS_2	OR455461_1__177982-179535-__WNX97802_1	AH12	0.655738	349	2755.000000	1	1:1	true	false	0.500000
53	MN091626_1__24879-26381+__QDJ97640_1	PALS_2	MW349128_1__219310-220863+__QQO92593_1	Machias	0.649335	344	2687.000000	0		false	false	
53	MN091626_1__24879-26381+__QDJ97640_1	PALS_2	OR770614_1__150938-152491-__WPH64254_1	PB50	0.650123	370	2719.000000	0		false	false	
53	MZ779063_1__125252-126754+__UAJ17040_1	UFV_DC4	OR455461_1__177982-179535-__WNX97802_1	AH12	0.652898	369	2722.000000	1	1:1	true	false	0.496689
53	MZ779063_1__125252-126754+__UAJ17040_1	UFV_DC4	MW349128_1__219310-220863+__QQO92593_1	Machias	0.645769	356	2651.000000	0		false	false	
53	MZ779063_1__125252-126754+__UAJ17040_1	UFV_DC4	OR770614_1__150938-152491-__WPH64254_1	PB50	0.648086	410	2679.000000	1	4:3	false	false	0.465649
54	MW218148_1__10647-12152+__QPI16926_1	SA1	OR455461_1__177982-179535-__WNX97802_1	AH12	0.636794	305	2525.000000	1	4:3	false	false	0.462121
54	MW218148_1__10647-12152+__QPI16926_1	SA1	MW349128_1__219310-220863+__QQO92593_1	Machias	0.633754	306	2485.000000	0		false	false	
54	MW218148_1__10647-12152+__QPI16926_1	SA1	OR770614_1__150938-152491-__WPH64254_1	PB50	0.636708	308	2494.000000	0		false	false	
54	MW248466_1__215089-216594+__QQM14740_1	MarsHill	OR455461_1__177982-179535-__WNX97802_1	AH12	0.650952	322	2656.000000	0		false	false	
54	MW248466_1__215089-216594+__QQM14740_1	MarsHill	MW349128_1__219310-220863+__QQO92593_1	Machias	0.646894	355	2653.000000	0		false	false	
54	MW248466_1__215089-216594+__QQM14740_1	MarsHill	OR770614_1__150938-152491-__WPH64254_1	PB50	0.645370	395	2657.000000	1	2:2	false	true	0.513514
54	MW349129_1__214290-215795+__QQO92858_1	Madawaska	OR455461_1__177982-179535-__WNX97802_1	AH12	0.649831	371	2715.000000	1	1:1	true	false	0.496644
54	MW349129_1__214290-215795+__QQO92858_1	Madawaska	MW349128_1__219310-220863+__QQO92593_1	Machias	0.647404	348	2685.000000	0		false	false	
54	MW349129_1__214290-215795+__QQO92858_1	Madawaska	OR770614_1__150938-152491-__WPH64254_1	PB50	0.649199	364	2706.000000	1	1:1	true	false	0.506250
54	OR836606_1__73311-74813-__WRM43423_1	LY01	OR455461_1__177982-179535-__WNX97802_1	AH12	0.646277	349	2667.000000	1	4:3	false	false	0.488372
54	OR836606_1__73311-74813-__WRM43423_1	LY01	MW349128_1__219310-220863+__QQO92593_1	Machias	0.648815	372	2679.000000	1	1:1	true	false	0.552632
54	OR836606_1__73311-74813-__WRM43423_1	LY01	OR770614_1__150938-152491-__WPH64254_1	PB50	0.644628	408	2651.000000	1	4:3	false	false	0.478261
54	LC680885_1__167556-169058+__BDE75684_1	S6	OR455461_1__177982-179535-__WNX97802_1	AH12	0.648177	409	2694.000000	1	4:3	false	false	0.488889
54	LC680885_1__167556-169058+__BDE75684_1	S6	MW349128_1__219310-220863+__QQO92593_1	Machias	0.645589	366	2637.000000	0		false	false	
54	LC680885_1__167556-169058+__BDE75684_1	S6	OR770614_1__150938-152491-__WPH64254_1	PB50	0.648314	348	2683.000000	1	1:1	true	false	0.523810
54	MN091626_1__24879-26381+__QDJ97640_1	PALS_2	OR455461_1__177982-179535-__WNX97802_1	AH12	0.654813	407	2742.000000	0		false	false	
54	MN091626_1__24879-26381+__QDJ97640_1	PALS_2	MW349128_1__219310-220863+__QQO92593_1	Machias	0.652752	350	2711.000000	0		false	false	
54	MN091626_1__24879-26381+__QDJ97640_1	PALS_2	OR770614_1__150938-152491-__WPH64254_1	PB50	0.652268	364	2709.000000	0		false	false	
54	MZ779063_1__125252-126754+__UAJ17040_1	UFV_DC4	OR455461_1__177982-179535-__WNX97802_1	AH12	0.649923	371	2698.000000	1	1:1	true	false	0.475862
54	MZ779063_1__125252-126754+__UAJ17040_1	UFV_DC4	MW349128_1__219310-220863+__QQO92593_1	Machias	0.644225	356	2652.000000	0		false	false	
54	MZ779063_1__125252-126754+__UAJ17040_1	UFV_DC4	OR770614_1__150938-152491-__WPH64254_1	PB50	0.644444	360	2668.000000	1	2:2	false	true	0.533333
55	MW218148_1__10647-12152+__QPI16926_1	SA1	OR455461_1__177982-179535-__WNX97802_1	AH12	0.636880	301	2528.000000	0		false	false	
55	MW218148_1__10647-12152+__QPI16926_1	SA1	MW349128_1__219310-220863+__QQO92593_1	Machias	0.634876	320	2502.000000	0		false	false	
55	MW218148_1__10647-12152+__QPI16926_1	SA1	OR770614_1__150938-152491-__WPH64254_1	PB50	0.631529	322	2499.000000	1	4:3	false	false	0.462687
55	MW248466_1__215089-216594+__QQM14740_1	MarsHill	OR455461_1__177982-179535-__WNX97802_1	AH12	0.650976	374	2665.000000	1	4:3	false	false	0.481203
55	MW248466_1__215089-216594+__QQM14740_1	MarsHill	MW349128_1__219310-220863+__QQO92593_1	Machias	0.642813	343	2656.000000	0		false	false	
55	MW248466_1__215089-216594+__QQM14740_1	MarsHill	OR770614_1__150938-152491-__WPH64254_1	PB50	0.649009	371	2681.000000	1	4:3	false	false	0.476923
55	MW349129_1__214290-215795+__QQO92858_1	Madawaska	OR455461_1__177982-179535-__WNX97802_1	AH12	0.648057	361	2693.000000	1	1:1	true	false	0.490323
55	MW349129_1__214290-215795+__QQO92858_1	Madawaska	MW349128_1__219310-220863+__QQO92593_1	Machias	0.646443	370	2690.000000	0		false	false	
55	MW349129_1__214290-215795+__QQO92858_1	Madawaska	OR770614_1__150938-152491-__WPH64254_1	PB50	0.646277	350	2695.000000	0		false	false	
55	OR836606_1__73311-74813-__WRM43423_1	LY01	OR455461_1__177982-179535-__WNX97802_1	AH12	0.648857	351	2665.000000	0		false	false	
55	OR836606_1__73311-74813-__WRM43423_1	LY01	MW349128_1__219310-220863+__QQO92593_1	Machias	0.647874	366	2671.000000	0		false	false	
55	OR836606_1__73311-74813-__WRM43423_1	LY01	OR770614_1__150938-152491-__WPH64254_1	PB50	0.645609	364	2648.000000	0		false	false	
55	LC680885_1__167556-169058+__BDE75684_1	S6	OR455461_1__177982-179535-__WNX97802_1	AH12	0.650833	367	2700.000000	0		false	false	
55	LC680885_1__167556-169058+__BDE75684_1	S6	MW349128_1__219310-220863+__QQO92593_1	Machias	0.643895	352	2654.000000	0		false	false	
55	LC680885_1__167556-169058+__BDE75684_1	S6	OR770614_1__150938-152491-__WPH64254_1	PB50	0.645730	346	2653.000000	0		false	false	
55	MN091626_1__24879-26381+__QDJ97640_1	PALS_2	OR455461_1__177982-179535-__WNX97802_1	AH12	0.651595	341	2735.000000	0		false	false	
55	MN091626_1__24879-26381+__QDJ97640_1	PALS_2	MW349128_1__219310-220863+__QQO92593_1	Machias	0.653668	344	2721.000000	1	1:1	true	false	0.529801
55	MN091626_1__24879-26381+__QDJ97640_1	PALS_2	OR770614_1__150938-152491-__WPH64254_1	PB50	0.651206	350	2720.000000	1	1:1	true	false	0.522581
55	MZ779063_1__125252-126754+__UAJ17040_1	UFV_DC4	OR455461_1__177982-179535-__WNX97802_1	AH12	0.648982	365	2698.000000	0		false	false	
55	MZ779063_1__125252-126754+__UAJ17040_1	UFV_DC4	MW349128_1__219310-220863+__QQO92593_1	Machias	0.649567	352	2670.000000	0		false	false	
55	MZ779063_1__125252-126754+__UAJ17040_1	UFV_DC4	OR770614_1__150938-152491-__WPH64254_1	PB50	0.645917	370	2679.000000	1	1:1	true	false	0.506849
56	MW218148_1__10647-12152+__QPI16926_1	SA1	OR455461_1__177982-179535-__WNX97802_1	AH12	0.641188	299	2544.000000	1	4:3	false	false	0.503759
56	MW218148_1__10647-12152+__QPI16926_1	SA1	MW349128_1__219310-220863+__QQO92593_1	Machias	0.635182	276	2493.000000	0		false	false	
56	MW218148_1__10647-12152+__QPI16926_1	SA1	OR770614_1__150938-152491-__WPH64254_1	PB50	0.634446	318	2517.000000	0		false	false	
56	MW248466_1__215089-216594+__QQM14740_1	MarsHill	OR455461_1__177982-179535-__WNX97802_1	AH12	0.649025	378	2688.000000	2	3:2;4:3	false	false	0.539596
56	MW248466_1__215089-216594+__QQM14740_1	MarsHill	MW349128_1__219310-220863+__QQO92593_1	Machias	0.648246	357	2679.000000	0		false	false	
56	MW248466_1__215089-216594+__QQM14740_1	MarsHill	OR770614_1__150938-152491-__WPH64254_1	PB50	0.652658	387	2680.000000	1	4:3	false	false	0.515152
56	MW349129_1__214290-215795+__QQO92858_1	Madawaska	OR455461_1__177982-179535-__WNX97802_1	AH12	0.646823	361	2701.000000	0		false	false	
56	MW349129_1__214290-215795+__QQO92858_1	Madawaska	MW349128_1__219310-220863+__QQO92593_1	Machias	0.647349	364	2684.000000	0		false	false	
56	MW349129_1__214290-215795+__QQO92858_1	Madawaska	OR770614_1__150938-152491-__WPH64254_1	PB50	0.647149	366	2699.000000	0		false	false	
56	OR836606_1__73311-74813-__WRM43423_1	LY01	OR455461_1__177982-179535-__WNX97802_1	AH12	0.646149	341	2670.000000	1	1:1	true	false	0.543750
56	OR836606_1__73311-74813-__WRM43423_1	LY01	MW349128_1__219310-220863+__QQO92593_1	Machias	0.642307	360	2654.000000	0		false	false	
56	OR836606_1__73311-74813-__WRM43423_1	LY01	OR770614_1__150938-152491-__WPH64254_1	PB50	0.643625	384	2658.000000	0		false	false	
56	LC680885_1__167556-169058+__BDE75684_1	S6	OR455461_1__177982-179535-__WNX97802_1	AH12	0.653407	369	2710.000000	0		false	false	
56	LC680885_1__167556-169058+__BDE75684_1	S6	MW349128_1__219310-220863+__QQO92593_1	Machias	0.646007	368	2658.000000	1	1:1	true	false	0.523179
56	LC680885_1__167556-169058+__BDE75684_1	S6	OR770614_1__150938-152491-__WPH64254_1	PB50	0.649215	376	2681.000000	0		false	false	
56	MN091626_1__24879-26381+__QDJ97640_1	PALS_2	OR455461_1__177982-179535-__WNX97802_1	AH12	0.657797	347	2734.000000	1	1:1	true	false	0.503311
56	MN091626_1__24879-26381+__QDJ97640_1	PALS_2	MW349128_1__219310-220863+__QQO92593_1	Machias	0.648274	370	2697.000000	2	2:2;3:3	false	true	0.518279
56	MN091626_1__24879-26381+__QDJ97640_1	PALS_2	OR770614_1__150938-152491-__WPH64254_1	PB50	0.650506	400	2709.000000	0		false	false	
56	MZ779063_1__125252-126754+__UAJ17040_1	UFV_DC4	OR455461_1__177982-179535-__WNX97802_1	AH12	0.650803	353	2710.000000	0		false	false	
56	MZ779063_1__125252-126754+__UAJ17040_1	UFV_DC4	MW349128_1__219310-220863+__QQO92593_1	Machias	0.645111	344	2651.000000	0		false	false	
56	MZ779063_1__125252-126754+__UAJ17040_1	UFV_DC4	OR770614_1__150938-152491-__WPH64254_1	PB50	0.647931	356	2676.000000	0		false	false	
57	MW218148_1__10647-12152+__QPI16926_1	SA1	OR455461_1__177982-179535-__WNX97802_1	AH12	0.637996	315	2521.000000	0		false	false	
57	MW218148_1__10647-12152+__QPI16926_1	SA1	MW349128_1__219310-220863+__QQO92593_1	Machias	0.635335	328	2498.000000	0		false	false	
57	MW218148_1__10647-12152+__QPI16926_1	SA1	OR770614_1__150938-152491-__WPH64254_1	PB50	0.629559	272	2486.000000	0		false	false	
57	MW248466_1__215089-216594+__QQM14740_1	MarsHill	OR455461_1__177982-179535-__WNX97802_1	AH12	0.651889	322	2677.000000	1	4:3	false	false	0.458647
57	MW248466_1__215089-216594+__QQM14740_1	MarsHill	MW349128_1__219310-220863+__QQO92593_1	Machias	0.649953	297	2667.000000	1	4:3	false	false	0.469697
57	MW248466_1__215089-216594+__QQM14740_1	MarsHill	OR770614_1__150938-152491-__WPH64254_1	PB50	0.649628	371	2679.000000	0		false	false	
57	MW349129_1__214290-215795+__QQO92858_1	Madawaska	OR455461_1__177982-179535-__WNX97802_1	AH12	0.649523	371	2700.000000	1	1:1	true	false	0.522581
57	MW349129_1__214290-215795+__QQO92858_1	Madawaska	MW349128_1__219310-220863+__QQO92593_1	Machias	0.647840	356	2677.000000	0		false	false	
57	MW349129_1__214290-215795+__QQO92858_1	Madawaska	OR770614_1__150938-152491-__WPH64254_1	PB50	0.647349	364	2688.000000	0		false	false	
57	OR836606_1__73311-74813-__WRM43423_1	LY01	OR455461_1__177982-179535-__WNX97802_1	AH12	0.642460	347	2649.000000	0		false	false	
57	OR836606_1__73311-74813-__WRM43423_1	LY01	MW349128_1__219310-220863+__QQO92593_1	Machias	0.644068	364	2669.000000	1	1:1	true	false	0.529412
57	OR836606_1__73311-74813-__WRM43423_1	LY01	OR770614_1__150938-152491-__WPH64254_1	PB50	0.641911	364	2668.000000	1	1:1	true	false	0.503311
57	LC680885_1__167556-169058+__BDE75684_1	S6	OR455461_1__177982-179535-__WNX97802_1	AH12	0.650015	369	2701.000000	0		false	false	
57	LC680885_1__167556-169058+__BDE75684_1	S6	MW349128_1__219310-220863+__QQO92593_1	Machias	0.639963	348	2646.000000	0		false	false	
57	LC680885_1__167556-169058+__BDE75684_1	S6	OR770614_1__150938-152491-__WPH64254_1	PB50	0.646187	360	2672.000000	0		false	false	
57	MN091626_1__24879-26381+__QDJ97640_1	PALS_2	OR455461_1__177982-179535-__WNX97802_1	AH12	0.653300	367	2740.000000	1	3:3	false	false	0.520000
57	MN091626_1__24879-26381+__QDJ97640_1	PALS_2	MW349128_1__219310-220863+__QQO92593_1	Machias	0.647961	404	2698.000000	1	4:3	false	false	0.451128
57	MN091626_1__24879-26381+__QDJ97640_1	PALS_2	OR770614_1__150938-152491-__WPH64254_1	PB50	0.656463	350	2739.000000	1	1:1	true	false	0.540000
57	MZ779063_1__125252-126754+__UAJ17040_1	UFV_DC4	OR455461_1__177982-179535-__WNX97802_1	AH12	0.650569	383	2702.000000	0		false	false	
57	MZ779063_1__125252-126754+__UAJ17040_1	UFV_DC4	MW349128_1__219310-220863+__QQO92593_1	Machias	0.644863	362	2665.000000	0		false	false	
57	MZ779063_1__125252-126754+__UAJ17040_1	UFV_DC4	OR770614_1__150938-152491-__WPH64254_1	PB50	0.645808	368	2681.000000	0		false	false	
58	MW218148_1__10647-12152+__QPI16926_1	SA1	OR455461_1__177982-179535-__WNX97802_1	AH12	0.634896	283	2505.000000	0		false	false	
58	MW218148_1__10647-12152+__QPI16926_1	SA1	MW349128_1__219310-220863+__QQO92593_1	Machias	0.636678	324	2505.000000	1	4:3	false	false	0.466667
58	MW218148_1__10647-12152+__QPI16926_1	SA1	OR770614_1__150938-152491-__WPH64254_1	PB50	0.633417	322	2497.000000	0		false	false	
58	MW248466_1__215089-216594+__QQM14740_1	MarsHill	OR455461_1__177982-179535-__WNX97802_1	AH12	0.651984	318	2680.000000	0		false	false	
58	MW248466_1__215089-216594+__QQM14740_1	MarsHill	MW349128_1__219310-220863+__QQO92593_1	Machias	0.653425	309	2674.000000	1	4:3	false	false	0.511450
58	MW248466_1__215089-216594+__QQM14740_1	MarsHill	OR770614_1__150938-152491-__WPH64254_1	PB50	0.651671	317	2677.000000	0		false	false	
58	MW349129_1__214290-215795+__QQO92858_1	Madawaska	OR455461_1__177982-179535-__WNX97802_1	AH12	0.651744	355	2702.000000	0		false	false	
58	MW349129_1__214290-215795+__QQO92858_1	Madawaska	MW349128_1__219310-220863+__QQO92593_1	Machias	0.647513	350	2671.000000	0		false	false	
58	MW349129_1__214290-215795+__QQO92858_1	Madawaska	OR770614_1__150938-152491-__WPH64254_1	PB50	0.650015	362	2701.000000	1	1:1	true	false	0.481481
58	OR836606_1__73311-74813-__WRM43423_1	LY01	OR455461_1__177982-179535-__WNX97802_1	AH12	0.644684	365	2659.000000	0		false	false	
58	OR836606_1__73311-74813-__WRM43423_1	LY01	MW349128_1__219310-220863+__QQO92593_1	Machias	0.644972	358	2667.000000	1	1:1	true	false	0.520000
58	OR836606_1__73311-74813-__WRM43423_1	LY01	OR770614_1__150938-152491-__WPH64254_1	PB50	0.642835	364	2657.000000	0		false	false	
58	LC680885_1__167556-169058+__BDE75684_1	S6	OR455461_1__177982-179535-__WNX97802_1	AH12	0.648233	393	2703.000000	1	2:2	false	true	0.533333
58	LC680885_1__167556-169058+__BDE75684_1	S6	MW349128_1__219310-220863+__QQO92593_1	Machias	0.643713	388	2673.000000	1	1:1	true	false	0.527027
58	LC680885_1__167556-169058+__BDE75684_1	S6	OR770614_1__150938-152491-__WPH64254_1	PB50	0.649507	370	2677.000000	0		false	false	
58	MN091626_1__24879-26381+__QDJ97640_1	PALS_2	OR455461_1__177982-179535-__WNX97802_1	AH12	0.650643	415	2733.000000	1	4:3	false	false	0.511278
58	MN091626_1__24879-26381+__QDJ97640_1	PALS_2	MW349128_1__219310-220863+__QQO92593_1	Machias	0.649025	344	2684.000000	0		false	false	
58	MN091626_1__24879-26381+__QDJ97640_1	PALS_2	OR770614_1__150938-152491-__WPH64254_1	PB50	0.652147	356	2724.000000	0		false	false	
58	MZ779063_1__125252-126754+__UAJ17040_1	UFV_DC4	OR455461_1__177982-179535-__WNX97802_1	AH12	0.653074	355	2709.000000	0		false	false	
58	MZ779063_1__125252-126754+__UAJ17040_1	UFV_DC4	MW349128_1__219310-220863+__QQO92593_1	Machias	0.645111	344	2639.000000	0		false	false	
58	MZ779063_1__125252-126754+__UAJ17040_1	UFV_DC4	OR770614_1__150938-152491-__WPH64254_1	PB50	0.649291	364	2693.000000	0		false	false	
59	MW218148_1__10647-12152+__QPI16926_1	SA1	OR455461_1__177982-179535-__WNX97802_1	AH12	0.639417	279	2526.000000	0		false	false	
59	MW218148_1__10647-12152+__QPI16926_1	SA1	MW349128_1__219310-220863+__QQO92593_1	Machias	0.635105	324	2510.000000	1	4:3	false	false	0.514706
59	MW218148_1__10647-12152+__QPI16926_1	SA1	OR770614_1__150938-152491-__WPH64254_1	PB50	0.634100	312	2507.000000	0		false	false	
59	MW248466_1__215089-216594+__QQM14740_1	MarsHill	OR455461_1__177982-179535-__WNX97802_1	AH12	0.647913	386	2649.000000	0		false	false	
59	MW248466_1__215089-216594+__QQM14740_1	MarsHill	MW349128_1__219310-220863+__QQO92593_1	Machias	0.646785	353	2647.000000	0		false	false	
59	MW248466_1__215089-216594+__QQM14740_1	MarsHill	OR770614_1__150938-152491-__WPH64254_1	PB50	0.647770	371	2661.000000	1	4:3	false	false	0.519084
59	MW349129_1__214290-215795+__QQO92858_1	Madawaska	OR455461_1__177982-179535-__WNX97802_1	AH12	0.645936	373	2686.000000	0		false	false	
59	MW349129_1__214290-215795+__QQO92858_1	Madawaska	MW349128_1__219310-220863+__QQO92593_1	Machias	0.648240	352	2679.000000	0		false	false	
59	MW349129_1__214290-215795+__QQO92858_1	Madawaska	OR770614_1__150938-152491-__WPH64254_1	PB50	0.651005	346	2695.000000	0		false	false	
59	OR836606_1__73311-74813-__WRM43423_1	LY01	OR455461_1__177982-179535-__WNX97802_1	AH12	0.646570	377	2659.000000	1	1:1	true	false	0.521739
59	OR836606_1__73311-74813-__WRM43423_1	LY01	MW349128_1__219310-220863+__QQO92593_1	Machias	0.644397	370	2667.000000	1	1:1	true	false	0.506579
59	OR836606_1__73311-74813-__WRM43423_1	LY01	OR770614_1__150938-152491-__WPH64254_1	PB50	0.646206	358	2667.000000	1	1:1	true	false	0.529801
59	LC680885_1__167556-169058+__BDE75684_1	S6	OR455461_1__177982-179535-__WNX97802_1	AH12	0.650479	349	2720.000000	0		false	false	
59	LC680885_1__167556-169058+__BDE75684_1	S6	MW349128_1__219310-220863+__QQO92593_1	Machias	0.641736	380	2654.000000	0		false	false	
59	LC680885_1__167556-169058+__BDE75684_1	S6	OR770614_1__150938-152491-__WPH64254_1	PB50	0.647696	348	2697.000000	0		false	false	
59	MN091626_1__24879-26381+__QDJ97640_1	PALS_2	OR455461_1__177982-179535-__WNX97802_1	AH12	0.652563	359	2737.000000	0		false	false	
59	MN091626_1__24879-26381+__QDJ97640_1	PALS_2	MW349128_1__219310-220863+__QQO92593_1	Machias	0.646623	368	2704.000000	0		false	false	
59	MN091626_1__24879-26381+__QDJ97640_1	PALS_2	OR770614_1__150938-152491-__WPH64254_1	PB50	0.650759	336	2713.000000	0		false	false	
59	MZ779063_1__125252-126754+__UAJ17040_1	UFV_DC4	OR455461_1__177982-179535-__WNX97802_1	AH12	0.652589	369	2727.000000	1	1:1	true	false	0.503311
59	MZ779063_1__125252-126754+__UAJ17040_1	UFV_DC4	MW349128_1__219310-220863+__QQO92593_1	Machias	0.644932	352	2653.000000	0		false	false	
59	MZ779063_1__125252-126754+__UAJ17040_1	UFV_DC4	OR770614_1__150938-152491-__WPH64254_1	PB50	0.648382	370	2699.000000	1	1:1	true	false	0.513158
60	MW218148_1__10647-12152+__QPI16926_1	SA1	OR455461_1__177982-179535-__WNX97802_1	AH12	0.640467	303	2535.000000	1	4:3	false	false	0.507692
60	MW218148_1__10647-12152+__QPI16926_1	SA1	MW349128_1__219310-220863+__QQO92593_1	Machias	0.634432	274	2493.000000	0		false	false	
60	MW218148_1__10647-12152+__QPI16926_1	SA1	OR770614_1__150938-152491-__WPH64254_1	PB50	0.633816	318	2507.000000	0		false	false	
60	MW248466_1__215089-216594+__QQM14740_1	MarsHill	OR455461_1__177982-179535-__WNX97802_1	AH12	0.654784	312	2680.000000	0		false	false	
60	MW248466_1__215089-216594+__QQM14740_1	MarsHill	MW349128_1__219310-220863+__QQO92593_1	Machias	0.646163	353	2669.000000	0		false	false	
60	MW248466_1__215089-216594+__QQM14740_1	MarsHill	OR770614_1__150938-152491-__WPH64254_1	PB50	0.650576	337	2656.000000	0		false	false	
60	MW349129_1__214290-215795+__QQO92858_1	Madawaska	OR455461_1__177982-179535-__WNX97802_1	AH12	0.651571	369	2711.000000	0		false	false	
60	MW349129_1__214290-215795+__QQO92858_1	Madawaska	MW349128_1__219310-220863+__QQO92593_1	Machias	0.652160	356	2715.000000	1	1:1	true	false	0.519737
60	MW349129_1__214290-215795+__QQO92858_1	Madawaska	OR770614_1__150938-152491-__WPH64254_1	PB50	0.645744	408	2697.000000	1	3:3	false	false	0.554839
60	OR836606_1__73311-74813-__WRM43423_1	LY01	OR455461_1__177982-179535-__WNX97802_1	AH12	0.644225	351	2648.000000	0		false	false	
60	OR836606_1__73311-74813-__WRM43423_1	LY01	MW349128_1__219310-220863+__QQO92593_1	Machias	0.643583	372	2668.000000	1	1:1	true	false	0.538961
60	OR836606_1__73311-74813-__WRM43423_1	LY01	OR770614_1__150938-152491-__WPH64254_1	PB50	0.647365	402	2671.000000	0		false	false	
60	LC680885_1__167556-169058+__BDE75684_1	S6	OR455461_1__177982-179535-__WNX97802_1	AH12	0.649907	367	2699.000000	0		false	false	
60	LC680885_1__167556-169058+__BDE75684_1	S6	MW349128_1__219310-220863+__QQO92593_1	Machias	0.644923	382	2658.000000	2	2:2;3:3	false	true	0.515514
60	LC680885_1__167556-169058+__BDE75684_1	S6	OR770614_1__150938-152491-__WPH64254_1	PB50	0.645640	350	2666.000000	0		false	false	
60	MN091626_1__24879-26381+__QDJ97640_1	PALS_2	OR455461_1__177982-179535-__WNX97802_1	AH12	0.657072	345	2746.000000	0		false	false	
60	MN091626_1__24879-26381+__QDJ97640_1	PALS_2	MW349128_1__219310-220863+__QQO92593_1	Machias	0.651783	332	2701.000000	0		false	false	
60	MN091626_1__24879-26381+__QDJ97640_1	PALS_2	OR770614_1__150938-152491-__WPH64254_1	PB50	0.647239	402	2690.000000	1	2:2	false	true	0.486842
60	MZ779063_1__125252-126754+__UAJ17040_1	UFV_DC4	OR455461_1__177982-179535-__WNX97802_1	AH12	0.652765	355	2714.000000	0		false	false	
60	MZ779063_1__125252-126754+__UAJ17040_1	UFV_DC4	MW349128_1__219310-220863+__QQO92593_1	Machias	0.643756	398	2671.000000	2	1:1;2:2	true	true	0.508370
60	MZ779063_1__125252-126754+__UAJ17040_1	UFV_DC4	OR770614_1__150938-152491-__WPH64254_1	PB50	0.647167	376	2678.000000	0		false	false	
61	MW218148_1__10647-12152+__QPI16926_1	SA1	OR455461_1__177982-179535-__WNX97802_1	AH12	0.635816	277	2511.000000	0		false	false	
61	MW218148_1__10647-12152+__QPI16926_1	SA1	MW349128_1__219310-220863+__QQO92593_1	Machias	0.632293	308	2480.000000	0		false	false	
61	MW218148_1__10647-12152+__QPI16926_1	SA1	OR770614_1__150938-152491-__WPH64254_1	PB50	0.634835	270	2479.000000	0		false	false	
61	MW248466_1__215089-216594+__QQM14740_1	MarsHill	OR455461_1__177982-179535-__WNX97802_1	AH12	0.655334	328	2693.000000	1	4:3	false	false	0.526316
61	MW248466_1__215089-216594+__QQM14740_1	MarsHill	MW349128_1__219310-220863+__QQO92593_1	Machias	0.653304	301	2677.000000	0		false	false	
61	MW248466_1__215089-216594+__QQM14740_1	MarsHill	OR770614_1__150938-152491-__WPH64254_1	PB50	0.657509	321	2687.000000	1	4:3	false	false	0.454545
61	MW349129_1__214290-215795+__QQO92858_1	Madawaska	OR455461_1__177982-179535-__WNX97802_1	AH12	0.647185	379	2697.000000	1	3:3	false	false	0.546053
61	MW349129_1__214290-215795+__QQO92858_1	Madawaska	MW349128_1__219310-220863+__QQO92593_1	Machias	0.649752	340	2704.000000	0		false	false	
61	MW349129_1__214290-215795+__QQO92858_1	Madawaska	OR770614_1__150938-152491-__WPH64254_1	PB50	0.647059	370	2680.000000	0		false	false	
61	OR836606_1__73311-74813-__WRM43423_1	LY01	OR455461_1__177982-179535-__WNX97802_1	AH12	0.642923	389	2657.000000	1	4:3	false	false	0.488550
61	OR836606_1__73311-74813-__WRM43423_1	LY01	MW349128_1__219310-220863+__QQO92593_1	Machias	0.644753	354	2663.000000	0		false	false	
61	OR836606_1__73311-74813-__WRM43423_1	LY01	OR770614_1__150938-152491-__WPH64254_1	PB50	0.643430	358	2668.000000	1	1:1	true	false	0.455782
61	LC680885_1__167556-169058+__BDE75684_1	S6	OR455461_1__177982-179535-__WNX97802_1	AH12	0.644874	399	2697.000000	1	3:3	false	false	0.479452
61	LC680885_1__167556-169058+__BDE75684_1	S6	MW349128_1__219310-220863+__QQO92593_1	Machias	0.646405	364	2648.000000	1	1:1	true	false	0.548387
61	LC680885_1__167556-169058+__BDE75684_1	S6	OR770614_1__150938-152491-__WPH64254_1	PB50	0.649291	366	2665.000000	1	1:1	true	false	0.522876
61	MN091626_1__24879-26381+__QDJ97640_1	PALS_2	OR455461_1__177982-179535-__WNX97802_1	AH12	0.649938	379	2725.000000	2	2:2;3:3	false	true	0.506869
61	MN091626_1__24879-26381+__QDJ97640_1	PALS_2	MW349128_1__219310-220863+__QQO92593_1	Machias	0.650990	346	2696.000000	1	1:1	true	false	0.486301
61	MN091626_1__24879-26381+__QDJ97640_1	PALS_2	OR770614_1__150938-152491-__WPH64254_1	PB50	0.650139	336	2699.000000	0		false	false	
61	MZ779063_1__125252-126754+__UAJ17040_1	UFV_DC4	OR455461_1__177982-179535-__WNX97802_1	AH12	0.648257	363	2682.000000	0		false	false	
61	MZ779063_1__125252-126754+__UAJ17040_1	UFV_DC4	MW349128_1__219310-220863+__QQO92593_1	Machias	0.645949	348	2649.000000	0		false	false	
61	MZ779063_1__125252-126754+__UAJ17040_1	UFV_DC4	OR770614_1__150938-152491-__WPH64254_1	PB50	0.645221	408	2694.000000	1	2:2	false	true	0.536913
62	MW218148_1__10647-12152+__QPI16926_1	SA1	OR455461_1__177982-179535-__WNX97802_1	AH12	0.637953	259	2519.000000	0		false	false	
62	MW218148_1__10647-12152+__QPI16926_1	SA1	MW349128_1__219310-220863+__QQO92593_1	Machias	0.634077	328	2486.000000	0		false	false	
62	MW218148_1__10647-12152+__QPI16926_1	SA1	OR770614_1__150938-152491-__WPH64254_1	PB50	0.634676	322	2497.000000	0		false	false	
62	MW248466_1__215089-216594+__QQM14740_1	MarsHill	OR455461_1__177982-179535-__WNX97802_1	AH12	0.647844	362	2649.000000	0		false	false	
62	MW248466_1__215089-216594+__QQM14740_1	MarsHill	MW349128_1__219310-220863+__QQO92593_1	Machias	0.652609	317	2674.000000	0		false	false	
62	MW248466_1__215089-216594+__QQM14740_1	MarsHill	OR770614_1__150938-152491-__WPH64254_1	PB50	0.653834	357	2685.000000	0		false	false	
62	MW349129_1__214290-215795+__QQO92858_1	Madawaska	OR455461_1__177982-179535-__WNX97802_1	AH12	0.649892	355	2696.000000	0		false	false	
62	MW349129_1__214290-215795+__QQO92858_1	Madawaska	MW349128_1__219310-220863+__QQO92593_1	Machias	0.646768	342	2688.000000	0		false	false	
62	MW349129_1__214290-215795+__QQO92858_1	Madawaska	OR770614_1__150938-152491-__WPH64254_1	PB50	0.647805	344	2679.000000	0		false	false	
62	OR836606_1__73311-74813-__WRM43423_1	LY01	OR455461_1__177982-179535-__WNX97802_1	AH12	0.642261	349	2632.000000	0		false	false	
62	OR836606_1__73311-74813-__WRM43423_1	LY01	MW349128_1__219310-220863+__QQO92593_1	Machias	0.643165	370	2651.000000	0		false	false	
62	OR836606_1__73311-74813-__WRM43423_1	LY01	OR770614_1__150938-152491-__WPH64254_1	PB50	0.644588	396	2681.000000	1	4:3	false	false	0.488550
62	LC680885_1__167556-169058+__BDE75684_1	S6	OR455461_1__177982-179535-__WNX97802_1	AH12	0.651141	367	2695.000000	1	1:1	true	false	0.516340
62	LC680885_1__167556-169058+__BDE75684_1	S6	MW349128_1__219310-220863+__QQO92593_1	Machias	0.643342	370	2657.000000	0		false	false	
62	LC680885_1__167556-169058+__BDE75684_1	S6	OR770614_1__150938-152491-__WPH64254_1	PB50	0.648114	350	2666.000000	0		false	false	
62	MN091626_1__24879-26381+__QDJ97640_1	PALS_2	OR455461_1__177982-179535-__WNX97802_1	AH12	0.658642	363	2766.000000	1	1:1	true	false	0.531646
62	MN091626_1__24879-26381+__QDJ97640_1	PALS_2	MW349128_1__219310-220863+__QQO92593_1	Machias	0.650588	350	2710.000000	1	1:1	true	false	0.490066
62	MN091626_1__24879-26381+__QDJ97640_1	PALS_2	OR770614_1__150938-152491-__WPH64254_1	PB50	0.650584	390	2705.000000	1	2:2	false	true	0.519737
62	MZ779063_1__125252-126754+__UAJ17040_1	UFV_DC4	OR455461_1__177982-179535-__WNX97802_1	AH12	0.650755	375	2716.000000	0		false	false	
62	MZ779063_1__125252-126754+__UAJ17040_1	UFV_DC4	MW349128_1__219310-220863+__QQO92593_1	Machias	0.645601	336	2664.000000	0		false	false	
62	MZ779063_1__125252-126754+__UAJ17040_1	UFV_DC4	OR770614_1__150938-152491-__WPH64254_1	PB50	0.645240	414	2685.000000	1	2:2	false	true	0.519737
63	MW218148_1__10647-12152+__QPI16926_1	SA1	OR455461_1__177982-179535-__WNX97802_1	AH12	0.635676	313	2526.000000	0		false	false	
63	MW218148_1__10647-12152+__QPI16926_1	SA1	MW349128_1__219310-220863+__QQO92593_1	Machias	0.632390	326	2473.000000	0		false	false	
63	MW218148_1__10647-12152+__QPI16926_1	SA1	OR770614_1__150938-152491-__WPH64254_1	PB50	0.633511	340	2498.000000	1	4:3	false	false	0.481203
63	MW248466_1__215089-216594+__QQM14740_1	MarsHill	OR455461_1__177982-179535-__WNX97802_1	AH12	0.646840	372	2660.000000	0		false	false	
63	MW248466_1__215089-216594+__QQM14740_1	MarsHill	MW349128_1__219310-220863+__QQO92593_1	Machias	0.648142	321	2669.000000	0		false	false	
63	MW248466_1__215089-216594+__QQM14740_1	MarsHill	OR770614_1__150938-152491-__WPH64254_1	PB50	0.654710	327	2687.000000	1	4:3	false	false	0.492647
63	MW349129_1__214290-215795+__QQO92858_1	Madawaska	OR455461_1__177982-179535-__WNX97802_1	AH12	0.647853	397	2704.000000	0		false	false	
63	MW349129_1__214290-215795+__QQO92858_1	Madawaska	MW349128_1__219310-220863+__QQO92593_1	Machias	0.645410	368	2675.000000	1	1:1	true	false	0.500000
63	MW349129_1__214290-215795+__QQO92858_1	Madawaska	OR770614_1__150938-152491-__WPH64254_1	PB50	0.649291	360	2681.000000	1	1:1	true	false	0.490446
63	OR836606_1__73311-74813-__WRM43423_1	LY01	OR455461_1__177982-179535-__WNX97802_1	AH12	0.647988	335	2653.000000	1	4:3	false	false	0.503817
63	OR836606_1__73311-74813-__WRM43423_1	LY01	MW349128_1__219310-220863+__QQO92593_1	Machias	0.639975	368	2643.000000	0		false	false	
63	OR836606_1__73311-74813-__WRM43423_1	LY01	OR770614_1__150938-152491-__WPH64254_1	PB50	0.646968	372	2681.000000	1	1:1	true	false	0.519231
63	LC680885_1__167556-169058+__BDE75684_1	S6	OR455461_1__177982-179535-__WNX97802_1	AH12	0.649199	371	2722.000000	0		false	false	
63	LC680885_1__167556-169058+__BDE75684_1	S6	MW349128_1__219310-220863+__QQO92593_1	Machias	0.643473	378	2670.000000	0		false	false	
63	LC680885_1__167556-169058+__BDE75684_1	S6	OR770614_1__150938-152491-__WPH64254_1	PB50	0.646914	362	2672.000000	0		false	false	
63	MN091626_1__24879-26381+__QDJ97640_1	PALS_2	OR455461_1__177982-179535-__WNX97802_1	AH12	0.653680	351	2752.000000	0		false	false	
63	MN091626_1__24879-26381+__QDJ97640_1	PALS_2	MW349128_1__219310-220863+__QQO92593_1	Machias	0.651501	344	2716.000000	1	1:1	true	false	0.503268
63	MN091626_1__24879-26381+__QDJ97640_1	PALS_2	OR770614_1__150938-152491-__WPH64254_1	PB50	0.650155	342	2710.000000	0		false	false	
63	MZ779063_1__125252-126754+__UAJ17040_1	UFV_DC4	OR455461_1__177982-179535-__WNX97802_1	AH12	0.651478	377	2708.000000	0		false	false	
63	MZ779063_1__125252-126754+__UAJ17040_1	UFV_DC4	MW349128_1__219310-220863+__QQO92593_1	Machias	0.643497	354	2660.000000	0		false	false	
63	MZ779063_1__125252-126754+__UAJ17040_1	UFV_DC4	OR770614_1__150938-152491-__WPH64254_1	PB50	0.650324	366	2696.000000	0		false	false	
64	MW218148_1__10647-12152+__QPI16926_1	SA1	OR455461_1__177982-179535-__WNX97802_1	AH12	0.632557	319	2511.000000	0		false	false	
64	MW218148_1__10647-12152+__QPI16926_1	SA1	MW349128_1__219310-220863+__QQO92593_1	Machias	0.628652	332	2472.000000	0		false	false	
64	MW218148_1__10647-12152+__QPI16926_1	SA1	OR770614_1__150938-152491-__WPH64254_1	PB50	0.633103	322	2494.000000	0		false	false	
64	MW248466_1__215089-216594+__QQM14740_1	MarsHill	OR455461_1__177982-179535-__WNX97802_1	AH12	0.651487	372	2669.000000	0		false	false	
64	MW248466_1__215089-216594+__QQM14740_1	MarsHill	MW349128_1__219310-220863+__QQO92593_1	Machias	0.650759	369	2669.000000	0		false	false	
64	MW248466_1__215089-216594+__QQM14740_1	MarsHill	OR770614_1__150938-152491-__WPH64254_1	PB50	0.655496	301	2670.000000	1	4:3	false	false	0.503817
64	MW349129_1__214290-215795+__QQO92858_1	Madawaska	OR455461_1__177982-179535-__WNX97802_1	AH12	0.648250	393	2698.000000	0		false	false	
64	MW349129_1__214290-215795+__QQO92858_1	Madawaska	MW349128_1__219310-220863+__QQO92593_1	Machias	0.646786	348	2683.000000	0		false	false	
64	MW349129_1__214290-215795+__QQO92858_1	Madawaska	OR770614_1__150938-152491-__WPH64254_1	PB50	0.646950	368	2686.000000	1	1:1	true	false	0.515723
64	OR836606_1__73311-74813-__WRM43423_1	LY01	OR455461_1__177982-179535-__WNX97802_1	AH12	0.643210	355	2640.000000	0		false	false	
64	OR836606_1__73311-74813-__WRM43423_1	LY01	MW349128_1__219310-220863+__QQO92593_1	Machias	0.639642	362	2653.000000	0		false	false	
64	OR836606_1__73311-74813-__WRM43423_1	LY01	OR770614_1__150938-152491-__WPH64254_1	PB50	0.642637	366	2640.000000	0		false	false	
64	LC680885_1__167556-169058+__BDE75684_1	S6	OR455461_1__177982-179535-__WNX97802_1	AH12	0.649583	361	2705.000000	0		false	false	
64	LC680885_1__167556-169058+__BDE75684_1	S6	MW349128_1__219310-220863+__QQO92593_1	Machias	0.646149	348	2658.000000	0		false	false	
64	LC680885_1__167556-169058+__BDE75684_1	S6	OR770614_1__150938-152491-__WPH64254_1	PB50	0.649367	356	2677.000000	0		false	false	
64	MN091626_1__24879-26381+__QDJ97640_1	PALS_2	OR455461_1__177982-179535-__WNX97802_1	AH12	0.658755	371	2767.000000	1	1:1	true	false	0.541935
64	MN091626_1__24879-26381+__QDJ97640_1	PALS_2	MW349128_1__219310-220863+__QQO92593_1	Machias	0.646950	340	2678.000000	0		false	false	
64	MN091626_1__24879-26381+__QDJ97640_1	PALS_2	OR770614_1__150938-152491-__WPH64254_1	PB50	0.655098	336	2731.000000	1	1:1	true	false	0.533784
64	MZ779063_1__125252-126754+__UAJ17040_1	UFV_DC4	OR455461_1__177982-179535-__WNX97802_1	AH12	0.648532	351	2707.000000	0		false	false	
64	MZ779063_1__125252-126754+__UAJ17040_1	UFV_DC4	MW349128_1__219310-220863+__QQO92593_1	Machias	0.644733	354	2656.000000	0		false	false	
64	MZ779063_1__125252-126754+__UAJ17040_1	UFV_DC4	OR770614_1__150938-152491-__WPH64254_1	PB50	0.644472	428	2676.000000	0		false	false	
